"州名","見出し","現行地","統一新羅地名","景徳王以前地名","三国史記編纂時地名","音韻データ","アイヌ語解釈","出典"
"良州","良州","梁山市","良州","歃良州","梁州","随唐音：「歃」ʂ ăp／ʃ ɐp／ʃ ɐp／ʂ æp／ṣ ăp／ʃ ɐp
随唐音：「良」l i̯aŋ／l ǐaŋ／l jɑŋ／l iɑŋ／l jang／l ǐɑŋ
随唐音：「梁」l i̯aŋ／ll ǐaŋ／ll jɑŋ／ll iɑŋ／ll jang／ll ǐɑŋ","アイヌ語：「歃良（州）」＝
「サプ・リ・アゥ・ウン(sap-ri-aw-un)」＝「山から浜に出る、前にある・高い・角、枝分かれ・にある（ところ）」
アイヌ語：「良（州）」
＝
「リ・アゥ・ウン(ri-aw-un)」＝「高い・角、枝分かれ・にある（ところ）」
アイヌ語：「梁（州）」
＝
「リ・アゥ・ウン(ri-aw-un)」＝「高い・角、枝分かれ・にある（ところ）」","jomon2_bnum59.html"
"良州","𧖃陽県","蔚山広域市 蔚州郡 彦陽邑","𧖃陽県","居知火県","𧖃陽県","上古音：「居」k i̯o／k ǐa／k jaɡ／k jaɣ／k jag
上古音：「知」t i̯ĕɡ／t ǐe／t jeɡ／t ieɣ／t rig
上古音：「火」x wɑr／h uəi／x uə̂r／x wə／hw ərx
随唐音：「蜟（𧖃の異体字）」j ǐuk／0 juk／0 iuk／ji uk／0 ǐok
随唐音：「陽」0 i̯aŋ／j ǐaŋ／0 jɑŋ／0 iɑŋ／ji ang／0 ǐɑŋ","アイヌ語：「居知火（県）」
＝「キル・オ・テュ・エ・エン・ハィ(kir-o-tu-e-en-hay)」＝「山脚が・たくさんある・峰が・そこで・突き出ている・カジキマグロの顎（のような鋭く尖った峰）」
or「キル・アゥ・ウン・テュ・エ・エン・ハィ(kir-aw-un-tu-e-en-hay)」＝「山脚の・角、枝分かれ・にある・峰が・そこで・突き出ている・カジキマグロの顎（のような鋭く尖った峰）」
アイヌ語：「𧖃陽（県）」＝「イク・イ・アゥ・ウン(ik-i-aw-un)」＝「関節の（ように曲がった）・その・角、枝分かれ・にある（ところ）」※峰が曲がっている様子。","jomon2_bnum59.html"
"良州","金官小京","金海市","金海","金官／伽落国／伽耶","金州","上古音：「金」k i̯əm／k ǐəm／k jəm／k iəm／k jəm
上古音：「官」k wɑn／k uan／k uɑn／k wan／kw an
上古音：「伽」- -／- -／- -／- -／- -
上古音：「加」k a／k eai／k a／k ra／k rar
上古音：「落」ɡl ɑk／l ak／- -／l ak／gl ak
〈参考〉上古音：「羅」l ɑ／l ai／l ɑ／l a／l ar
上古音：「耶」z i̯ɔ／ʎ ia／- -／ɣr aɣ／- -
随唐音：「金」k i̯əm／k ǐěm／k jem／k iem／k jəm／k ǐəm
随唐音：「海」x ɑ̆i／h ɒi／x Ai／x əi／x ậi／x əi","アイヌ語：「金官」
＝「キル・アム・ク・アン(kir-am-ku-an)」＝「山脚の・爪の（ように平べったく鋭い峰の）・矢（先のような形の峰）・がある（ところ）」
or「キム・ク・アン(kim-ku-an)」＝「山の・矢（先のような形の峰）・がある（ところ）」
アイヌ語：「加落（国）」
＝
「ク・アゥ・ル・アク(ku-aw-ru-ak)」＝「矢（先のような形の峰）の・角、枝分かれの・消えかかった・矢（先のような形の峰）」
or「カ・ラケ(ka-rake)」＝「岸辺の・低地」＝加落
アイヌ語：「加耶」
＝
「ク・アゥ・イ・アゥ(ku-aw-i-aw)」＝「矢（先のような形の峰）の・角、枝分かれ・その・角、枝分かれ」
or「カ・ヤ(ka-ya)」＝「岸辺の・山手の方」
アイヌ語：「加羅」
＝
「ク・アゥ・ル・アゥ(ku-aw-ru-aw)」＝「矢（先のような形の峰）の・角、枝分かれ・消えかかった・角、枝分かれ」
or「カ・ラ(ka-ra)」＝「岸辺の・低地」＝加落
アイヌ語：「金海」
＝
「キル・アム・ハィ(kir-am-hay)」＝「山脚の・爪の（ように平べったく鋭い峰の）・カジキマグロの顎（のような突き出した峰）」
or
「キム・ハィ(kim-hay)」＝「山の・カジキマグロの顎（のような突き出した峰）」
or「キム・ヘ(kim-he)」＝「山の・頭、上手」
アイヌ語：「金（州）」
＝
「キル・アム(kir-am)」＝「山脚の・爪（のように平べったく鋭い峰）」
or「キム(kim)」＝「山」","jomon2_bnum59.html"
"良州","義安郡","昌原市","義安郡","屈自郡","義安郡","上古音：「屈」kʰ i̯wət／kʰ ǐwət／kʰ juə̆t／kʰ jwət／khw jət
上古音：「自」- -／z ǐei／dzʰ jed／dz jie／dz jidh
随唐音：「義」ŋ jie／ŋ ǐe／ŋ jĕ／- ie／ng jĕ／ŋ ǐɛ
随唐音：「安」ʔ ɑn／0 ɑn／ʔ ɑn／ʔ ɑn／· ân／ʔ ɑn","アイヌ語：「屈自（郡）」
＝「キル・アッ・チゥ・エ・エン(kir-at-ciw-e-en)」＝「山脚が・たくさんある・水流、水脈が・そこで・突き出ている（ところ）」
アイヌ語：「義安（郡）」
＝
「キル・イ・アゥ・ウン(kir-i-aw-un)」＝「山脚・その・角、枝分かれ・にある（ところ）」 ※昌原市の盆地に突き出た岬。","jomon2_bnum59.html"
"良州","漆隄県","慶尚南道 咸安郡漆原邑","漆隄県","漆吐県","漆園県","上古音：「漆」tsʰ i̯ĕt／tsʰ ǐet／tsʰ jet／tsʰ jiet／tsh jit
上古音：「吐」tʰ o／tʰ a／tʰ ɑɡ／tʰ aɣ／th agx
随唐音：「漆」tsʰ i̯ĕt／tsʰ ǐět／tsʰ jet／tsʰ iɪt／tsh jĕt／tsʰ ǐet
随唐音：「隄」t iei／t iei／t iɛi／t iɛi／t iei／t iei
随唐音：「園」ɡ i̯wăn ／ɣ ǐwan／ɣ juăn／ɣ jwan／gw jan","アイヌ語：「漆吐（県）」＝「チッ・タ(cit-ta)」＝「膣の（ような形の峰）・の方」
アイヌ語：「漆隄（県）」＝「チッ・テュ・エ・エン(cit-tu-e-en)」＝「膣の（ような形の）・峰が・そこで・突きでている（ところ）」
アイヌ語：「漆園（県）」＝「チッ・キル・ワ・アン(cit-kir-wa-an)」＝「膣の（ような形の）・山脚・に・ある（ところ）」","jomon2_bnum59.html"
"良州","合浦県","馬山市","合浦県","骨浦県","合浦県","上古音：「骨」k wət／k uət／k uə̂t／k wət／kw ət
上古音：「浦」pʰ wo／pʰ ua／pʰ uɑɡ／pʰ waɣ／ph agx
随唐音：「合」ɣ ɑ̆p／ɣ ɒp／ɣ Ap／ɣ əp／ɣ ập／ɣ əp
随唐音：「浦」pʰ uo／pʰ u／pʰ uo／pʰ uo／ph uo／pʰ u","アイヌ語：「骨浦（県）」
＝「キル・アッ・プ・アゥ(kir-at-pu-aw)」＝「山脚が・たくさんある・倉（の屋根のような三角山）の・角、枝分かれ」
or「キル・アッ・プ・アク(kir-at-pu-ak)」＝「山脚が・たくさんある・倉（の屋根のような三角山）の・弟（のように小さいもの）」
アイヌ語：「合浦（県）」
＝「カプ・プ・オ(kap-pu-o)」＝「薄っぺらな・倉（の屋根のような三角山）が・たくさんある（ところ）」","jomon2_bnum59.html"
"良州","熊神県","慶尚南道 昌原市 鎮海区","熊神県","熊只県","熊神県","上古音：「熊」ɡ i̯um／ɣ ǐwəŋ／ɣ juə̆ŋ／ɣ jwəŋ／gw jəm
上古音：「只」tɕ i̯ĕɡ／ȶ ǐe／c jeɡ／t jieɣ／k rjigx
随唐音：「熊」j i̯uŋ／ɣ ǐuŋ／ɣ juŋ／j iuŋ／j ung／j ǐoŋ
随唐音：「神」dʑʰ i̯ĕn／dʑ ǐěn／dʑʰ jen／ʑ iɪn／dź jĕn／dʑʰ ǐen","アイヌ語：「熊只（県）」＝「キル・ワ・アン・テュ・エ・エン(kir-wa-an-tu-e-en)」＝「山脚・に・ある・峰が・そこで・突き出ている（ところ）」
アイヌ語：「熊神（県）」＝「キル・ウン・テュ・エ・エン(kir-un-tu-e-en)」＝「山脚・にある・峰が・そこで・突き出ている（ところ）」","jomon2_bnum59.html"
"良州","密城郡","密陽市","密城郡","推火郡","密城郡","上古音：「推」tʰ wər／tʰ uəi／tʰ uə̂d／tʰ wər／th əd
上古音：「火」x wɑr／h uəi／x uə̂r／x wə／hw ərx
随唐音：「密」m i̯ĕt／m ǐět／m jĕt／m iet／m jĕt／m ǐet
随唐音：「城」ʑ i̯ɛŋ／ʑ ǐɛŋ／ʑ jɛŋ／dʑ iæŋ／ź jäng／ʑ ǐɛŋ","アイヌ語：「推火（郡）」＝「テュ・アッ・ハィ(tu-at-hay)」＝「峰が・たくさんある・カジキマグロの顎（のように鋭く突き出た峰）」
アイヌ語：「密城（郡）」＝「ムィ・アッ・テュ・エ・エン(muy-at-tu-e-en)」＝「頂が・たくさんある・峰が・そこで・突き出ている（ところ）」","jomon2_bnum59.html"
"良州","尚藥県","慶尚南道 昌寧郡 霊山面","尚藥県","西火県","靈山県","上古音：「西」s iər／s iei／s ied／s er／s id
上古音：「火」x wɑr／h uəi／x uə̂r／x wə／hw ərx
随唐音：「尚」ʑ i̯aŋ／ʑ ǐaŋ／ʑ jɑŋ／dʑ iɑŋ／ź jang／ʑ ǐɑŋ
随唐音：「藥」0 i̯ak／j ǐak／0 jɑk／0 iɑk／ji ak／0 ǐɑk
随唐音：「靈」l ieŋ／l ieŋ／l ieŋ／l iɛŋ／l ieng／l ieŋ
随唐音：「山」ʂ ăn／ʃ æn／ʃ æn／ʂ æn／ṣ ăn／ʃ ɐn","アイヌ語：「西火（県）」＝「シル・エ・エン・ハィ(sir-e-en-hay)」＝「山が・そこで・突き出ている・カジキマグロの顎（のように突き出たもの）」
アイヌ語：「尚藥（県）」＝「テュ・アゥ・ウン・イ・アク(tu-aw-un-i-ak)」＝「峰の・角、枝分かれ・にある・その・弟（ように小さいもの）or矢を射る（ところ）」
アイヌ語：「靈山（県）」＝「リ・エン・シル・エ・エン(ri-en-sir-e-en)」＝「高く・突き出ている・山が・そこで・突き出ている（ところ）」","jomon2_bnum59.html"
"良州","密津県","慶尚南道 昌寧郡 都泉面","密津県（or竹山）／密津県／竹山","推浦県","未詳","上古音：「推」tʰ wər／tʰ uəi／tʰ uə̂d／tʰ wər／th əd
上古音：「浦」pʰ wo／pʰ ua／pʰ uɑɡ／pʰ waɣ／ph agx
随唐音：「密」m i̯ĕt／m ǐět／m jĕt／m iet／m jĕt／m ǐet
随唐音：「津」ts i̯ĕn／ts ǐěn／ts jen／ts iɪn／ts jĕn／ts ǐen
随唐音：「竹」ȶ i̯uk／ȶ ǐuk／ȶ juk／ʈ iuk／ṭ juk／ȶ ǐok
随唐音：「山」ʂ ăn／ʃ æn／ʃ æn／ʂ æn／ṣ ăn／ʃ ɐn","アイヌ語：「推浦（県）」＝「テュ・エ・エン・プ・アゥ(tu-e-en-pu-aw)」＝「峰が・そこで・突き出ている・倉の（屋根のような三角山）・角、枝分かれ」
アイヌ語：「密津（県）」＝「ムィ・アッ・テュ・エ・エン(muy-at-tu-e-en)」＝「頭が・たくさんある・峰が・そこで・突き出ている（ところ）」
アイヌ語：「竹山（県）」＝「テュク・シル・エ・エン(tuk-sir-e-en)」＝「小山の・山が・そこで・突き出ている（ところ）」","jomon2_bnum59.html"
"良州","烏丘山県","慶尚北道 清道郡 清道邑 楡湖里、内湖里","烏丘山県","烏也山県（or仇道or烏礼山）／烏也山県／仇道／烏礼山","清道郡に合併","上古音：「烏」ʔ o／0 a／ʔ ɑɡ／ʔ aɣ／· ag
上古音：「也」d i̯a／ʎ iai／d jă／r aɣ／r iagx
上古音：「山」s ăn／ʃ ean／- -／s rian／s rian
上古音：「仇」ɡʰ -／g ǐu／ɡʰ jŏ／ɡ jə／ g jəgw
上古音：「道」dʰ -／d u／dʰ ô／d əw／d əgwx
上古音：「礼」l iər／l iei／l ied／l er／l idx
随唐音：「烏」ʔ uo／0 u／ʔ uo／ʔ uo／· uo／ʔ u
随唐音：「丘」kʰ i̯ə̯u／kʰ ǐəu／kʰ ju／kʰ iəu／kh jə̆u／kʰ ǐou
随唐音：「山」ʂ ăn／ʃ æn／ʃ æn／ʂ æn／ṣ ăn／ʃ ɐn","アイヌ語：「烏也山（県）」＝「アゥ・テュ・アゥ・シル・エ・エン(aw-tu-aw-sir-e-en)」＝「角、枝分れた・峰・角、枝分れた・山が・そこで・突き出ている（ところ）」
アイヌ語：「仇道」＝「キル・テュ(kir-tu)」＝「山脚の・峰」
アイヌ語：「烏礼山」
＝「アゥ・リ・エン・シル・エ・エン(aw-ri-en-sir-e-en)」＝「角、枝分かれが・高く・突き出ている（ところ）・山が・そこで・突き出ている（ところ）」
アイヌ語：「烏丘山（県）」＝「ウ・オ・キル・シル・エ・エン(u-o-kir-sir-e-en)」＝「互いに重なるように・たくさんある・山脚の・山が・そこで・突き出ている（ところ）」","jomon2_bnum59.html"
"良州","荆山県","慶尚北道 清道郡 清道邑","荆山県","驚山県","清道郡に合併","上古音：「驚」k i̯ĕŋ／k ǐeŋ／k jĕŋ／k ieŋ／k jing
上古音：「山」s ăn／ʃ ean／- -／s rian／s rian
随唐音：「荊」k i̯ɐŋ／k ǐɐŋ／k jɐŋ／k iaŋ／k jɐng／k ǐaŋ
随唐音：「山」ʂ ăn／ʃ æn／ʃ æn／ʂ æn／ṣ ăn／ʃ ɐn","アイヌ語：「驚山（県）」＝「キル・エ・エン・シル・エ・エン(kir-e-en-sir-e-en)」＝「山脚が・そこで・突き出ている（ところ）・山が・そこで・突き出ている（ところ）」
アイヌ語：「荆山（県）」＝「キル・アゥ・ウン・シル・エ・エン(kir-aw-un-sir-e-en)」＝「山脚の・角、枝分かれ・にある・山が・そこで・突き出ている（ところ）」","jomon2_bnum59.html"
"良州","蘇山県","慶尚北道 清道郡 梅田面","蘇山県","率己山県","清道郡に合併","上古音：「率」sl i̯wət／ʃ ǐwət／s uət／s iwət／sl jət
上古音：「己」k i̯əɡ／k ǐə／k jəɡ／k iəɣ／k jəgx
上古音：「山」s ăn／ʃ ean／- -／s rian／s rian
随唐音：「蘇」s uo／s u／s uo／s uo／s uo／s u
随唐音：「山」ʂ ăn／ʃ æn／ʃ æn／ʂ æn／ṣ ăn／ʃ ɐn","アイヌ語：「率己山（県）」
＝「シル・アッ・キル・エ・エン・シル・エ・エン(sir-at-kir-e-en-sir-e-en)」＝「山が・たくさんある・山脚が・そこで・突き出ている（ところ）・山が・そこで・突き出ている（ところ）」
アイヌ語：「蘇山（県）」
＝「シル・オ・シル・エ・エン(sir-o-sir-e-en)」＝「山が・たくさんある・山が・そこで・突き出ている（ところ）」","jomon2_bnum59.html"
"良州","火王郡","慶尚南道 昌寧郡 昌寧邑","火王郡","比自火郡（or比斯伐）／比自火郡／比斯伐","昌寧郡","上古音：「比」bʰ i̯ər／b ǐei／bʰ jed／b jier／b jid
上古音：「比」p i̯ər／p ǐei／p jed／p jier／p jidx
上古音：「自」- -／dz ǐei／dzʰ jed／dz jier／dz jidh
上古音：「火」x wɑr／h uəi／x uə̂r／x wə／hw ərx
上古音：「斯」s i̯ĕ／s ǐe／s jeɡ／s jieɣ／s jig
上古音：「伐」bʰ i̯wăt／b ǐwat／bʰ juăt／b jwat／b jat
随唐音：「火」x wɑr／h uəi／x uə̂r／x wə／hw ərx
随唐音：「王」j i̯waŋ／ɣ ǐwaŋ／ɣ juɑŋ／j iuɑŋ／j wang／j ǐuɑŋ
随唐音：「昌」tɕʰ i̯aŋ／tɕʰ ǐaŋ／tɕʰ jɑŋ／tɕʰ iɑŋ／tśh jang／tɕʰ ǐɑŋ
随唐音：「寧」n ieŋ／n ieŋ／n ieŋ／n iɛŋ／n ieng／n ieŋ","アイヌ語：「比自火（郡）」＝「ピ・エ・エン・テュ・エ・エン・ハィ(pi-e-en-tu-e-en-hay)」＝「岩が・そこで・突き出ている・峰が・そこで・突き出ている・カジキマグロの顎（のように天に鋭く突き出た岩）」
アイヌ語：「比斯伐」＝「ピ・エ・エン・シル・エ・エン・ピ・ウ・アッ(pi-e-en-sir-e-en-pi-u-at)」＝「石が・そこで・突き出ている・山が・そこで・突き出ている・石が・互いに重なるように・たくさんある（ところ）」
アイヌ語：「火王（郡）」
＝「ハィ・イェ・アゥ・ウン(hay-ye-aw-un)」＝「カジキマグロの顎の（ように天に鋭く突き出た）・岩の・角、枝分かれ・にある（ところ）」
アイヌ語：「昌寧（郡）」＝「テュ・アゥ・ウン・ニ・エ・エン(tu-aw-un-ni-e-en)」＝「峰の・角、枝分かれ・にある・棒（のように細長い峰）が・そこで・突き出ている（ところ）」","jomon2_bnum59.html"
"良州","玄驍県","大邱広域市 達城郡 玄風邑 玄風面","玄驍県","推良火県（or三良火）／推良火県／三良火","玄豊県","上古音：「推」tʰ wər／tʰ uəi／tʰ uə̂d／tʰ wər／th əd
上古音：「良」l i̯aŋ／l ǐaŋ／l jaŋ／l iaŋ／l jang
上古音：「火」x wɑr／h uəi／x uə̂r／x wə／hw ərx
上古音：「三」s əm／s əm／s ə̂m／s əm／s əm
随唐音：「玄」ɣ iwen／ɣ iwen／ɣ iuɛn／ɣ iuɛn／ɣ iwen／ɣ iuen
随唐音：「驍」- -／k ieu／k iɛu／k iɛu／k ieu／k ieu
随唐音：「豐」pʰ i̯uŋ／pʰ ǐuŋ／pʰ juŋ／pʰ iuŋ／ph jung／pfʰ ǐoŋ","アイヌ語：「推良火（県）」＝「テュ・エ・エン・リ・アゥ・ウン・ハィ(tu-e-en-ri-aw-un-hay)」＝「峰が・そこで・突き出ている・高い・角、枝分かれ・にある・カジキマグロの顎（のように鋭く突き出た峰）」
アイヌ語：「三良火」＝「サム・リ・アゥ・ウン・ハィ(sam-ri-aw-un-hay)」＝「となりの・高い・角、枝分かれ・にある・カジキマグロの顎（のように鋭く突き出た峰）」
アイヌ語：「玄驍（県）」＝「キル・エ・エン・キル・エ・エン(kir-e-en-kir-e-en)」＝「山脚が・そこで・突き出ている（ところ）・山脚が・そこで・突き出ている（ところ）」※たくさんの山脚が突き出ているところ。
アイヌ語：「玄豊（県）」＝「キル・エ・エン・ピル・ウン(kir-e-en-pir-un)」＝「山脚が・そこで・突き出ている・傷（のように切り刻まれているもの）・にある（ところ）」","jomon2_bnum59.html"
"良州","壽昌郡","邱広域市 達城郡 嘉昌面","壽昌郡（嘉昌郡）／壽昌郡／嘉昌郡","喟火郡","壽城郡","上古音：「喟」kʰ wæd／kʰ oəi／kʰ uəd／kʰ rwər／khw rədh
上古音：「火」x wɑr／h uəi／x uə̂r／x wə／hw ərx
随唐音：「壽」ʑ i̯ə̯u／ʑ ǐəu／ʑ ju／dʑ iəu／ź jə̆u／ʑ ǐou
随唐音：「昌」tɕʰ i̯aŋ／tɕʰ ǐaŋ／tɕʰ jɑŋ／tɕʰ iɑŋ／tśh jang／tɕʰ ǐɑŋ
随唐音：「嘉」k a／k a／k a／k a／k a／k a
随唐音：「城」ʑ i̯ɛŋ／ʑ ǐɛŋ／ʑ jɛŋ／dʑ iæŋ／ź jäng／ʑ ǐɛŋ","アイヌ語：「喟火（郡）」＝「キル・アッ・ハィ(kir-at-hay)」＝「山脚が・たくさんある・カジキマグロの顎（のように鋭く突き出た峰）」
アイヌ語：「壽昌（郡）」＝「テュ・アゥ・ウン・テュ・アゥ・ウン(tu-aw-un-tu-aw-un)」＝「峰の・角、枝分かれ・にある（ところ）・峰の・角、枝分かれ・にある（ところ）」
アイヌ語：「嘉昌（郡）」
＝「ク・アゥ・テュ・アゥ・ウン(ku-aw-tu-aw-un)」＝「矢（先のような形の峰）の・角、枝分かれ・峰の・角、枝分かれ・にある（ところ）」
アイヌ語：「壽城（郡）」＝「テュ・アゥ・ウン・テュ・エ・エン(tu-aw-un-tu-e-en)」＝「峰の・角・にある（ところ）峰が・そこで（or頭が）・突き出ている（ところ）」","jomon2_bnum59.html"
"良州","大丘県","大邱広域市","大丘県","達句火県","達句火県／大丘県","上古音：「達」tʰ ɑt／- -／tʰ ɑt／- -／th at
上古音：「達」dʰ ɑt／d at／dʰ ɑt／d at／d at
上古音：「句」k u／k ɔ／k ûɡ／k ew／k ug
上古音：「句」k i̯u／k ǐwɔ／k juɡ／k jew／k jugh
上古音：「火」x wɑr／h uəi／x uə̂r／x wə／hw ərx
随唐音：「大」dʰ, tʰ ɑi／d ɑi／dʰ ɑi／d ɑi／d âi／dʰ ai
随唐音：「丘」kʰ i̯ə̯u／kʰ ǐəu／kʰ ju／kʰ iəu／kh jə̆u／kʰ ǐou","アイヌ語：「達句火（県）」＝「テュ・アッ・キル・オ・ハィ(tu-at-kir-o-hay)」＝「峰が・たくさんある・山脚が・たくさんある・カジキマグロの顎（のように鋭く突き出た峰）」
アイヌ語：「大丘（県）」＝「テュ・アィ・キル・エ・エン(tu-ay-kir-e-en)」＝「峰の・矢、カジキマグロの顎（のように鋭く突き出た峰）の・山脚が・そこで・突き出ている（ところ）」","jomon2_bnum59.html"
"良州","八里県","大邱広域市北区／漆谷地区","八里県","八居里県","八居県","上古音：「八」p wăt／p et／p et／p ret／p riat
上古音：「居」k i̯o／k ǐa／k jaɡ／k jaɣ／k jag
上古音：「里」l i̯əɡ／l ǐə／l jəɡ／l iəɣ／l jəgx
随唐音：「八」p wăt／p æt／p æt／p at／p wăt／p uɐt
随唐音：「里」l ji／l ǐə／l i／l i／l ï／l ǐə
随唐音：「居」k i̯wo／k ǐo／k jo／k io／k jwo／k ǐo","アイヌ語：「八居里（県）」＝「ペッ・キル・オ・リー・イ(pet-kir-o-ri-i)」＝「川の・山脚が・たくさんある・高い・ところ」
アイヌ語：「八里（県）」＝「ペッ・リー・イ(pet-ri-i)」＝「川の・高い・ところ」
アイヌ語：「八居（県）」＝「ペッ・キル・オ(pet-kir-o)」＝「川の・山脚が・たくさんある（ところ）」","jomon2_bnum59.html"
"良州","河濱県","大邱広域市 達城郡 河浜面","河濱県","多斯只県（or沓只）／多斯只県","河濱県","上古音：「多」t ɑ／t ai／t ɑ／t a／t ar
上古音：「斯」s i̯ĕɡ／s ǐe／s jeɡ／s jieɣ／s jig
上古音：「只」tɕ i̯ĕɡ／ȶ ǐe／c jeɡ／t jieɣ／k rjigx
随唐音：「河」ɣ ɑ／ɣ ɑ／ɣ ɑ／ɣ ɑ／ɣ â／ɣ ɑ
随唐音：「濱」p i̯ĕn／p ǐěn／p jen／p iɪn／p jiĕn／p ǐen","アイヌ語：「多斯只（県）」＝「テュ・アゥ・シル・エ・エン・テュ・エ・エン(tu-aw-sir-e-en-tu-e-en)」＝「峰の・角、枝分かれの・山が・そこで・突き出ている（ところ）・峰が・そこで・突き出ている（ところ）」
アイヌ語：「河濱（県）」＝「キル・アゥ・ピル・エ・エン(kir-aw-pir-e-en)」＝「山脚の・角、枝分かれの・傷（のように切り刻まれたもの）が・そこで・突き出ている（ところ）」","jomon2_bnum59.html"
"良州","花園県","大邱広域市 達城郡 花園邑","花園県","舌火県","河濱県／花園県","上古音：「舌」k wɑt／ȡ ǐat／ȡʰ jæt ／zd jiat／d jat
上古音：「火」x wɑr／h uəi／x uə̂r／x wə／hw ərx
随唐音：「花」- -／h wa／x ua／x ua／x wa／x ua
随唐音：「園」j i̯wɐn／ɣ ǐwɐn／ɣ juɐn／j iuɑn／j wɐn／j ǐuɐn","アイヌ語：「舌火（県）」＝「テュ・アッ・ハィ(tu-at-hay)」＝「峰が・たくさんある・カジキマグロの顎（のような突き出た峰）」
アイヌ語：「花園（県）」
＝「ホ・アィ・ワ・アン(ho-ay-wa-an)」＝「山裾の・矢、カジキマグロの顎（のような突き出た峰）・に・ある（ところ）」
or
「ホ・アゥ・キル・ワ・アン(ho-aw-kir-wa-an)」＝「山裾の・角、枝分かれの・山脚・に・ある（ところ）」","jomon2_bnum59.html"
"良州","獐山郡","慶尚北道慶山市押梁邑","獐山郡","押梁（or押督）小国／押梁／押督","章山郡","上古音：「押」ʔ ap／0 eap／- -／ʔ rap／- -
上古音：「梁」l i̯aŋ／l ǐaŋ／l jaŋ／l iaŋ／l jang
上古音：「督」t -／t uk／t ôk／t əwk／t əkw
随唐音：「獐」tɕ i̯aŋ／tɕ ǐaŋ／tɕ jɑŋ／tɕ iɑŋ／tś jang／tɕ ǐɑŋ
随唐音：「山」ʂ ăn／ʃ æn／ʃ æn／ʂ æn／ṣ ăn／ʃ ɐn
随唐音：「章」tɕ i̯aŋ／tɕ ǐaŋ／tɕ jɑŋ／tɕ iɑŋ／tś jang／tɕ ǐɑŋ","アイヌ語：「押梁」
＝「ラプ・リ・アゥ(rap-ri-aw)・ウン（ところ）」＝「翼の（ような形の峰の）・高い・角、枝分かれ・にある（ところ）」
or「（イ(i)・）アプ・リ・アゥ(ap-ri-aw)・ウン（ところ）」＝「（その・）釣り針の（ような形の峰の）・高い・角、枝分かれ・にある（ところ）」
アイヌ語：「押督」
＝「ラプ・テュク(rap-tuk)」＝「翼の（ような形の峰の）・小山」
or「（イ(i)・）アプ・テュク(ap-tuk)」＝「（その・）釣り針の（ような形の峰の）・小山」
アイヌ語：「獐山（郡）」
＝「テュ・アゥ・ウン・シル・エ・エン(tu-aw-un-sir-e-en)」＝「峰の・角、枝分かれ・にある・山が・そこで・突き出ている（ところ）」
アイヌ語：「章山（郡）」＝「テュ・アゥ・ウン・シル・エ・エン(tu-aw-un-sir-e-en)」＝「峰の・角、枝分かれ・にある・山が・そこで・突き出ている（ところ）」","jomon2_bnum59.html"
"良州","解顔県","大邱広域市 北区 東辺洞周辺","解顔県","雉省火県（美里）／雉省火県／美里","解顔県","上古音：「雉」dʰ i̯ər／d ǐei／dʰ jed／d ier／d rjidx
上古音：「省」ʂ i̯ĕŋ／ʃ eŋ／s eŋ／s reŋ／s ringx
上古音：「火」x wɑr／h uəi／x uə̂r／x wə／hw ərx
上古音：「美」m i̯ər／m ǐei／m jed／m ier／m jidx
上古音：「里」l i̯əɡ／l ǐə／l jəɡ／l iəɣ／l jəgx
随唐音：「解」ɣ ai／ɣ ai／ɣ æi／ɣ æi／ɣ aï／ɣ æi
随唐音：「解」k ai／k ai／k æi／k æi／k aï／k æi
随唐音：「顔」ŋ an／ŋ an／ŋ an／ŋ an／ng an／ŋ an","アイヌ語：「雉省火（県）」
＝「チゥ・エ・エン・シル・エ・エン・ハィ(ciw-e-en-sir-e-en-hay)」＝「水流、水脈が・そこで・突き出ている・山が・そこで・突き出ている・カジキマグロの顎のようなもの（鋭く突き出たもの）」
or「テュ・エ・エン・シル・エ・エン・ハィ(tu-e-en-sir-e-en-hay)」＝「峰が・そこで・突き出ている・山が・そこで・突き出ている・カジキマグロの顎のようなもの（鋭く突き出たもの）」
アイヌ語：「雉省火（県）」＝「ムィ・エ・エン・リ・エン(muy-e-en-ri-en)」＝「頭が・そこで・突き出ている・高く・突き出ている（ところ）」
アイヌ語：「解顔（県）」＝「カィ・ク・アン(kay-ku-an)」＝「折れ曲がった・矢（先のような形の川）・がある（ところ）」","jomon2_bnum59.html"
"良州","餘粮県","慶尚北道 慶山市 珍良邑 県内里","餘粮県","麻珍良県（or麻彌良県）／麻珍良県","仇史部曲","上古音：「麻」m a／m eai／m ua／m rwa／m rar
上古音：「珍」t i̯ən／t ǐen／t jen／t ien／t rjin
上古音：「良」l i̯aŋ／l ǐaŋ／l jaŋ／l iaŋ／l jang
随唐音：「餘」0 i̯wo／j ǐo／0 jo／0 io／ji wo／0 ǐo
随唐音：「粮」- -／ l ǐaŋ／l jɑŋ／l iɑŋ／l jang／l ǐɑŋ
随唐音：「仇」ɡʰ i̯ə̯u／g ǐəu／ɡʰ ju／ɡ iəu／g jə̆u／ɡʰ ǐou
随唐音：「史」ʂ i／ʃ ǐə／ʃ i／ʂ i／ṣ ï／ʃ ǐə","アイヌ語：「麻珍良（県）」＝「ム・アゥ・テュ・エ・エン・リ・アゥ・ウン(mu-aw-tu-e-en-ri-aw-un)」＝「ふさがった・角、枝分かれの・峰が・そこで・突き出ている（ところ）・高い・角、枝分かれ・にある（ところ）」
アイヌ語：「餘粮（県）」＝「イ・オ・リ・アゥ・ウン(i-o-ri-aw-un)」＝「それが・たくさんある・高い・角、枝分かれ・にある（ところ）」
アイヌ語：「仇史（部曲）」＝「キル・シル・エ・エン(kir-sir-e-en)」＝「山脚の・山が・そこで・突き出ている（ところ）」","jomon2_bnum59.html"
"良州","慈仁県","慶尚北道 慶山市 慈仁面","慈仁県","奴斯火県","慈仁県","上古音：「奴」n o／n a／n ɑɡ／n aɣ／n ag
上古音：「斯」s i̯ĕɡ／s ǐe／s jeɡ／s jieɣ／s jig
上古音：「火」x wɑr／h uəi／x uə̂r／x wə／hw ərx
随唐音：「慈」dzʰ i／dz ǐə／dzʰ i／dz i／dz ï／dzʰ ǐə
随唐音：「仁」ȵʑ i̯ĕn／ɽ ǐěn／ȵ jen／ȵ iɪn／ńź jĕn／nʑ ǐen","アイヌ語：「奴斯火（県）」＝「ナン・シル・エ・エン・ハィ(nan-sir-e-en-hay)」＝「斜面の・山が・そこで・突き出ている・カジキマグロの顎（のように鋭く突き出た峰）」
アイヌ語：「慈仁（県）」＝「テュ・エ・ニ・エ・エン(tu-e-ni-e-en)」＝「峰の・頭・棒の・頭が・突き出ている（ところ）」","jomon2_bnum59.html"
"良州","臨皐郡","慶尚北道 永川市","臨皐郡","切也火郡","永州","上古音：「切」tsʰ iet／tsʰ iet／tsʰ iet／tsʰ et／tsh it
上古音：「也」d i̯a／ʎ iai／d jăɡ／r aɣ／r iagx
上古音：「火」x wɑr／h uəi／x uə̂r／x wə／hw ərx
随唐音：「臨」bl i̯əm／l ǐəm／l jəm／l iəm／bl jəm
随唐音：「皐」- -／k ɑu／k ɑu／k ɑu／k âu／k ɑu
随唐音：「永」j i̯wɐŋ／ɣ ǐwɐŋ／ɣ juɐŋ／j iuaŋ／j wɐng／j ǐuaŋ","アイヌ語：「切也火（郡）」＝「チッ・テュ・アゥ・ハィ(cit-tu-aw-hay)」＝「膣の（ような袋状の）・角、枝分かれの・カジキマグロの顎（のように鋭く突き出た峰）」
アイヌ語：「臨皐（郡）」＝「リ・アム・キル・アゥ(ri-am-kir-aw)」＝「高い・爪の（ように平べったく鋭い）・山脚の・角、枝分かれ」
アイヌ語：「永（州）」
＝「キル・アゥ・ウン(kir-aw-un)」＝「山脚の・角、枝分かれ・にある（ところ）」
or「イ・アゥ・ウン(i-aw-un)」＝「その・角、枝分かれ・にある（ところ）」
or「イワ・ウン(iwa-un)」＝「祖先を祀る神聖な山・にある（ところ）」","jomon2_bnum59.html"
"良州","長鎮県","慶尚北道 浦項市 北区 竹長面","長鎮県","","竹長伊部曲","随唐音：「長」ȡʰ i̯aŋ／ȡ ǐaŋ／ȡʰ jɑŋ／ɖ iɑŋ／ḍ jang／ȡʰ ǐɑŋ
随唐音：「長」ȶ i̯aŋ／ȶ ǐaŋ／ȶ jɑŋ／ʈ iɑŋ／ṭ jang／ȶ ǐɑŋ
随唐音：「鎮」ȶ i̯ĕn／ȶ ǐěn／ȶ jen／ʈ iɪn／ṭ jĕn／ȶ ǐen
随唐音：「竹」ȶ i̯uk／ȶ ǐuk／ȶ juk／ʈ iuk／ṭ juk／ȶ ǐok
随唐音：「伊」ʔ i／0 i／ʔ jei／ʔ iɪi／· i／ʔ ǐe","アイヌ語：「長鎮（県）」＝「テュ・アゥ・ウン・テュ・エ・エン(tu-aw-un-tu-e-en)」＝「峰の・角、枝分かれ・にある・峰が・そこで・突き出ている（ところ）」
アイヌ語：「竹長伊（部曲）」
＝「テュク・テュ・アゥ・ウン・イ・エ・エン(tuk-tu-aw-un-i-e-en)」＝「小山・峰の・角、枝分かれ・にある・それが・そこで・突き出ている（ところ）」
or「テュク・テュ・アゥ・ウン・イェ・エン(tuk-tu-aw-un-ye-en)」＝「小山・峰の・角、枝分かれ・にある・岩が・突き出ている（ところ）」","jomon2_bnum59.html"
"良州","臨川県","慶尚北道 永川市 完山洞","臨川県","骨火小国／骨火","永州に併合","上古音：「骨」k wət／k uət／k uə̂t／k wət／kw ət
上古音：「火」x wɑr／h uəi／x uə̂r／x wə／hw ərx
上古音：「臨」bl i̯əm／l ǐəm／l jəm／l iəm／bl jəm
上古音：「川」ȶʰ i̯wan／ȶʰ ǐwən／- -／- -／th jiən","アイヌ語：「骨火」＝「ク・アッ・ハィ(ku-at-hay)」＝「矢（先のような形の峰）が・たくさんある・カジキマグロの顎（のような突き出た峰）」
アイヌ語：「臨川（県）」
＝「リ・アム・テュ・ワ・アン(ri-am-tu-wa-an)」＝「高い・爪の（ように鋭い）・峰・に・ある（ところ）」","jomon2_bnum59.html"
"良州","道同県","慶尚北道 永川市 道洞","道同県","刀冬火県","永州に合併","上古音：「刀」t oɡ／t au／t ɔ̂ɡ／t aw／t agw
上古音：「冬」t -／t uŋ／t ôŋ／t əwŋ／t əngw t
上古音：「火」x wɑr／h uəi／x uə̂r／x wə／hw ərx
随唐音：「道」dʰ ɑu／d ɑu／dʰ ɑu／d ɑu／d âu／dʰ ɑu
随唐音：「同」dʰ uŋ／d uŋ／dʰ uŋ／d uŋ／d ung／dʰ oŋ","アイヌ語：「刀冬火（県）」
＝「テュ・アゥ・テュン・ハィ(tu-aw-tun-hay)」＝「峰の・角、枝分かれの・間の・カジキマグロの顎（のような突き出た峰）」
アイヌ語：「道同（県）」
＝「テュ・アゥ・テュン(tu-aw-tun)」＝「峰の・角、枝分かれの・間」","jomon2_bnum59.html"
"良州","新寧県","慶尚北道 永川市 新寧面","新寧県","史丁火県","新寧県","上古音：「史」sl i̯əɡ／ʃ ǐə／s əɡ／s iəɣ／sl jəgx
上古音：「丁」t ĕŋ／t eŋ／t eŋ／t reŋ／t ring
上古音：「丁」t ieŋ／t ieŋ／t ieŋ／t eŋ／t ing
上古音：「火」x wɑr／h uəi／x uə̂r／x wə／hw ərx
随唐音：「新」s i̯ĕn／s ǐěn／s jen／s iɪn／s jĕn／s ǐen
随唐音：「寧」n ieŋ／n ieŋ／n ieŋ／n iɛŋ／n ieng／n ieŋ","アイヌ語：「史丁火（県）」＝「シル・エ・エン・テュ・エ・エン・ハィ(sir-e-en-tu-e-en-hay)」＝「山が・そこで・突き出ている・峰が・そこで・突き出ている・カジキマグロの顎（のような突き出た峰）」
アイヌ語：「新寧（県）」＝「シル・エ・エン・ニ・エ・エン(sir-e-en-ni-e-en)」＝「山が・そこで・突き出ている（ところ）・棒（のように細長い峰）が・そこで・突き出ている（ところ）」","jomon2_bnum59.html"
"良州","黽白県","慶尚北道 永川市 華北面","黽白県","買熱次県","新寧県に併合","上古音：「買」- -／m e／m eɡ／m reɣ／m rigx
上古音：「熱」ȵ i̯at／ȵ ǐat／ȵ jæt ／n jiat ／n jat
上古音：「次」tsʰ i̯ər／tsʰ ǐei／tsʰ jed／tsʰ jier／tsh jidh
随唐音：「黽」m i̯ĕn／m ǐěn／m jen／m iɪn／m jiĕn／ɱ ǐen
随唐音：「白」bʰ ɐk／b ɐk／bʰ ɐk／b ak／b ɐk／bʰ ak","アイヌ語：「買熱次（県）」＝「ムィ・ニ・アッ・テュ・エ・エン(muy-ni-at-tu-e-en)」＝「頂の・棒（のように細長いもの）が・たくさんある・峰が・そこで・突き出ている（ところ）」
アイヌ語：「黽白（県）」
＝「ムィ・エ・エン・パケ(muy-e-en-pake)」＝「頂が・そこで・突き出ている・岬」","jomon2_bnum59.html"
"良州","東莱郡","釜山広域市 東莱区","東莱郡","居柒山郡","東莱郡","上古音：「居」k i̯o／k ǐa／k jaɡ／k jaɣ／k jag
上古音：「漆」tsʰ i̯ĕt／tsʰ ǐet／tsʰ jet／tsʰ jiet／tsh jit
上古音：「山」s ăn／ʃ ean／- -／s rian／s rian
随唐音：「東」t uŋ／t uŋ／t uŋ／t uŋ／t ung／t oŋ
随唐音：「莱」l ɑ̆i／l ɒi／l Ai／l əi／l ậi／l əi","アイヌ語：「居柒山（郡）」＝「キル・アゥ・チッ・シル・エ・エン(kir-aw-cit-sir-e-en)」＝「山脚の・角、枝分かれの・膣の（ように袋状になった）・山が・そこで・突き出ている（ところ）」
アイヌ語：「東莱（郡）」＝「テュン(tun)・ラィ（(ray)・イ）(i)」＝「間の・死んでいる（ところ）」※間にある水たまり。","jomon2_bnum59.html"
"良州","東平県","釜山広域市 水営区 広安洞","東平県","大甑県","東平県","上古音：「大」tʰ, dʰ ɑd／d at／dʰ ɑd／d ar／d adh
上古音：「甑」ts i̯əŋ／ts ǐəŋ／ts jəŋ／ts jiəŋ／ts jəngh
随唐音：「東」t uŋ／t uŋ／t uŋ／t uŋ／t ung／t oŋ
随唐音：「平」bʰ i̯wɐŋ／b ǐɐŋ／bʰ jɐŋ／b iaŋ／b jɐng／bʰ ǐaŋ","アイヌ語：「大甑（県）」
＝「テュ・アッ・テュ・エ・エン(tu-at-tu-e-en)」＝「峰が・たくさんある（ところ）・峰が・そこで・突き出ている（ところ）」
アイヌ語：「東平（県）」
＝「テュン(tun)・ぺ・アゥ・ウン(aw-un)」＝「間の・水の・角、枝分かれ・にある（ところ）」","jomon2_bnum59.html"
"良州","機張県","釜山広域市 機張郡 機張邑","機張県","甲火良谷県","機張県","上古音：「甲」k ap／k eap／k ap／k rap／k rap
上古音：「火」x wɑr／h uəi／x uə̂r／x wə／hw ərx
上古音：「良」l i̯aŋ／l ǐaŋ／l jaŋ／l iaŋ／l jang
上古音：「谷」k uk／k ɔk／k ûk／k ewk／k uk
上古音：「谷」ɡ i̯uk／ʎ ǐwɔk／ɡ juk／ɣr iewk／g rjuk
随唐音：「機」k je̯i／k ǐəi／k jəi／k iəi／k jĕi／k ǐəi
随唐音：「張」ȶ i̯aŋ／ȶ ǐaŋ／ȶ jɑŋ／ʈ iɑŋ／ṭ jang／ȶ ǐɑŋ","アイヌ語：「甲火良谷（県）」＝「カプ・ハィ・リ・アゥ・ウン・ク・ク(kap-hay-ri-aw-un-ku-ku)」＝「薄っぺらな・カジキマグロの顎の（ように鋭く突き出た峰）・高い・角、枝分かれ・にある・矢（先のような形の峰）・矢」※たくさんの矢先の形の峰。
アイヌ語：「機張（県）」
＝「キル・エ・エン・テュ・アン(kir-e-en-tu-an)」＝「山脚が・そこで・突き出ている・峰・がある（ところ）」","jomon2_bnum59.html"
"良州","東安郡","蔚山広域市 蔚州郡 温山邑","東安郡","生西良郡","慶州に併合／東安郡","上古音：「生」s ĕŋ／ʃ eŋ／s ĕŋ／s reŋ／s ring
上古音：「西」s iər／s iei／s ied／s er／s id
上古音：「良」l i̯aŋ／l ǐaŋ／l jaŋ／l iaŋ／l jang
随唐音：「東」t uŋ／t uŋ／t uŋ／t uŋ／t ung／t oŋ
随唐音：「安」ʔ ɑn／0 ɑn／ʔ ɑn／ʔ ɑn／· ân／ʔ ɑn","アイヌ語：「生西良（郡）」＝「シル・エ・エン・シル・エ・エン・リ・アゥ・ウン(sir-e-en-sir-e-en-ri-aw-un)」＝「山が・そこで・突き出ている（ところ）・山が・そこで・突き出ている（ところ）・高い・角、枝分かれ・にある（ところ）」
アイヌ語：「東安（郡）」
＝「テュ・ウン・アゥ・ウン(tu-un-aw-un)」＝「峰・にある（ところ）・角、枝分かれ・にある（ところ）」","jomon2_bnum59.html"
"良州","虞風県","蔚山広域市 蔚州郡 熊村面","虞風県","于火県","蔚州に併合","上古音：「于」ɡ i̯wo／ɣ ǐwa／ɣ juaɡ／ɣ jwaɣ／gw jag
上古音：「火」x wɑr／h uəi／x uə̂r／x wə／hw ərx
随唐音：「虞」ŋ i̯u／ŋ ǐu／ŋ juo／ŋ iuo／ng ju／ŋ ǐu
随唐音：「風」p i̯uŋ／p ǐuŋ／p juŋ／p iuŋ／p jung／pf ǐoŋ","アイヌ語：「于火（県）」＝「キル・アゥ・ハィ(kir-aw-hay)」＝「山脚の・角、枝分かれの・カジキマグロの顎（のように突き出た峰）」
アイヌ語：「虞風（県）」
＝「キル・オ・ピル・ウン(kir-o-pir-un)」＝「山脚が・たくさんある・傷（のように切り刻まれたもの）・にある（ところ）」","jomon2_bnum59.html"
"良州","臨關郡","慶尚北道 慶州市 外東邑 毛火里","臨關郡","毛火郡（蚊代）／毛火郡／蚊代","慶州に併合","上古音：「毛」m oɡ／m au／m ɔ̂ɡ／m aw／m agw
上古音：「火」x wɑr／h uəi／x uə̂r／x wə／hw ərx
上古音：「蚊」m i̯wən／m ǐwən／- -／m jwən／- -
上古音：「代」dʰ əɡ／d ə／dʰ ə̂ɡ／d əɣ／d əgh
随唐音：「臨」l i̯əm／l ǐěm／l jem／l iɪm／l jəm／l ǐəm
随唐音：「關」k wan／k wan／k uan／k uan／k wan／k uan","アイヌ語：「毛火（県）」＝「ム・アゥ・ハィ(mu-aw-hay)」＝「ふさがった・角、枝分かれの・カジキマグロの顎（のように突き出た峰）」
アイヌ語：「蚊代（県）」
＝「ムィ・エ・エン・テク(muy-e-en-tek)」＝「頂が・そこで・突き出ている・腕（のような峰）」
アイヌ語：「臨關（郡）」
＝「リ・アム(ri-am)・ク（(ku)・ワ）(wa)・アン(an)」＝「高い・爪の（ように平べったく鋭い）・矢（先のような形の峰）（・に）・ある（ところ）」","jomon2_bnum59.html"
"良州","東津県","蔚山広域市北区江東面","東津県","栗浦県","蔚州に併合","上古音：「栗」l i̯ĕt／l ǐet／l jet／l iet／l jit
上古音：「浦」pʰ wo／pʰ ua／pʰ uɑɡ／pʰ waɣ／ph agx
随唐音：「東」t uŋ／t uŋ／t uŋ／t uŋ／t ung／t oŋ
随唐音：「津」ts i̯ĕn／ts ǐěn／ts jen／ts iɪn／ts jĕn／ts ǐen","アイヌ語：「栗浦（県）」
＝「リッ・パケ(rit-pake)」＝「筋の（ように細長い）・岬」
アイヌ語：「東津（県）」
＝「テュン・テュ・エ・エン(tun-tu-e-en)」＝「間の・峰が・そこで・突き出ている（ところ）」","jomon2_bnum59.html"
"良州","河曲県","蔚山広域市","河曲県／河西県","屈阿火県","蔚州","上古音：「屈」- -／k ǐwət／k juə̆t／k jwət／kw jət
上古音：「屈」kʰ i̯wət／kʰ ǐwət／kʰ juə̆t／kʰ jwət／khw jət
上古音：「阿」ʔ ɑ／0 ai／ʔ ɑ／ʔ a／· ar
上古音：「火」x wɑr／h uəi／x uə̂r／x wə／hw ərx
随唐音：「河」ɣ ɑ／ɣ ɑ／ɣ ɑ／ɣ ɑ／ɣ â／ɣ ɑ
随唐音：「曲」kʰ i̯wok／kʰ ǐwok／kʰ juok／kʰ iuok／kh jwok／kʰ ǐuk
随唐音：「西」s iei／s iei／s iɛi／s iɛi／s iei／s iei
随唐音：「蔚」ʔ jwe̯i／0 ǐwəi／ʔ juəi／ʔ iuəi／· jwĕi／ʔ ǐuəi","アイヌ語：「屈阿火（県）」
＝「キル・アッ・アィ・ハィ(kir-at-ay-hay)」＝「山脚が・たくさんある・矢の（ような）・カジキマグロの顎（のように突き出た峰）」
or「キル・アッ・アゥ・ハィ(kir-at-aw-hay)」＝「山脚が・たくさんある・角、枝分かれの・カジキマグロの顎（のように突き出た峰）」
アイヌ語：「河曲（県）」
＝「キル・アゥ・キル・アゥ・ケ(kir-aw-kir-aw-ke)」＝「山脚の・角、枝分かれ・山脚の・角、枝分かれ・のところ」※たくさんある山脚の角のところ。
アイヌ語：「河西（県）」
＝「キル・アゥ・シル・エ・エン(kir-aw-sir-e-en)」＝「山脚の・角、枝分かれの・山が・そこで・突き出ている（ところ）」
アイヌ語：「蔚（州）」
＝「ウル(ur)」＝「丘」","jomon2_bnum59.html"
"良州","義昌郡","慶尚北道 浦項市 北区 興海邑","義昌郡","退火郡","興海郡","上古音：「退」tʰ wəd／tʰ uəi／tʰ uə̂d／tʰ wər／th ədh
上古音：「火」x wɑr／h uəi／x uə̂r／x wə／hw ərx
随唐音：「義」ŋ jie／ŋ ǐe／ŋ jĕ／- ie／ng jĕ／ŋ ǐɛ
随唐音：「昌」tɕʰ i̯aŋ／tɕʰ ǐaŋ／tɕʰ jɑŋ／tɕʰ iɑŋ／tśh jang／tɕʰ ǐɑŋ
随唐音：「興」x i̯əŋ／h ǐəŋ／x jəŋ／x ieŋ／x jəng／x ǐəŋ
随唐音：「海」x ɑ̆i／h ɒi／x Ai／x əi／x ậi／x əi","アイヌ語：「退火（県）」
＝「テュ・アッ・ハィ(tu-at-hay)」＝「峰が・たくさんある・カジキマグロの顎（のように突き出た峰）」
or「テュ・アィ・ハィ(tu-ay-hay)」＝「峰の・矢の（ように鋭く尖った）・カジキマグロの顎（のように突き出た峰）」
アイヌ語：「義昌（郡）」＝
「キル・エ・テュ・エ・アン(kir-e-tu-e-an)」＝「山脚の・頭・峰の・頭・がある（ところ）」
アイヌ語：「興海（郡）」＝
「ヘ・エ・エン・ハィ(he-e-en-hay)」＝「頭が・そこで・突き出ている・カジキマグロの顎（のように突き出た峰）」","jomon2_bnum59.html"
"良州","安康県","慶尚北道 慶州市 安康邑","安康県","比火県","安康県","上古音：「比」bʰ i̯ər／b ǐei／bʰ jed／b jier／b jid
上古音：「比」p i̯ər／p ǐei／p jed／p jier／p jidx
上古音：「火」x wɑr／h uəi／x uə̂r／x wə／hw ərx
随唐音：「安」ʔ ɑn／0 ɑn／ʔ ɑn／ʔ ɑn／· ân／ʔ ɑn
随唐音：「康」kʰ ɑŋ／kʰ ɑŋ／kʰ ɑŋ／kʰ ɑn／kh âng／kʰ ɑŋ","アイヌ語：「比火（県）」
＝「ピ・エ・エン・ハィ(pi-e-en-hay)」＝「石が・そこで・突き出ている・カジキマグロの顎（のように突き出た峰）」
アイヌ語：「安康（県）」
＝「アゥ・ウン・ク・アゥ・ウン(aw-un-ku-aw-un)」＝「角、枝分かれ・にある・矢（先の形の峰）の・角、枝分かれ・にある（ところ）」","jomon2_bnum59.html"
"良州","鬐立県","慶尚北道浦項市南区長鬐面","鬐立県","只沓県","長鬐県","上古音：「只」tɕ i̯ĕɡ／ȶ ǐe／c jeɡ／t jieɣ／k rjigx
上古音：「沓」dʰ əp／d əp／dʰ ə̂p／d əp／d əp
随唐音：「鬐」ɡʰ ji／g i／ɡʰ jĕi／ɡ iei／g ji／ɡʰ ǐe
随唐音：「立」l i̯əp／l ǐěp／l jep／l iɪp／l jəp／l ǐəp
随唐音：「長」ȡʰ i̯aŋ／ȡ ǐaŋ／ȡʰ jɑŋ／ɖ iɑŋ／ḍ jang／ȡʰ ǐɑŋ
随唐音：「長」ȶ i̯aŋ／ȶ ǐaŋ／ȶ jɑŋ／ʈ iɑŋ／ṭ jang／ȶ ǐɑŋ
随唐音：「鬐」ɡʰ ji／g i ɡʰ／jĕi／ɡ iei／g ji／ɡʰ ǐe","アイヌ語：「只沓（県）」
＝「テュ・エ・エン・テュ・アプ(tu-e-en-tu-ap)」＝「峰が・そこで・突き出ている・峰の・釣り針（のように曲がったもの）」
アイヌ語：「鬐立（県）」＝「キル・エ・エン・リ・アプ(kir-e-en-ri-ap)」＝「山脚が・そこで・突き出ている・高い・釣り針（のように曲がったもの）」
アイヌ語：「長鬐（県）」
＝「テュ・アゥ・ウン・キル・エ・エン(tu-aw-un-kir-e-en)」＝「峰の・角、枝分かれ・にある・山脚が・そこで・突き出ている（ところ）」","jomon2_bnum59.html"
"良州","神光県","慶尚北道浦項市北区神光面","神光県","東仍音県","神光県","上古音：「東」t uŋ／t uŋ／t uŋ／t uŋ／t ung／t oŋ
上古音：「仍」ȵ i̯əŋ／ȵ ǐəŋ／ȵ jəŋ／n jiəŋ／n jəng
上古音：「音」ʔ i̯əm／0 ǐəm／ʔ jəm／ʔ iəm／· jəm
随唐音：「神」dʑʰ i̯ĕn／dʑ ǐěn／dʑʰ jen／ʑ iɪn／dź jĕn／dʑʰ ǐen
随唐音：「光」k wɑŋ／k uɑŋ／k uɑŋ／k uɑn／k wâng／k uɑŋ","アイヌ語：「東仍音（県）」
＝「テュン・ニ・エ・エン・イ・アム(tun-ni-e-en-i-am)」＝「間の・棒（のように細長い峰）が・そこで・突き出ている・その・爪（のような平べったく鋭い峰）」
アイヌ語：「神光（県）」
＝「テュ・エ・エン・ク・アゥ・ウン(tu-e-en-ku-aw-un)」＝「峰が・そこで・突き出ている・矢（先のような形の峰）の・角、枝分かれ・にある（ところ）」","jomon2_bnum59.html"
"良州","臨汀県","慶尚北道 慶尚北道浦項市南区烏川邑","臨汀県","斤烏支県","迎日県","上古音：「斤」k i̯ən／k iən／k jə̆n／k jən／k jən
上古音：「烏」ʔ o／0 a／ʔ ɑɡ／ʔ aɣ／· ag
上古音：「支」ȶ i̯ĕɡ／ȶ ǐe／c jeɡ／t jieɣ／k rjig
随唐音：「臨」l i̯əm／l ǐěm／l jem／l iɪm／l jəm／l ǐəm
随唐音：「汀」tʰ ieŋ／tʰ ieŋ／tʰ ieŋ／tʰ iɛŋ／th ieng／tʰ ieŋ
随唐音：「迎」ŋ i̯ɐŋ／ŋ ǐɐŋ／ŋ jɐŋ／ŋ iaŋ／ng jɐng／ŋ ǐaŋ
随唐音：「日」ȵʑ i̯ĕt／ɽ ǐět／ȵ jet／ȵ iɪt／ńź jĕt／nʑ ǐet","アイヌ語：「斤烏支（県）」
＝「キル・エ・エン・アゥ・テュ・エ・エン(kir-e-en-aw-tu-e-en)」＝「山脚が・そこで・突き出ている・角、枝分かれの・峰が・そこで・突き出ている（ところ）」
アイヌ語：「臨汀（県）」
＝「リ・アム・テュ・エ・エン(ri-am-tu-e-en)」＝「高い・爪（のように平べったく鋭い）・峰が・そこで・突き出ている（ところ）」
アイヌ語：「迎日（県）」
＝「キル・アゥ・ウン・ニッ(kir-aw-un-nit)」＝「山脚の・角、枝分かれ・にある・細い棒（のように細長い峰）」","jomon2_bnum59.html"
"良州","杞渓県","慶尚北道 浦項市 北区 杞渓面","杞渓県","芼兮（化雞）県／芼兮県／化雞","杞渓県","上古音：「芼」m oɡ／m au／m ɔ̂ɡ／m aw／m agw
上古音：「兮」- -／ɣ ie／ɣ ieɡ／ɡ eɣ／g ig
上古音：「化」x wa／k oai／x ua／x rwa／hw rarh
上古音：「雞」k ieɡ／k ieɡ／k eɣ／k ig
随唐音：「杞」kʰ ji／kʰ ǐə／kʰ i／kʰ i／kh ï／kʰ ǐə
随唐音：「溪」- -／kʰ iei／kʰ iɛi／kʰ iɛi／kh iei／kʰ iei","アイヌ語：「芼兮（県）」
＝「ム・アゥ・キル・エ・ケ(mu-aw-kir-e-ke)」＝「ふさがっている・角、枝分かれの・山脚の・頭・のところ」
アイヌ語：「化雞」
＝「ホ・アゥ・キル・エ・ケ(ho-aw-kir-e-ke)」＝「尻、山裾の・角、枝分かれの・山脚の・頭・のところ」
アイヌ語：「杞渓（県）」＝「キル・エ・エン・キル・エ・エン(kir-e-en-kir-e-en)」＝「山脚が・そこで・突き出ている（ところ）・山脚が・そこで・突き出ている（ところ）」※たくさんの山脚が突き出ているところ。","jomon2_bnum59.html"
"良州","音汁火県","慶尚北道慶州市安康邑","音汁火県","音汁伐","安康県に併合","上古音：「音」ʔ i̯əm／0 ǐəm／ʔ jəm／ʔ iəm／· jəm
上古音：「汁」ȶ i̯əp／ȶ ǐəp／- -／t jiəp／- -
上古音：「伐」bʰ i̯wăt／b ǐwat／bʰ juăt／b jwat／b jat
随唐音：「音」ʔ i̯əm／0 ǐěm／ʔ jĕm／ʔ iem／· jəm／ʔ ǐəm
随唐音：「汁」tɕ i̯əp／tɕ ǐěp／tɕ jep／tɕ iɪp／tś jəp／tɕ ǐəp
随唐音：「火」x wɑr／h uəi／x uə̂r／x wə／hw ərx","アイヌ語：「音汁伐」
＝「イ・アム・テュ・アプ・ピル・アッ(i-am-tu-ap-pir-at)」＝「その・爪（のように平べったく鋭い峰）・峰の・釣り針（のように曲がったもの）・傷（のように切り刻まれたもの）が・たくさんある（ところ）」
アイヌ語：「音汁火（県）」＝「イ・アム・テュ・アプ・ハィ(i-am-tu-ap-hay)」＝「その・爪の（ように平べったく鋭い峰）・峰の・釣り針（のように曲がったもの）・カジキマグロの顎（のように突き出た峰）」","jomon2_bnum59.html"
"良州","大城郡","慶尚北道 清道郡 清道邑","大城郡","率伊山城、茄山県（驚山城）、烏刀山城／率伊山城／茄山城／驚山城／烏刀山城","清道郡に合併","上古音：「率」sl i̯wət／ʃ ǐwət／s uət／s iwət／sl jət
上古音：「伊」ʔ i̯ær／0 ǐei／ʔ jed／ʔ jier／· jid
上古音：「山」s ăn／ʃ ean／- -／s rian／s rian
上古音：「茄」- -／k eai／k a／k ra／k rar
上古音：「驚」k i̯ĕŋ／k ǐeŋ／k jĕŋ／k ieŋ／k jing
上古音：「烏」ʔ o／0 a／ʔ ɑɡ／ʔ aɣ／· ag
上古音：「刀」t oɡ／t au／t ɔ̂ɡ／t aw／t agw
随唐音：「大」tʰ, dʰ ɑd／d at／dʰ ɑd／d ar／d adh
随唐音：「城」ʑ i̯ɛŋ／ʑ ǐɛŋ／ʑ jɛŋ／dʑ iæŋ／ź jäng／ʑ ǐɛŋ","アイヌ語：「率伊山（城）」＝「シル・ウッ・イ・エ・エン・シル・エ・エン(sir-ut-i-e-en-sir-e-en)」＝「山の・肋骨（のような枝分かれ）・それが・そこで・突き出ている（ところ）・山が・そこで・突き出ている（ところ）」
アイヌ語：「茄山（城）」＝「ク・アゥ・シル・エ・エン(ku-aw-sir-e-en)」＝「矢（先のような形の峰）の・角、枝分かれの・山が・そこで・突き出ている（ところ）」
アイヌ語：「驚山（城）」＝「キル・エ・エン・シル・エ・エン(kir-e-en-sir-e-en)」＝「山脚が・そこで・突き出ている（ところ）・山が・そこで・突き出ている（ところ）」
アイヌ語：「烏刀山（城）」＝「アゥ・テュ・アゥ・シル・エ・エン(aw-tu-aw-sir-e-en)」＝「角、枝分かれた・峰・角、枝分かれた・山が・そこで・突き出ている（ところ）」
アイヌ語：「大城（郡）」＝
「テュ・アッ・テュ・エ・エン(tu-at-tu-e-en)」＝「峰が・たくさんある（ところ）・峰が・そこで・突き出ている（ところ）」","jomon2_bnum59.html"
"良州","約章県","慶尚北道慶州市の見谷面から、乾川邑の東部","約章県","惡支県","慶州に合併","上古音：「惡」ʔ ɑɡ／0 a／ʔ ɑɡ／ʔ aɣ／· ag
上古音：「支」ȶ i̯ĕɡ／ȶ ǐe／c jeɡ／t jieɣ／k rjig
随唐音：「約」ʔ i̯ɛu／0 ǐɛu／ʔ jæu／ʔ iæu／· jiäu／ʔ ǐɛu
随唐音：「章」tɕ i̯aŋ／tɕ ǐaŋ／tɕ jɑŋ／tɕ iɑŋ／tś jang／tɕ ǐɑŋ","アイヌ語：「惡支（県）」
＝「アゥ・テュ・エ(aw-tu-e)」＝「角、枝分かれの・峰の・頭、岬」
アイヌ語：「約章（県）」＝「イ・エ・エン・テュ・アゥ・ウン(i-e-en-tu-aw-un)」＝「それが・そこで・突き出ている（ところ）・峰の・角、枝分かれ・にある（ところ）」","jomon2_bnum59.html"
"康州","康州","晋州市","康州","靑州","晋州","随唐音：「青」tsʰ ieŋ／tsʰ ieŋ／tsʰ ieŋ／tsʰ iɛŋ／tsh ieng／tsʰ ieŋ
随唐音：「康」kʰ ɑŋ／kʰ aŋ／kʰ ɑŋ／kʰ aŋ／kh ang
随唐音：「晉」ts i̯ĕn／ts ǐěn／ts jen／ts iɪn／ts jĕn／ts ǐen","アイヌ語：「靑（州）」＝
「テュ・エ・エン(tu-e-en)」＝「峰が・そこで・突き出ている（ところ）」
アイヌ語：「康（州）」＝
「ク・アゥ・ウン(ku-aw-un)」＝「矢（先の形）の・角、枝分かれ・にある（ところ）」
アイヌ語：「晋（州）」＝
「テュ・エ・エン(tu-e-en)」＝「峰が・そこで・突き出ている（ところ）」","jomon2_bnum60.html"
"康州","嘉壽県","慶尚南道 陜川郡 三嘉面","嘉壽県","加主火県","嘉壽県","上古音：「加」k a／k eai／k a／k ra／k rar
上古音：「主」ȶ i̯u／ȶ ǐwɔ／ȶ juɡ／t jew／t jugx
上古音：「火」x wɑr／h uəi／x uə̂r／x wə／hw ərx
随唐音：「嘉」k a／k a／k a／k a／k a／k a
随唐音：「壽」ʑ i̯ə̯u／ʑ ǐəu／ʑ ju／dʑ iəu／ź jə̆u／ʑ ǐou","アイヌ語：「加主火（県）」
＝「ク・アゥ・チゥ・アゥ・ハィ(ku-aw-ciw-aw-hay)」＝「矢（先のような形の峰、川）の・角、枝分かれ・水流、水脈の・角、枝分かれ・カジキマグロの顎（のような突き出した峰、川）」
アイヌ語：「嘉壽（県）」
＝「ク・アゥ・チゥ・アゥ(ku-aw-ciw-aw)」＝「矢（先のような形の峰、川）の・角、枝分かれ・水流、水脈・角、枝分かれ」","jomon2_bnum60.html"
"康州","南海郡","慶尚南道 南海郡 南海邑","南海郡","転也山郡","南海郡","上古音：「轉」t i̯wan／t ǐwan／t juæn／t iwan／t rjuanx
上古音：「也」d i̯a／ʎ iai／d jăɡ／r aɣ／r iagx
上古音：「山」s ăn／ʃ ean／- -／s rian／s rian
随唐音：「南」n ɑ̆m／n ɒm／n Am／n em／n ậm／n əm
随唐音：「海」x ɑ̆i／h ɒi／x Ai／x əi／x ậi／x əi","アイヌ語：「転也山（郡）」
＝「テュ・アゥ・ウン・テュ・アゥ・ウン・シル・エ・エン(tu-aw-un-tu-aw-un-sir-e-en)」＝「峰の・角、枝分かれ・にある・峰の・角、枝分かれ・にある・山が・そこで・突き出ている（ところ）」 ※たくさんの角、枝分かれにある出崎。
アイヌ語：「南海（郡）」
＝「ナン・ハィ(nan-hay)」＝「斜面の・カジキマグロの顎（のような突き出した峰）」","jomon2_bnum60.html"
"康州","蘭浦県","慶尚南道 南海郡 二東面 蘭陰里","蘭浦県","内浦県","蘭浦県","上古音：「内」n wəd／n uəi／n uə̂b,n uə̂d／n wər／n əbh
上古音：「浦」pʰ wo／pʰ ua／pʰ uɑɡ／pʰ waɣ／ph agx
随唐音：「蘭」l ɑn／l ɑn／l ɑn／l ɑn／l ân／l ɑn
随唐音：「浦」pʰ uo／pʰ u／pʰ uo／pʰ uo／ph uo／pʰ u","アイヌ語：「内浦（県）」
＝「ニン・アィ・プ・アゥ(nin-ay-pu-aw)」＝「消えかかった・カジキマグロの顎の（ように鋭く突き出た）・倉の（屋根のような三角山）の・角、枝分かれ」
アイヌ語：「蘭浦（県）」
＝「ル・アゥ・ウン・プ・オ(ru-aw-un-pu-o)」＝「消えかかった・角、枝分かれ・にある・倉（の屋根のような三角山）が・たくさんある（ところ）」","jomon2_bnum60.html"
"康州","平山県","慶尚南道 南海郡 南面 平山里","平山県","平西山県（西平）／平西山県／西平","平山県","上古音：「平」bʰ i̯ĕŋ／b ǐeŋ／bʰ jĕŋ／b ieŋ／b jing
上古音：「西」s iər／s iei／s ied／s er／s id
上古音：「山」s ăn／ʃ ean／- -／s rian／s rian
随唐音：「平」bʰ i̯wɐŋ／b ǐɐŋ／bʰ jɐŋ／b iaŋ／b jɐng／bʰ ǐaŋ
随唐音：「山」ʂ ăn／ʃ æn／ʃ æn／ʂ æn／ṣ ăn／ʃ ɐn","アイヌ語：「平西山（県）」
＝「ピ・エ・エン・シル・エ・エン・シル・エ・エン(pi-e-en-sir-e-en-sir-e-en)」＝「石が・そこで・突き出ている（ところ）・山が・そこで・突き出ている（ところ）・山が・そこで・突き出ている（ところ）」
アイヌ語：「西平」
＝「シル・エ・エン・ピ・エ・エン(sir-e-en-pi-e-en)」＝「山が・そこで・突き出ている（ところ）・石が・そこで・突き出ている（ところ）」
アイヌ語：「平山（県）」
＝「ピ・アゥ・ウン・シル・エ・エン(pi-aw-un-sir-e-en)」＝「石の・角・にある・山が・そこで・突き出ている（ところ）」","jomon2_bnum60.html"
"康州","河東郡","慶尚南道 河東郡 河東邑","河東郡","韓多沙郡","河東郡","上古音：「韓」ɡʰ ɑn／ɣ an／- -／ɡ an／- -
上古音：「多」t ɑ／t ai／t ɑ／t a／t ar
上古音：「沙」s a／ʃ eai／s a／s ra／s rar
随唐音：「河」ɣ ɑ／ɣ ɑ／ɣ ɑ／ɣ ɑ／ɣ â／ɣ ɑ
随唐音：「東」t uŋ／t uŋ／t uŋ／t uŋ／t ung／t oŋ","アイヌ語：「韓多沙（郡）」
＝「キル・アゥ・タ・シル・アゥ(kir-aw-ta-sir-aw)」＝「山脚の・角、枝分かれ・にある・山の・角、枝分かれ」
アイヌ語：「河東（郡）」
＝「キル・アゥ・テュ・ウン(kir-aw-tu-un)」＝「山脚の・角、枝分かれの・峰・にある（ところ）」","jomon2_bnum60.html"
"康州","省良県","慶尚南道 河東郡 金南面","省良県","","金良部曲","随唐音：「省」ʂ i̯ɛŋ／ʃ ɐŋ／ʃ ɐŋ／ʂ aŋ／ṣ ɐng／ʃ ǐaŋ
随唐音：「良」l i̯aŋ／l ǐaŋ／l jɑŋ／l iɑŋ／l jang／l ǐɑŋ
随唐音：「金」k i̯əm／k ǐěm／k jem／k iem／k jəm／k ǐəm","アイヌ語：「省良（県）」
＝「シル・アゥ・ウン・リ・アゥ・ウン(sir-aw-un-ri-aw-un)」＝「山の・角、枝分かれ・にある・高い・角、枝分かれ・にある（ところ）」
アイヌ語：「金良（部曲）」
＝「キル・アム・リ・アゥ・ウン(kir-am-ri-aw-un)」＝「山脚の・爪の（ように平べったく鋭い）・高い・角、枝分かれ・にある（ところ）」","jomon2_bnum60.html"
"康州","嶽陽県","慶尚南道 河東郡 岳陽面","嶽陽県","小多沙県","嶽陽県","上古音：「小」s i̯oɡ／s ǐau／s jɔɡ／s jiaw／s jagwx
上古音：「多」t ɑ／t ai／t ɑ／t a／t ar
上古音：「沙」s a／ʃ eai／s a／s ra／s rar
随唐音：「嶽」ŋ ɔk／ŋ ɔk／ŋ ɔk／ŋ ok／ng åk／ŋ ɔk
随唐音：「陽」0 i̯aŋ／j ǐaŋ／0 jɑŋ／0 iɑŋ／ji ang／0 ǐɑŋ","アイヌ語：「小多沙（県）」
＝「シル・アク・タ・シル・アゥ(sir-ak-ta-sir-aw)」＝「山の・弟（のように小さいもの）・にある・山の・角、枝分かれ」
アイヌ語：「嶽陽（県）」
＝「キル・アク・イ・アゥ・ウン(kir-ak-i-aw-un)」＝「山脚の・弟（のように小さいもの）・その・角、枝分かれ・にある（ところ）」","jomon2_bnum60.html"
"康州","固城郡","慶尚南道 固城郡 固城邑","固城郡","古自郡","固城郡","上古音：「古」k o／k a／k ɑɡ／k aɣ／k agx
上古音：「自」- -／dz ǐei／dzʰ jed／dz jier／dz jidh
随唐音：「固」k uo／k u／k uo／k uo／k uo／k u
随唐音：「城」ʑ i̯ɛŋ／ʑ ǐɛŋ／ʑ jɛŋ／dʑ iæŋ／ź jäng／ʑ ǐɛŋ","アイヌ語：「古自（郡）」＝「ク・オ・テュ・エ・エン(ku-o-tu-e-en)」＝「矢（先のような形の峰）が・たくさんある・峰が・そこで・突き出ている（ところ）」
アイヌ語：「固城（郡）」＝「ク・オ・テュ・エ・エン(ku-o-tu-e-en)」＝「矢（先のような形の峰）が・たくさんある・峰が・そこで・突き出ている（ところ）」","jomon2_bnum60.html"
"康州","泗水県","慶尚南道 泗川市 泗川邑","泗水県","史勿県","泗州","上古音：「史」sl i̯əɡ／ʃ ǐə／s əɡ／s iəɣ／sl jəgx
上古音：「勿」m i̯wət／m ǐwət／m juə̆t／m jwət／m jət
随唐音：「泗」s i／s i／s jei／s iɪi／s ji／s ǐe
随唐音：「水」ɕ wi／ɕ wi／ɕ juei／ɕ iuɪi／ś jwi／s ǐue","アイヌ語：「史勿（県）」
＝「シル・エ・エン・ムィ・アッ(sir-e-en-muy-at)」＝「山が・そこで・突き出ている・頂が・たくさんある（ところ）」
アイヌ語：「泗水（県）」
＝「シル・エ・エン・イ・シル・エ・エン・イ(sir-e-en-i-sir-e-en-i)」＝「山が・そこで・突き出ている・ところ・山が・そこで・突き出ている・ところ」
アイヌ語：「泗（州）」
＝「シル・エ・エン・イ(sir-e-en-i)」＝「山が・そこで・突き出ている・ところ」","jomon2_bnum60.html"
"康州","尚善県","慶尚南道 固城郡 永吾面","尚善県","一善県","永善県","上古音：「一」ʔ i̯ĕt／0 ǐet／ʔ jet／ʔ jiet／· jit
上古音：「善」ȡ i̯an／ʑ ǐan／ʑ jæn／d jian／d janx
随唐音：「尚」ʑ i̯aŋ／ʑ ǐaŋ／ʑ jɑŋ／dʑ iɑŋ／ź jang／ʑ ǐɑŋ
随唐音：「善」ʑ i̯ɛn／ʑ ǐɛn／ʑ jæn／dʑ iæn／ź jän／ʑ ǐɛn
随唐音：「永」j i̯wɐŋ／ɣ ǐwɐŋ／ɣ juɐŋ／j iuaŋ／j wɐng／j ǐuaŋ","アイヌ語：「一善（県）」
＝「イ・アッ・テュ・アゥ・ウン(i-at-tu-aw-un)」＝「それが・たくさんある・峰、岬の・角、枝分かれ・にある（ところ）」
アイヌ語：「尚善（県）」
＝「テュ・アゥ・ウン・テュ・エ・エン(tu-aw-un-tu-e-en)」＝「峰の・角、枝分かれ・にある（ところ）・峰が・そこで・突き出ている（ところ）」
アイヌ語：「永善（県）」
＝「キル・アゥ・ウン・テュ・エ・エン(kir-aw-un-tu-e-en)」＝「山脚の・角、枝分かれ・にある・峰が・そこで・突き出ている（ところ）」
or「イ・アゥ・ウン・テュ・エ・エン(i-aw-un-tu-e-en)」＝「その・角、枝分かれ・にある・峰が・そこで・突き出ている（ところ）」
or「イワ・ウン・テュ・エ・エン(iwa-un-tu-e-en)」＝「祖先を祀る神聖な山・にある（ところ）・峰が・そこで・突き出ている（ところ）」","jomon2_bnum60.html"
"康州","咸安郡","慶尚南道 咸安郡 咸安面","咸安郡","阿尸良（阿那加耶）郡／阿尸良郡／阿那加耶","咸安郡","上古音：「阿」ʔ ɑ／0 ai／ʔ ɑ／ʔ a／ · ar
上古音：「尸」ɕ i̯ər／ɕ ǐei／ç jed／stʰ jier／h rjid
上古音：「良」l i̯aŋ／l ǐaŋ／l jaŋ／l iaŋ／l jang
上古音：「那」n ɑr／n ai／n ɑ／n a／n ar
上古音：「加」k a／k eai／k a／k ra／k rar
上古音：「耶」z i̯ɔ／ʎ ia／- -／ɣr aɣ／- -
随唐音：「咸」ɣ ăm／ɣ ɐm／ɣ ɐm／ɣ æm／ɣ ăm／x ɐm
随唐音：「安」ʔ ɑn／0 ɑn／ʔ ɑn／ʔ ɑn／· ân／ʔ ɑn","アイヌ語：「阿尸良（郡）」
＝「アゥ・シル・エ・エン・リ・アゥ・ウン(aw-sir-e-en-ri-aw-un)」＝「角、枝分かれの・山が・そこで・突き出ている・高い・角、枝分かれ・にある（ところ）」
アイヌ語：「阿那加耶」
＝「アゥ・ナ・ク・アゥ・イ・アゥ(aw-na-ku-aw-i-aw)」＝「角、枝分かれの・方の・矢（先のような形の峰）の・角、枝分かれ・その・角、枝分かれ」
アイヌ語：「咸安（郡）」
＝「キル・アム・アゥ・ウン(kir-am-aw-un)」＝「山脚の・爪の（ような形の）・角、枝分かれ・にある（ところ）」","jomon2_bnum60.html"
"康州","玄武県","慶尚南道 咸安郡 郡北面","玄武県","召彡県","召彡部曲","上古音：「召」dʰ i̯oɡ／d ǐau／- -／d iaw／- -
上古音：「召」ȡ i̯oɡ／ʑ ǐau／- -／d jiaw／- -
上古音：「彡」- -／- -／s əm／s jiəm／s rəm
随唐音：「玄」ɣ iwen／ɣ iwen／ɣ iuɛn／ɣ iuɛn／ɣ iwen／ɣ iuen
随唐音：「武」m i̯u／m ǐu／m juo／m iuo／m ju／ɱ ǐu","アイヌ語：「召彡（県）」
＝「テュ・アゥ・シル・アム(tu-aw-sir-am)」＝「峰の・角、枝分かれの・山の・爪（のようなもの）」
アイヌ語：「玄武（県）」
＝「キル・エ・エン・ムィ・オ(kir-e-en-muy-o)」＝「山脚が・そこで・突き出ている・頂が・たくさんある（ところ）」","jomon2_bnum60.html"
"康州","宜寧県","慶尚南道 宜寧郡 宜寧邑","宜寧県","獐含県","宜寧県","上古音：「獐」ȶ i̯aŋ／- -／- -／- -／- -
上古音：「含」ɡʰ əm／ɣ əm／ɣ ə̂m／ɡ əm／g əm
随唐音：「宜」ŋ jie̯ ／ŋ ǐe／ŋ jĕ／ŋ ie／ng jĕ／ŋ ǐɛ
随唐音：「寧」n ieŋ／n ieŋ／n ieŋ／n iɛŋ／n ieng／n ieŋ","アイヌ語：「獐含（県）」
＝「テュ・アゥ・ウン・キル・アム(tu-aw-un-kir-am)」＝「峰の・角、枝分かれ・にある・山脚の・爪」
アイヌ語：「宜寧（県）」
＝「キル・エ・エン・ニ・エ・エン(kir-e-en-ni-e-en)」＝「山脚が・そこで・突き出ている（ところ）・棒（のように細長い峰）が・そこで・突き出ている（ところ）」","jomon2_bnum60.html"
"康州","巨濟郡","慶尚南道 巨済市","巨濟郡","裳郡","巨濟郡","随唐音：「裳」ʑ i̯aŋ／ʑ ǐaŋ／ʑ jɑŋ／dʑ iɑŋ／ź jang／ʑ ǐɑŋ
随唐音：「巨」ɡʰ i̯wo／g ǐo／ɡʰ jo／ɡ io／g jwo／ɡʰ ǐo
随唐音：「濟」ts iei／ts iei／ts iɛi／ts iɛi／ts iei／ts iei","アイヌ語：「裳（郡）」
＝「テュ・アン(tu-an)」＝「峰・がある（ところ）」
アイヌ語：「巨濟（郡）」
＝「キル・オ・テュ・エ・エン(kir-o-tu-e-en)」＝「山脚が・たくさんある・峰が・そこで・突き出ている（ところ）」","jomon2_bnum60.html"
"康州","鵝洲県","慶尚南道巨済市鵝洲洞","鵝洲県","巨老県","鵝洲県","上古音：「巨」ɡʰ i̯o／g ǐa／ɡʰ jaɡ／ɡ jaɣ／g jagx
上古音：「老」l／l u／l ôɡ ／l əw／l əgwx
随唐音：「鵝」ŋ ɑ／ŋ ɑ／ŋ ɑ／ŋ ɑ／ng â／ŋ ɑ
随唐音：「洲」tɕ i̯ə̯u／tɕ ǐəu／tɕ ju／tɕ iəu／tś jə̆u／tɕ ǐou","アイヌ語：「巨老（県）」
＝「キル・アゥ・ル・アゥ(kir-aw-ru-aw)」＝「山脚の・角、枝分かれ・消えかかっている・角、枝分かれ」
アイヌ語：「鵝洲（県）」
＝「キル・アゥ・テュ・アゥ(kir-aw-tu-aw)」＝「山脚の・角、枝分かれ・峰の・角、枝分かれ」","jomon2_bnum60.html"
"康州","溟珍県","慶尚南道 巨済市 巨済面 明珍里","溟珍県","買珍伊県","溟珍県","上古音：「買」- -／m e／m eɡ／m reɣ／m rigx
上古音：「珍」t i̯ən／t ǐen／t jen／t ien／t rjin
上古音：「伊」ʔ i̯ær／0 ǐei／ʔ jed／ʔ jier／· jid
随唐音：「溟」m ieŋ／m ieŋ／m ieŋ／m iɛŋ／m ieng／m ieŋ
随唐音：「珍」ȶ i̯ĕn／ȶ ǐěn／ȶ jen／ʈ iɪn／ṭ jĕn／ȶʰ ǐen","アイヌ語：「買珍伊（県）」
＝「メク・テュ・エ・エン・イ・エ・エン(mek-tu-e-en-i-e-en)」＝「尾根の・峰が・そこで・突き出ている（ところ）・それが・そこで・突き出ている（ところ）」
アイヌ語：「溟珍（県）」
＝「ムィ・エ・エン・テュ・エ・エン(muy-e-en-tu-e-en)」＝「頂が・そこで・突き出ている（ところ）・峰が・そこで・突き出ている（ところ）」","jomon2_bnum60.html"
"康州","南垂県","慶尚南道 巨済市 南部面 多大里","南垂県","松辺県","松辺県","上古音：「松」dz i̯uŋ／z ǐwɔŋ／z juŋ／r jewŋ／sg jung
上古音：「邊」p ian／p ian／p iuæn／p ewan／p ian
随唐音：「南」n ɑ̆m／n ɒm／n Am／n em／n ậm／n əm
随唐音：「垂」ʑ wie̯ ／ʑ ǐwe／ʑ jue／dʑ iu／ź jwĕ／ʑ ǐuɛ","アイヌ語：「松辺（県）」
＝「テュン・ペ・アン(tun-pe-an)」＝「山間の・水・がある（ところ）」
アイヌ語：「南垂（県）」
＝「ナン・チゥェ(nan-ciwe)」＝「斜面の・その水流、水脈」","jomon2_bnum60.html"
"康州","闕城郡","慶尚南道 山清郡 丹城面","闕城郡／闕城県","闕支郡","江城郡","上古音：「闕」kʰ i̯wăt／kʰ ǐwat／kʰ juăt／kʰ jwat／kh juat
上古音：「支」ȶ i̯ĕɡ／ȶ ǐe／c jeɡ／t jieɣ／k rjig
随唐音：「闕」kʰ i̯wɐt／kʰ ǐwɐt／kʰ juɐt／kʰ iuɑt／kh jwɐt／kʰ ǐuɐt
随唐音：「城」ʑ i̯ɛŋ／ʑ ǐɛŋ／ʑ jɛŋ／dʑ iæŋ／ź jäng／ʑ ǐɛŋ
随唐音：「江」k ɔŋ／k ɔŋ／k ɔŋ／k oŋ／k ång／k ɔŋ","アイヌ語：「闕支（郡）」
＝「キル・アッ・テュ・エ・エン(kir-at-tu-e-en)」＝「山脚が・たくさんある・峰が・そこで・突き出ている（ところ）」
アイヌ語：「闕城（郡）」
＝「キル・アッ・テュ・エ・エン(kir-at-tu-e-en)」＝「山脚が・たくさんある・峰が・そこで・突き出ている（ところ）」
アイヌ語：「江城（郡）」＝「ク・アゥ・ウン・テュ・エ・エン(ku-aw-un-tu-e-en)」＝「矢（先のような形の峰）の・角、枝分かれ・にある・峰が・そこで・突き出ている（ところ）」","jomon2_bnum60.html"
"康州","丹邑県","慶尚南道 山清郡 新等面 丹渓里","丹邑県","赤村県","丹渓県","上古音：「赤」ȶʰ i̯ăk／ȶʰ iak／cʰ jăk／tʰ jiak／kh rjiak
上古音：「村」- -／tsʰ uən／tsʰ uə̂n／- -／tsh ən
随唐音：「丹」t ɑn／t ɑn／t ɑn／t ɑn／t ân／t ɑn
随唐音：「邑」ʔ i̯əp／0 ǐěp／ʔ jĕp／ʔ iep／· jəp／ʔ ǐəp
随唐音：「溪」- -／kʰ iei／kʰ iɛi／kʰ iɛi／kh iei／kʰ iei","アイヌ語：「赤村（県）」
＝「テュ・エ・アク・テュ・エ・エン(tu-e-ak-tu-e-en)」＝「峰が・そこで・矢を射る（ような尖った形の）（ところ）・峰が・そこで・突き出ている（ところ）」
アイヌ語：「丹邑（県）」＝「テュ・アゥ・ウン・イ・アプ(tu-aw-un-i-ap)」＝「峰の・角、枝分かれ・にある・その・釣り針（の形のようなもの）」
アイヌ語：「丹渓（県）」
＝「テュ・アゥ・ウン・キル・エ・エン(tu-aw-un-kir-e-en)」＝「峰の・角、枝分かれ・にある・山脚が・そこで・突き出ている（ところ）」","jomon2_bnum60.html"
"康州","山陰県","慶尚南道 山清郡 山清邑 山清里","山陰県","知品川県","山陰県","上古音：「知」t i̯ĕɡ／t ǐe／t jeɡ／t ieɣ／t rig
上古音：「品」pʰl i̯əm／pʰ ǐəm／pʰ jəm／pʰ iəm／phl jiəmx
上古音：「川」ȶʰ i̯wan／ȶʰ ǐwən- -／- -／th jiən
随唐音：「山」ʂ ăn／ʃ æn／ʃ æn／ʂ æn／ṣ ăn／ʃ ɐn
随唐音：「陰」ʔ i̯əm／0 ǐěm／ʔ jĕm／ʔ iem／· jəm／ʔ ǐəm","アイヌ語：「知品川（県）」
＝「テュ・エ・エン・ピル・アム・テュ・エ・エン(tu-e-en-pir-am-tu-e-en)」＝「峰が・そこで・突き出ている・傷の（ように切り刻まれた）・爪の・峰が・そこで・突き出ている（ところ）」
アイヌ語：「山陰（県）」 ＝「シル・エ・エン・イ・アム(sir-e-en-i-am)」＝「山が・そこで・突き出ている・その・爪（の形のもの）」","jomon2_bnum60.html"
"康州","天嶺郡","慶尚南道 咸陽郡 咸陽邑","天嶺郡","速含郡","咸陽郡","上古音：「速」s uk／s ɔk／s ûk／s ewk／s uk
上古音：「含」ɡʰ əm／ɣ əm／ɣ ə̂m／ɡ əm／g əm
随唐音：「天」tʰ ien／tʰ ien／tʰ iɛn／tʰ iɛn／th ien／tʰ ien
随唐音：「嶺」- -／l ǐɛŋ／l jɛŋ／l iæŋ／l jäng／l ǐɛŋ
随唐音：「咸」ɣ ăm／ɣ ɐm／ɣ ɐm／ɣ æm／ɣ ăm／x ɐm
随唐音：「陽」0 i̯aŋ／j ǐaŋ／0 jɑŋ／0 iɑŋ／ji ang／0 ǐɑŋ","アイヌ語：「速含（郡）」
＝「シル・オク・キル・アム(sir-ok-kir-am)」＝「山の・うなじ（盆の窪のような窪み）の・脚の・爪（のように平べったい鋭い峰）」
アイヌ語：「天嶺（郡）」
＝「テュ・エ・エン・リ・エン(tu-e-en-ri-en)」＝「峰が・そこで・突き出ている・高く・突き出ている（ところ）」
アイヌ語：「咸陽（郡）」
＝「キル・アム・イ・アゥ・ウン(kir-am-i-aw-un)」＝「山脚の・爪（のように平べったい鋭い峰）・その・角、枝分かれ・にある（ところ）」","jomon2_bnum60.html"
"康州","雲峯県","全北特別自治道 南原市 雲峯邑","雲峯県","母山県（阿英城、阿莫城）／母山県／阿英城／阿莫城","雲峯県","上古音：「母」m əɡ／m ə／m uə̩̂ɡ／m əɣ／m əgx
上古音：「山」s ăn／ʃ ean／- -／s rian／s rian
上古音：「阿」ʔ ɑ／0 ai／ʔ ɑ／ʔ a／· ar
上古音：「英」ʔ i̯ăŋ／0 iaŋ／ʔ jăŋ／ʔ iaŋ／· jiang
上古音：「城」ȡ i̯ĕŋ／ʑ ǐeŋ／ʑ jeŋ／d jieŋ／d jing
上古音：「莫」m uak／m uɑk／m wak／m ak
随唐音：「雲」j i̯uən／ɣ ǐuən／ɣ juən／j iuən／j uən／j ǐuən
随唐音：「峯」- -／pʰ ǐwoŋ／pʰ juoŋ／pʰ iuoŋ／ph jwong／pfʰ ǐuŋ","アイヌ語：「母山（県）」
＝「ム・アク・シル・エ・エン(mu-ak-sir-e-en)」＝「ふさがった・弟の（ように小さい）or矢を射る（ように鋭く尖った）・山が・そこで・突き出ている（ところ）」
アイヌ語：「阿英城」 ＝「アゥ・イ・アゥ・テュ・エ・エン(aw-i-aw-tu-e-en)」＝「角、枝分かれ・その・角、枝分かれの・峰が・そこで・突き出ている（ところ）」
アイヌ語：「阿莫城」
＝「アゥ・ム・アク・テュ・エ・エン(aw-mu-ak-tu-e-en)」＝「角、分かれの・ふさがった・弟の（ように小さい）o矢を射る（ように鋭く尖った）・峰が・そこで・突き出ている（ところ）」
アイヌ語：「雲峯（県）」
＝「キル・エ・エン・ピル・アゥ・ウン(kir-e-en-pir-aw-un)」＝「山脚が・そこで・突き出ている・傷（のように切り刻まれた峰）の・角、枝分かれ・にある（ところ）」
or「イ・エ・エン・ピル・アゥ・ウン(i-e-en-pir-aw-un)」＝「それが・そこで・突き出ている・傷（のように切り刻まれた峰）の・角、枝分かれ・にある（ところ）」","jomon2_bnum60.html"
"康州","利安県","慶尚南道 咸陽郡 安義面","利安県","馬利県","利安県","上古音：「馬」m ɔ／m ea／m uăɡ／m rwaɣ／m ragx
上古音：「利」l i̯əd／l ǐei／l jed／l ier／l jidh
随唐音：「利」l ji／l i／l jei／l iɪi／l ji／l ǐe
随唐音：「安」ʔ ɑn／0 ɑn／ʔ ɑn／ʔ ɑn／· ân／ʔ ɑn","アイヌ語：「馬利（県）」
＝「ム・アク・リ・エン(mu-ak-ri-en)」＝「ふさがった・弟の（ように小さい）or矢を射る（ように鋭く尖った）・高く・突き出ている（ところ）」
アイヌ語：「利安（県）」
＝「リ・エン・アゥ・ウン(ri-en-aw-un)」＝「高く・突き出ている・角、枝分かれ・にある（ところ）」","jomon2_bnum60.html"
"康州","居昌郡","慶尚南道 居昌郡 居昌邑","居昌郡","居烈郡（居陁）／居烈郡／居陁郡","居昌郡","上古音：「居」k i̯o／k ǐa／k jaɡ／k jaɣ／k jag
上古音：「烈」l i̯at／l ǐat／- -／l iat／l jat
上古音：「陀」- -／ d ai／- -／- -／- -
随唐音：「居」k i̯wo／k ǐo／k jo／k io／k jwo／k ǐo
随唐音：「昌」tɕʰ i̯aŋ／tɕʰ ǐaŋ／tɕʰ jɑŋ／tɕʰ iɑŋ／tśh jang／tɕʰ ǐɑŋ","アイヌ語：「居烈（郡）」
＝「キル・アゥ・リ・アッ(kir-aw-ri-at)」＝「山脚の・角、枝分かれが・高く・たくさんある（ところ）」
アイヌ語：「居陁（郡）」
＝「キル・アゥ・テュ・アィ(kir-aw-tu-ay)」＝「山脚の・角、枝分かれの・峰の・矢、カジキマグロの顎（のように鋭く尖ったもの）」
アイヌ語：「居昌（郡）」
＝「キル・オ・テュ・アゥ・ウン(kir-o-tu-aw-un)」＝「山脚が・たくさんある・峰の・角、枝分かれ・にある（ところ）」","jomon2_bnum60.html"
"康州","餘善県","慶尚南道 居昌郡 渭川面","餘善県","南内県","感陰県","上古音：「南」n əm／n əm／n ə̂m／n əm／n əm
上古音：「内」n wəd／n uəi／n uə̂b,n uə̂d／n wər／n əbh
随唐音：「餘」0 i̯wo／j ǐo／0 jo／0 io／ji wo／0 ǐo
随唐音：「善」ʑ i̯ɛn／ʑ ǐɛn／ʑ jæn／dʑ iæn／ź jän／ʑ ǐɛn
随唐音：「感」k ɑ̆m／k ɒm／k Am／k əm／k ậm／k əm
随唐音：「陰」ʔ i̯əm／0 ǐěm／ʔ jĕm／ʔ iem／· jəm／ʔ ǐəm","アイヌ語：「南内（県）」
＝「ナン・ニン・アィ(nan-nin-ay)」＝「顔（斜面）の・消えかかった・カジキマグロの顎（のように鋭く突き出た峰）」
アイヌ語：「餘善（県）」
＝「イ・オ・テュ・エ・エン(i-o-tu-e-en)」＝「それが・たくさんある・峰が・そこで・突き出ている（ところ）」
アイヌ語：「感陰（県）」
＝「キル・アム・イ・アム(kir-am-i-am)」＝「山脚の・爪・その・爪（のように平べったく鋭い峰）」","jomon2_bnum60.html"
"康州","高霊郡","慶尚北道 高霊郡 大伽倻邑","高霊郡","大加耶","高霊郡","上古音：「大」tʰ ɑd, dʰ ɑd／d at／dʰ ɑd／d ar／d adh
上古音：「加」k a／k eai／k a／k ra／k rar
上古音：「耶」z i̯ɔ／ʎ ia／- -／ɣr aɣ／- -
随唐音：「高」k ɑu／k ɑu／k ɑu／k ɑu／k âu／k ɑu
随唐音：「靈」l ieŋ／l ieŋ／l ieŋ／l iɛŋ／l ieng／l ieŋ","アイヌ語：「大加耶」
＝「テュ・アッ・ク・アゥ・イ・アゥ(tu-at-ku-aw-i-aw)」＝「峰が・たくさんある・矢（先のような形の峰）の・角、枝分かれ・その・角、枝分かれ」
アイヌ語：「高霊（郡）」
＝「ク・アゥ・リ・エン(ku-aw-ri-en)」＝「矢（先のような形の峰）の・角、枝分かれの・高く・突き出ている（ところ）」","jomon2_bnum60.html"
"康州","冶爐県","慶尚南道 陜川郡 冶炉面","冶爐県","赤火県","冶爐県","上古音：「赤」ȶʰ i̯ăk／ȶʰ iak／cʰ jăk／tʰ jiak／kh rjiak
上古音：「火」x wɑr／h uəi／x uə̂r／x wə／hw ərx
随唐音：「冶」0 i̯a／j ǐa／0 ja／0 ia／ji a／0 ǐa
随唐音：「爐」l uo／l u／l uo／l uo／l uo／l u","アイヌ語：「赤火（県）」＝「テュ・アク・ハィ(tu-ak-hay)」＝「峰の・矢を射る（ような形の）・カジキマグロの顎（のように突き出た頂）」
アイヌ語：「冶爐（県）」
＝「イェ・アゥ・ル・オ(ye-aw-ru-o)」＝「石、岩の・角、枝分かれの・あとが・たくさんある（ところ）」","jomon2_bnum60.html"
"康州","新復県","慶尚北道 高霊郡 牛谷面","新復県","加尸兮県","未詳","上古音：「加」k a／k eai／k a／k ra／k rar
上古音：「尸」ɕ i̯ər／ɕ ǐei／ç jed／stʰ jier／h rjid
上古音：「兮」- -／ɣ ie／ɣ ieɡ／ɡ eɣ／g ig
随唐音：「新」s i̯ĕn／s ǐěn／s jen／s iɪn／s jĕn／s ǐen
随唐音：「復」bʰ i̯uk／b ǐuk／bʰ juk／b iuk／b juk／bvʰ ǐok","アイヌ語：「加尸兮（県）」
＝「ク・アゥ・シル・エ・エン・キル・エ・エン(ku-aw-sir-e-en-kir-e-en)」＝「矢（先のような形の峰）の・角、枝分かれの・山が・そこで・突き出ている（ところ）・山脚が・そこで・突き出ている（ところ）」
アイヌ語：「新復（県）」
＝「シル・エ・エン・ピル・ケ(sir-e-en-pir-ke)」＝「山が・そこで・突き出ている・傷の（ように切り刻まれた）・ところ」","jomon2_bnum60.html"
"康州","江陽郡","慶尚南道陝川郡陝川邑","江陽郡","大良（or耶）州郡","陝州","上古音：「大」tʰ ɑd, dʰ ɑd／d at／dʰ ɑd／d ar／d adh
上古音：「良」l i̯aŋ／l ǐaŋ／l jaŋ／l iaŋ／l jang
上古音：「耶」z i̯ɔ／ʎ ia／- -／ɣr aɣ／- -
上古音：「州」tɕ／ȶ ǐu／ȶ jŏɡ／t jəw／t jəgw
随唐音：「江」k ɔŋ／k ɔŋ／k ɔŋ／k oŋ／k ång／k ɔŋ
随唐音：「陽」0 i̯aŋ／j ǐaŋ／0 jɑŋ／0 iɑŋ／ji ang／0 ǐɑŋ
随唐音：「陝」- -／ɕ ǐɛm／ɕ jæm／ɕ iæm／ś jäm／ɕ ǐɛm
随唐音：「州」tɕ i̯ə̯u／tɕ ǐəu／tɕ ju／tɕ iəu／tś jə̆u／tɕ ǐou","アイヌ語：「大良州」
＝「テュ・アッ・リ・アゥ・ウン・テュ・アゥ(tu-at-ri-aw-un-tu-aw)」＝「峰が・たくさんある・高い・角、枝分かれ・にある・峰の・角、枝分かれ」
アイヌ語：「大耶州」
＝「テュ・アッ・イ・アゥ・テュ・アゥ(tu-at-i-aw-tu-aw)」＝「峰が・たくさんある・その・角、枝分かれ・峰の・角、枝分かれ」
アイヌ語：「江陽（郡）」
＝「ク・アゥ・ウン・イ・アゥ・ウン(ku-aw-un-i-aw-un)」＝「矢（先のような形の峰）の・角、枝分かれ・にある（ところ）・その・角、枝分かれ・にある（ところ）」
アイヌ語：「陝州」
＝「シル・アム・テュ・アゥ(sir-am-tu-aw)」＝「山の・爪の（ように平べったく鋭い）・峰の・角、枝分かれ」","jomon2_bnum60.html"
"康州","三岐県","慶尚南道 陝川郡大並面","三岐県","三支県（麻杖）／三支県／麻杖","三岐県","上古音：「三」s əm／s əm／s ə̂m／s əm／s əm
上古音：「支」ȶ i̯ĕɡ／ȶ ǐe／c jeɡ／t jieɣ／k rjig
上古音：「麻」m a／m eai／m ua／m rwa／m rar
上古音：「杖」dʰ i̯aŋ／d ǐaŋ／dʰ jaŋ／d jaŋ／d rjangx
随唐音：「三」s ɑm／s ɑm／s ɑm／s ɑm／s âm／s ɑm
随唐音：「岐」ɡʰ jie̯ ／g ǐe／ɡʰ je／ɡ iɪ／g jie／ɡʰ ǐɛ","アイヌ語：「三支（県）」
＝「サム・テュ・エ(sam-tu-e)」＝「隣の・峰の・頭」
アイヌ語：「麻杖」
＝「ム・アゥ・テュ・アン(mu-aw-tu-an)」＝「ふさがった・角、枝分かれの・峰・がある（ところ）」
アイヌ語：「三岐（県）」
＝「サム・キル・エ(sam-kir-e)」＝「隣の・山脚の・頭、岬」","jomon2_bnum60.html"
"康州","八谿県","慶尚南道 陜川郡 草渓面","八谿県","草八兮県","草谿県","上古音：「草」tsʰ／tsʰ u／tsʰ ôɡ／tsʰ əw／tsh əgwx
上古音：「八」p wăt／p et／p et／p ret／p riat
上古音：「兮」- -／ɣ ie／ɣ ieɡ／ɡ eɣ／g ig
随唐音：「八」p wăt／p æt／p æt／p at／p wăt／p uɐt
随唐音：「谿」kʰ iei／kʰ iei／kʰ iɛi／kʰ iɛi／kh iei／kʰ iei
随唐音：「草」tsʰ ɑu／tsʰ ɑu／tsʰ ɑu／tsʰ ɑu／tsh âu／tsʰ ɑu","アイヌ語：「草八兮（県）」
＝「テュ・ペッ・キル・エ(tu-pet-kir-e)」＝「峰の・川の・山脚の・頭」
アイヌ語：「八谿（県）」
＝「ペッ・キル・エ・エン・イ(pet-kir-e-en-i)」＝「川の・山脚が・そこで・突き出ている・ところ」
アイヌ語：「草谿（県）」
＝「テュ・アゥ・キル・エ・エン・イ(tu-aw-kir-e-en-i)」＝「峰の・角、枝分かれの・山脚が・そこで・突き出ている・ところ」","jomon2_bnum60.html"
"康州","宜桑県","慶尚南道 宜寧郡 富林面","宜桑県","辛尒県（朱鳥村、泉州県）／辛尒県／朱鳥村／泉州県","新繁県","上古音：「辛」s i̯ĕn／s ǐen／s jen／s jien／s jin
上古音：「尒」- -／- -／ȵ jer／n jie／n jidx
上古音：「朱」ȶ i̯u／ȶ ǐwɔ／ȶ juɡ／t jew／t jug
上古音：「鳥」t／t iu／t ioɡ／t eəw／t iəgwx
上古音：「村」- -／tsʰ uən／tsʰ uə̂n／- -／tsh ən
上古音：「泉」dzʰ i̯wan／d ǐwan／dzʰ juæn／dz jiwan／dz juan
上古音：「州」tɕ／ȶ ǐu／ȶ jŏɡ／t jəw／t jəgw
随唐音：「宜」ŋ jie̯ ／ŋ ǐe／ŋ jĕ／ŋ ie／ng jĕ／ŋ ǐɛ
随唐音：「桑」s ɑŋ／s ɑŋ／s ɑŋ／s ɑn／s âng／s ɑŋ
随唐音：「新」s i̯ĕn／s ǐěn／s jen／s iɪn／s jĕn／s ǐen
随唐音：「繁」bʰ uɑn／b uɑn／bʰ uɑn／b uɑn／b uân／bʰ uɑn","アイヌ語：「辛尒（県）」
＝「シル・エ・エン・ニ・エ・エン(sir-e-en-ni-e-en)」＝「山が・そこで・突き出ている（ところ）・棒（のように細長い峰）が・そこで・突き出ている（ところ）」
アイヌ語：「朱鳥村」
＝「テュ・テュ・テュ・エ・エン(tu-tu-tu-e-en)」＝「峰・峰の・峰が・そこで・突き出ている（ところ）」※たくさんの峰が突き出ているところ。
アイヌ語：「泉州（県）」
＝「テュ・アゥ・ウン・テュ・アゥ・ウン(tu-aw-un-tu-aw-un)」＝「峰の・角、枝分かれ・にある（ところ）・峰の・角、枝分かれ・にある（ところ）」
アイヌ語：「宜桑（県）」
＝「キル・エ・サン(kir-e-san)」＝「山脚が・そこで・前に出ている（ところ）」
アイヌ語：「新繁（県）」
＝「シル・エ・エン・プ・アゥ・ウン(sir-e-en-pu-aw-un)」＝「山が・そこで・突き出ている・倉の（屋根のような三角山の）・角、枝分かれ・にある（ところ）」","jomon2_bnum60.html"
"康州","星山郡","慶尚北道 高霊郡 星山面","星山郡","一利郡（里山郡）／一利郡／里山郡","加利県","上古音：「一」ʔ i̯ĕt／0 ǐet／ʔ jet／ʔ jiet／· jit
上古音：「利」l i̯əd／l ǐei／l jed／l ier／l jidh
上古音：「里」l i̯əɡ／l ǐə／l jəɡ／l iəɣ／l jəgx
上古音：「山」s ăn／ʃ ean／- -／s rian／s rian
随唐音：「星」s ieŋ／s ieŋ／s ieŋ／s iɛŋ／s ieng／s ieŋ
随唐音：「山」ʂ ăn／ʃ æn／ʃ æn／ʂ æn／ṣ ăn／ʃ ɐn
随唐音：「加」k a／k a／k a／k a／k a／k a
随唐音：「利」l ji／l i／l jei／l iɪi／l ji／l ǐe","アイヌ語：「一利郡」＝「イ・アッ・リ・エン(i-at-ri-en)」＝「それが・たくさんある・高く・突き出ている（ところ）」
アイヌ語：「里山郡」
＝「リ・アク・シル・エ・エン(ri-ak-sir-e-en)」＝「高く・矢を射る・山が・そこで・突き出ている（ところ）」
アイヌ語：「星山（郡）」 ＝「シル・エ・エン・シル・エ・エン(sir-e-en-sir-e-en)」＝「山が・そこで・突き出ている（ところ）・山が・そこで・突き出ている（ところ）」
アイヌ語：「加利（県）」 ＝「ク・アゥ・リ・エン(ku-aw-ri-en)」＝「矢（先のような形の峰）の・角、枝分かれが・高く・突き出ている（ところ）」","jomon2_bnum60.html"
"康州","壽同県","慶尚北道 亀尾市","壽同県","斯同火県","未詳","上古音：「斯」s i̯ĕɡ ／s ǐe／s jeɡ／s jieɣ／s jig
上古音：「同」dʰ uŋ／d ɔŋ／dʰ ûŋ／d ewŋ／d ung
上古音：「火」x wɑr／h uəi／x uə̂r／x wə／hw ərx
随唐音：「壽」ʑ i̯ə̯u／ʑ ǐəu／ʑ ju／dʑ iəu／ź jə̆u／ʑ ǐou
随唐音：「同」dʰ uŋ／d uŋ／dʰ uŋ／d uŋ／d ung／dʰ oŋ","アイヌ語：「斯同火（県）」
＝「シ・エン・テュ・ウン・ハィ(si-en-tu-un-hay)」＝「極めて・突き出た・峰・にある・カジキマグロの顎（のような突き出た峰）」
アイヌ語：「壽同（県）」
＝「テュ・アゥ・テュン(tu-aw-tun)」＝「峰の・角、枝分かれの・間」","jomon2_bnum60.html"
"康州","谿子県","慶尚北道 漆谷郡 若木面","谿子県","大木県","若木県","上古音：「大」tʰ ɑd, dʰ ɑd／d at／dʰ ɑd／d ar／d adh
上古音：「木」m uk／m ɔk／m ûk／m ewk／m uk／m uk
随唐音：「谿」kʰ iei／kʰ iei／kʰ iɛi／kʰ iɛi／kh iei／kʰ iei
随唐音：「子」ts i／ts ǐə／ts i／ts i／ts ï／ts ǐə
随唐音：「若」ȵʑ i̯ak／ɽ ǐak／ȵ jɑk／ȵ iɑk／ńź jak／nʑ ǐɑk
随唐音：「木」m uk／m uk／m uk／m uk／m uk／m ok","アイヌ語：「大木（県）」
＝「テュ・アッ・ムク(tu-at-muk)」＝「峰が・たくさんある・ふさがっている（ところ）」
アイヌ語：「谿子（県）」
＝「キル・エ・エン・テュ・エ・エン(kir-e-en-tu-e-en)」＝「山脚が・そこで・突き出ている（ところ）・峰が・そこで・突き出ている（ところ）」
アイヌ語：「若木（県）」＝「ニ・アク・ムク(ni-ak-muk)」＝「棒の（ように細長い峰の）・弟（のように小さいもの）or矢を射る（ところ）が・ふさがっている（ところ）」","jomon2_bnum60.html"
"康州","新安県","慶尚北道 星州郡 星州邑","新安県","本彼県","京山府","上古音：「本」p wən／p uən／p uə̂n／p wən／p ənx
上古音：「彼」p ia／p ǐai／p jua／p iwa／p jiarx
随唐音：「新」s i̯ĕn／s ǐěn／s jen／s iɪn／s jĕn／s ǐen
随唐音：「安」ʔ ɑn／0 ɑn／ʔ ɑn／ʔ ɑn／· ân／ʔ ɑn
随唐音：「京」k i̯ɐŋ／k ǐɐŋ／k jɐŋ／k iaŋ／k jɐng／k ǐaŋ
随唐音：「山」ʂ ăn／ʃ æn／ʃ æn／ʂ æn／ṣ ăn／ʃ ɐn","アイヌ語：「本彼（県）」
＝「ピル・エ・エン・ピル・アゥ(pir-e-en-pir-aw)」＝「傷（のように切り刻まれた峰）が・そこで・突き出ている・傷の（ように切り刻まれた峰の）・角、枝分かれ」
アイヌ語：「新安（県）」
＝「シル・エ・エン・アゥ・ウン(sir-e-en-aw-un)」＝「山が・そこで・突き出ている・角、枝分かれ（の峰）・にある（ところ）」
アイヌ語：「京山（府）」
＝「キル・アゥ・ウン・シル・エ・エン(kir-aw-un-sir-e-en)」＝「山脚の・角、枝分かれ・にある・山が・そこで・突き出ている（ところ）」","jomon2_bnum60.html"
"康州","都山県","慶尚北道 星州郡 金水江山面","都山県","狄山県","未詳","上古音：「狄」dʰ iek／d iek／dʰ iek／d ek／d ik
上古音：「山」s ăn／ʃ ean／- -／s rian／s rian
随唐音：「都」t uo／t u／t uo／t uo／t uo／t u
随唐音：「山」ʂ ăn／ʃ æn／ʃ æn／ʂ æn／ṣ ăn／ʃ ɐn","アイヌ語：「狄山（県）」
＝「テク・シル・エ・エン(tek-sir-e-en)」＝「腕の（ように伸びた峰の）・山が・そこで・突き出ている（ところ）」
アイヌ語：「都山（県）」
＝「テュ・オ・シル・エ・エン(tu-o-sir-e-en)」＝「峰が・たくさんある・山が・そこで・突き出ている（ところ）」","jomon2_bnum60.html"
"武州","武州","光州市","武州","武珍州","光州","随唐音：「武」m i̯u／m ǐu／m juo／m iuo／m ju／ɱ ǐu
随唐音：「珍」ȶ i̯ĕn／ȶ ǐěn／ȶ jen／ʈ iɪn／ṭ jĕn／ȶʰ ǐen
随唐音：「光」k wɑŋ／k uɑŋ／k uɑŋ／k uɑn／k wâng／k uɑŋ","アイヌ語：「武珍（州）」＝「ムィ・オ・テュ・エ・エン(muy-o-tu-e-en)」＝「頂が・たくさんある・峰が・そこで・突き出ている（ところ）」
アイヌ語：「武（州）」＝「ムィ・オ(muy-o)」＝「頂が・たくさんある（ところ）」
アイヌ語：「光（州）」＝「ク・アゥ・ウン(ku-aw-un)」＝「矢（先のような形の峰）の・角、枝分かれ（ところ）」","jomon2_bnum61.html"
"武州","玄雄県","全羅南道 羅州市 南平邑 南平里","玄雄県","未冬夫里県","南平県","上古音：「未」m i̯wəd／m ǐwəi／m juə̆d／m jwər／m jədh
上古音：「冬」t／t uŋ／t ôŋ／t əwŋ／t əngw
上古音：「夫」bʰ i̯wo／b ǐwa／bʰ juaɡ／b jwaɣ／b jag
上古音：「夫」p i̯wo／p ǐwa／p juaɡ／p jwaɣ／p jag
上古音：「里」i̯əɡ／l ǐə／l jəɡ／l iəɣ／l jəgx
随唐音：「玄」ɣ iwen／ɣ iwen／ɣ iuɛn／ɣ iuɛn／ɣ iwen／ɣ iuen
随唐音：「雄」j i̯uŋ／ɣ ǐuŋ／ɣ juŋ／j iuŋ／j ung／j ǐoŋ
随唐音：「南」n ɑ̆m／n ɒm／n Am／n em／n ậm／n əm
随唐音：「平」bʰ i̯wɐŋ／b ǐɐŋ／bʰ jɐŋ／b iaŋ／b jɐng／bʰ ǐaŋ","アイヌ語：「未冬夫里（県）」
＝「ムィ・エ・エン・テュ・ウン・ピル・アゥ・リ・エン(muy-e-en-tu-un-pir-aw-ri-en)」＝「頂が・そこで・突き出ている・峰・にある・傷の（切り刻まれたような）・角、枝分かれの・高く・突き出ている（ところ）」
アイヌ語：「玄雄（県）」
＝「キル・エ・エン・キル・ウン(kir-e-en-kir-un)」＝「山脚が・そこで・突き出ている・山脚・にある（ところ）」
or「キル・エ・エン・イ・ウン(kir-e-en-i-un)」＝「山脚が・そこで・突き出ている・それ・にある（ところ）」
アイヌ語：「南平（県）」
＝「ナン・ピル・アゥ・ウン(nan-pir-aw-un)」＝「斜面の・傷の（切り刻まれたような）・角、枝分かれ・ある（ところ）」","jomon2_bnum61.html"
"武州","龍山県","光州広域市 光山区 伏龍洞","龍山県","伏龍県","伏龍県","上古音：「伏」bʰ i̯ŭk／b ǐwək／bʰ juə̆k／b jwək／b jək
上古音：「龍」l i̯uŋ／l ǐwɔŋ／l juŋ／l iewŋ／l jung
随唐音：「龍」l i̯woŋ／l ǐwoŋ／l juoŋ／l iuoŋ／l jwong／l ǐuŋ
随唐音：「山」ʂ ăn／ʃ æn／ʃ æn／ʂ æn／ṣ ăn／ʃ ɐn","アイヌ語：「伏龍（県）」
＝「ピル・アク・レル・ウン(pir-ak-rer-un)」＝「傷の（ように切り刻まれた）・弟の（ように小さい）・山陰・にある（ところ）」
アイヌ語：「龍山（県）」＝「レル・アゥ・ウン・シル・エ・エン(rer-aw-un-sir-e-en)」＝「山陰の・角、枝分かれ・にある・山が・そこで・突き出ている（ところ）」","jomon2_bnum61.html"
"武州","祁陽県","全羅南道 潭陽郡 昌平面","祁陽県","屈支県","昌平県","上古音：「屈」kʰ i̯wət／kʰ ǐwət／kʰ juə̆t／kʰ jwət／khw jət
上古音：「支」ȶ i̯ĕɡ／ȶ ǐe／c jeɡ／t jieɣ／k rjig
随唐音：「祁」ɡʰ ji／g i／ɡʰ jĕi／ɡ iei／g ji／ɡʰ ǐe
随唐音：「陽」0 i̯aŋ／j ǐaŋ／0 jɑŋ／0 iɑŋ／ji ang／0 ǐɑŋ
随唐音：「昌」tɕʰ i̯aŋ／tɕʰ ǐaŋ／tɕʰ jɑŋ／tɕʰ iɑŋ／tśh jang／tɕʰ ǐɑŋ
随唐音：「平」bʰ i̯wɐŋ／b ǐɐŋ／bʰ jɐŋ／b iaŋ／b jɐng／bʰ ǐaŋ","アイヌ語：「屈支（県）」
＝「キル・アッ・テュ・エ・エン(kir-at-tu-e-en)」＝「山脚が・たくさんある・峰が・そこで・突き出ている（ところ）」
アイヌ語：「祁陽（県）」
＝「キル・エ・エン・イ・アゥ・ウン(kir-e-en-i-aw-un)」＝「山脚が・そこで・突き出ている・その・角、枝分かれ・にある（ところ）」
アイヌ語：「昌平（県）」
＝「テュ・アゥ・ウン・ピル・アゥ・ウン(tu-aw-un-pir-aw-un)」＝「峰の・角、枝分かれ・にある（ところ）・傷の（ように切り刻まれた峰の）・角、枝分かれ・にある（ところ）」","jomon2_bnum61.html"
"武州","分嶺郡","全羅南道 順天市 楽安面","分嶺郡","分嵯郡","樂安郡","上古音：「分」p i̯wən／p ǐwən／p juə̆n／p jwən／p jən
上古音：「分」bʰ i̯wən／b ǐwən／bʰ juə̆n／b jwən／b jənh
上古音：「嵳」- -／dz ai／dzʰ ɑ／dz a／dz ar
随唐音：「分」p i̯uən／p ǐuən／p juən／p iuən／p juən／pf ǐuən
随唐音：「分」bʰ i̯uən／b ǐuən／bʰ juən／b iuən／b juən／bvʰ ǐuən
随唐音：「嶺」- -／l ǐɛŋ／l jɛŋ／l iæŋ／l jäng／l ǐɛŋ
随唐音：「樂」ŋ ɔk／ŋ ɔk／ŋ ɔk／ŋ ok／ng åk／ŋ ɔk
随唐音：「樂」l ɑk／l ɑk／l ɑk／l ɑk／l âk／l ɑk
随唐音：「安」ʔ ɑn／0 ɑn／ʔ ɑn／ʔ ɑn／· ân／ʔ ɑn","アイヌ語：「分嵯（郡）」
＝「ピル・エ・エン・テュ・アゥ(pir-e-en-tu-aw)」＝「傷（のように切り刻まれたもの）が・そこで・突き出ている・峰の・角、枝分かれ」
アイヌ語：「分嶺（郡）」
＝「ピル・エ・エン・リ・エン(pir-e-en-ri-en)」＝「傷（のように切り刻まれたもの）が・そこで・突き出ている・高く・突き出ている（ところ）」
アイヌ語：「樂安（郡）」
＝「キル・アク・アゥ・ウン(kir-ak-aw-un)」＝「山脚の・弟の（ように小さいものの）or矢を射る・角、枝分かれ・にある（ところ）」","jomon2_bnum61.html"
"武州","忠烈県","全羅南道 高興郡 南陽面","忠烈県","助助禮県","南陽県","上古音：「助」dʐʰ i̯o／dʒ ǐa／dzʰ aɡ／dz iaɣ／dz rjagh
上古音：「禮」l iər／l iei／l ied／l er／l idx
随唐音：「忠」ȶ i̯uŋ／ȶ ǐuŋ／ȶ juŋ／ʈ iuŋ／ṭ jung／ȶ ǐoŋ
随唐音：「烈」l i̯ɛt／l ǐɛt／l jæt／l iæt／l jät／l ǐɛt
随唐音：「南」n ɑ̆m／n ɒm／n Am／n em／n ậm／n əm
随唐音：「陽」0 i̯aŋ／j ǐaŋ／0 jɑŋ／0 iɑŋ／ji ang／0 ǐɑŋ","アイヌ語：「助助禮（県）」
＝「テュ・アゥ・テュ・アゥ・リ・エン(tu-aw-tu-aw-ri-en)」＝「峰の・角、枝分かれ・峰の・角、枝分かれが・高く・突き出ている（ところ）」※たくさんの峰の枝分かれの高いところ。
アイヌ語：「忠烈（県）」
＝「テュ・ウン・リ・エ・アッ(tu-un-ri-e-at)」＝「峰・にある・高い・頭、岬が・たくさんある（ところ）」
アイヌ語：「南陽（県）」
＝「ナン・イ・アゥ・ウン(nan-i-aw-un)」＝「斜面の・その・角、枝分かれ・にある（ところ）」","jomon2_bnum61.html"
"武州","兆陽県","全羅南道 宝城郡 鳥城面 鳥城里","兆陽県","冬老県","兆陽県","上古音：「冬」t／t uŋ／t ôŋ／t əwŋ／t əngw
上古音：「老」l ／ l u／l ôɡ／l əw／l əgwx
随唐音：「兆」ȡʰ i̯ɛu／ȡ ǐɛu／ȡʰ jæu／ɖ iæu／ḍ jäu／ȡʰ ǐɛu
随唐音：「陽」0 i̯aŋ／j ǐaŋ／0 jɑŋ／0 iɑŋ／ji ang／0 ǐɑŋ","アイヌ語：「冬老（県）」
＝「テュ・ウン・ル・アゥ(tu-un-ru-aw)」＝「峰・にある・消えかかった・角、枝分かれ」
アイヌ語：「兆陽（県）」
＝「テュ・アゥ・イ・アゥ・ウン(tu-aw-i-aw-un)」＝「峰、岬の・角、枝分かれ・その・角、枝分かれ・にある（ところ）」","jomon2_bnum61.html"
"武州","薑原県","全羅南道 高興郡 豆原面","薑原県","豆肸県","荳原県","上古音：「豆」dʰ u／d ɔ／dʰ û／d ew／d ugh
上古音：「肸」- -／- -／x jət／x iət／h jət
随唐音：「薑」k i̯aŋ／k ǐaŋ／k jɑŋ／k iɑŋ／k jang／ɡʰ ǐɑŋ
随唐音：「原」ŋ i̯wɐn／ŋ ǐwɐn／ŋ juɐn／ŋ iuɑn／ng jwɐn／ŋ ǐuɐn
随唐音：「荳」- -／d əu／dʰ u／d əu／d ə̆u／dʰ ou","アイヌ語：「豆肸（県）」
＝「テュ・ハィ・アッ(tu-hay-at)」＝「峰の・カジキマグロの顎（のように突き出た峰）が・たくさんある（ところ）」
アイヌ語：「薑原（県）」＝「キル・アゥ・ウン・キル・アゥ・ウン(kir-aw-un-kir-aw-un)」＝「山脚の・角、枝分かれ・にある（ところ）・山脚の・角、枝分かれ・にある（ところ）」※たくさんの山の角、枝分かれ。
アイヌ語：「荳原（県）」
＝「テュ・アゥ・ウン・キル・アゥ・ウン(tu-aw-un-kir-aw-un)」＝「峰の・角、枝分かれ・にある（ところ）・山脚の・角、枝分かれ・にある（ところ）」","jomon2_bnum61.html"
"武州","栢舟県","全羅南道 宝城郡 筏橋邑 筏橋里","栢舟県","比史県","泰江県","上古音：「比」bʰ i̯ər／b ǐei／bʰ jed／b jier／b jid
上古音：「比」p i̯ər／p ǐei／p jed／p jier／p jidx
上古音：「史」sl i̯əɡ／ʃ ǐə／s əɡ／s iəɣ／sl jəgx
随唐音：「柏」p ɐk／p ɐk／p ɐk／p ak／p ɐk／p ak
随唐音：「舟」tɕ i̯ə̯u／tɕ ǐəu／tɕ ju／tɕ iəu／tś jə̆u／tɕ ǐou
随唐音：「泰」tʰ ɑi／tʰ ɑi／tʰ ɑi／tʰ ɑi／th âi／tʰ ai
随唐音：「江」k ɔŋ／k ɔŋ／k ɔŋ／k oŋ／k ång／k ɔŋ","アイヌ語：「比史（県）」
＝「ピル・エ・エン・シル・エ・エン(pir-e-en-sir-e-en)」＝「傷（のように切り刻まれたもの）が・そこで・突き出ている（ところ）・山）が・そこで・突き出ている（ところ）」
アイヌ語：「栢舟（県）」
＝「パ・アク・テュ・アゥ(pa-ak-tu-aw)」＝「頭、岬の・弟の（ように小さい）or矢を射る・峰の・角、枝分かれ」
アイヌ語：「泰江（県）」
＝「テュ・アィ・ク・アゥ・ウン(tu-ay-ku-aw-un)」＝「峰の・カジキマグロの顎の（ように突き出た）・矢（先のような形の峰）の・角、枝分かれ・にある（ところ）」","jomon2_bnum61.html"
"武州","寶城郡","全羅南道 宝城郡 宝城邑","寶城郡","伏忽郡","寶城郡","上古音：「伏」bʰ i̯ŭk／b ǐwək／bʰ juə̆k／b jwək／b jək
上古音：「忽」xm wət／h uət／m̥ uə̂t／xm wət／hm ət
随唐音：「寶」p ɑu／p ɑu／p ɑu／p ɑu／p âu／p ɑu
随唐音：「城」ʑ i̯ɛŋ／ʑ ǐɛŋ／ʑ jɛŋ／dʑ iæŋ／ź jäng／ʑ ǐɛŋ","アイヌ語：「伏忽（郡）」
＝「ピル・アク・ムィ・アッ(pir-ak-muy-at)」＝「傷の（ように切り刻まれた）・弟の（ように小さい）or矢を射る・頭が・たくさんある（ところ）」
アイヌ語：「寶城（郡）」＝「パ・アゥ・テュ・エ・エン(pa-aw-tu-e-en)」＝「頭の・角、枝分かれの・峰が・そこで・突き出ている（ところ）」","jomon2_bnum61.html"
"武州","代勞県","全羅南道 長興郡 冠山邑","代勞県","馬斯良県","曾寧県","上古音：「馬」m ɔ／m ea／m uăɡ／m rwaɣ／m ragx
上古音：「斯」s i̯ĕɡ／s ǐe／s jeɡ／s jieɣ／s jig
上古音：「良」l i̯aŋ／l ǐaŋ／l jaŋ／l iaŋ／l jang
随唐音：「代」dʰ ɑ̌i／d ɒi／dʰ Ai／d əi／d ậi／dʰ əi
随唐音：「勞」l ɑu／l ɑu／l ɑu／l ɑu／l âu／l ɑu
随唐音：「曾」ts əŋ／ts əŋ／ts əŋ／ts əŋ／ts əng／ts əŋ
随唐音：「曾」dzʰ əŋ／dz əŋ／dzʰ əŋ／dz əŋ／dz əng／dzʰ əŋ
随唐音：「寧」n ieŋ／n ieŋ／n ieŋ／n iɛŋ／n ieng／n ieŋ","アイヌ語：「馬斯良（県）」
＝「ム・アク・シル・エ・エン・リ・アゥ・ウン(mu-ak-sir-e-en-ri-aw-un)」＝「ふさがっている・弟の（ように小さい）or矢を射る・山が・そこで・突き出ている・高い・角、枝分かれ・にある（ところ）」
アイヌ語：「代勞（県）」
＝「テュ・アィ・ル・アゥ(tu-ay-ru-aw)」＝「峰の・矢、カジキマグロの顎の（ように鋭く尖ったものの）・跡の・角、枝分かれ」※消えかかって短くなった鋭く突き出た峰。
アイヌ語：「曾寧（県）」
＝「テュ・エ・エン・ニ・エ・エン(tu-e-en-ni-e-en)」＝「峰が・そこで・突き出ている（ところ）・棒（のように細長い峰）が・そこで・突き出ている（ところ）」","jomon2_bnum61.html"
"武州","季水県","全羅南道 長興郡 長平面","季水県","季川県","長澤県","上古音：「季」k i̯wæd／k ǐwei／k jued／k jiwer／kw jidh
上古音：「川」ȶʰ i̯wan／ȶʰ ǐwən／- -／- -／th jiən
随唐音：「季」k jwi／k wi／k juei／k iuɪi／k wi／k ǐue
随唐音：「水」ɕ wi／ɕ wi／ɕ juei／ɕ iuɪi／ś jwi／s ǐue
随唐音：「長」ȡʰ i̯aŋ／ȡ ǐaŋ／ȡʰ jɑŋ／ɖ iɑŋ／ḍ jang／ȡʰ ǐɑŋ
随唐音：「長」ȶ i̯aŋ／ȶ ǐaŋ／ȶ jɑŋ／ʈ iɑŋ／ṭ jang／ȶ ǐɑŋ
随唐音：「澤」ȡʰ ɐk／ȡ ɐk／ȡʰ ɐk／ɖ ak／ḍ ɐk／ȡʰ ak","アイヌ語：「季川（県）」＝「キル・エ・エン・テュ・エ・エン(kir-e-en-tu-e-en)」＝「山脚が・そこで・突き出ている（ところ）・峰が・そこで・突き出ている（ところ）」
アイヌ語：「季水（県）」
＝「キル・エ・エン・シル・エ・エン(kir-e-en-sir-e-en)」＝「山脚が・そこで・突き出ている（ところ）・山が・そこで・突き出ている（ところ）」
アイヌ語：「長澤（県）」
＝「テュ・アゥ・ウン・テュ・アク(tu-aw-un-tu-ak)」＝「峰の・角、枝分かれ・にある・峰の・弟（のように小さい峰）」","jomon2_bnum61.html"
"武州","烏兒県","全羅南道 長興郡 長興邑","烏兒県","烏次県","長澤県／定安県","上古音：「烏」ʔ o／0 a／ʔ ɑɡ／ʔ aɣ／· ag
上古音：「次」tsʰ i̯ər／tsʰ ǐei／tsʰ jed／tsʰ jier／tsh jidh
随唐音：「烏」ʔ uo／0 u／ʔ uo／ʔ uo／· uo／ʔ u
随唐音：「兒」ȵʑ ie̯ ／ɽ ǐe／ȵ je／ȵ iɪ／ńź jĕ／nʑ ǐɛ
随唐音：「兒」- -／ŋ iei／ŋ iɛi／ŋ iɛi／ng iei／ŋ iei
随唐音：「定」dʰ ieŋ／d ieŋ／dʰ ieŋ／d iɛŋ／d ieng／dʰ ieŋ
随唐音：「定」t ieŋ／t ieŋ／t ieŋ／t iɛŋ／t ieng／t ieŋ
随唐音：「安」ʔ ɑn／0 ɑn／ʔ ɑn／ʔ ɑn／· ân／ʔ ɑn","アイヌ語：「烏次（県）」
＝「アゥ・テュ・エ・エン(aw-tu-e-en)」＝「角の、枝分れた・峰が・そこで・突き出ている（ところ）」
アイヌ語：「烏兒（県）」
＝「ウ・オ・キル・エ・エン(u-o-kir-e-en)」＝「互いに重なるように・たくさんある・山脚が・そこで・突き出ている（ところ）」
or「ウ・オ・ニ・エ・エン(u-o-ni-e-en)」＝「互いに重なるように・たくさんある・棒（のように細長い峰）が・そこで・突き出ている（ところ）」
アイヌ語：「定安（県）」
＝「テュ・エ・エン・アゥ・ウン(tu-e-en-aw-un)」＝「峰が・そこで・突き出ている・角、枝分かれ・にある（ところ）」","jomon2_bnum61.html"
"武州","馬邑県","全羅南道 長興郡 長興邑 東洞里","馬邑県","古馬旀知県","遂寧県","上古音：「古」k o／k a／k ɑɡ／k aɣ／k agx
上古音：「馬」m ɔ／m ea／m uăɡ／m rwaɣ／m ragx
上古音：「弥」m i̯ăr／m ǐei／- -／m jie／- -　※旀と同じ
上古音：「知」t i̯ĕɡ／t ǐe／t jeɡ／t ieɣ／t rig
随唐音：「馬」m a／m a／m a／m a／m a／m a
随唐音：「邑」ʔ i̯əp／0 ǐěp／ʔ jĕp／ʔ iep／· jəp／ʔ ǐəp
随唐音：「遂」z wi／z wi／z juei／z iuɪi／z jwi／z ǐue
随唐音：「寧」n ieŋ／n ieŋ／n ieŋ／n iɛŋ／n ieng／n ieŋ","アイヌ語：「古馬旀知（県）」
＝「ク・アク・ム・アク・ムィ・エ・エン・テュ・アク(ku-ak-mu-ak-muy-e-en-tu-ak)」＝「矢（先のような形）の・射る（ところ）・ふさがっている・矢を射る（ところ）・角、枝分かれの・頂が・そこで・突き出ている・峰の・矢を射る（ところ）」
or「ク・アゥ・ム・アゥ・ムィ・エ・エン・テュ・エ・エン(ku-aw-mu-aw-muy-e-en-tu-e-en)」＝「矢（先のような形）の・角、枝分かれ・ふさがっている・角、枝分かれの・頂が・そこで・突き出ている（ところ）・峰が・そこで・突き出ている（ところ）」
アイヌ語：「馬邑（県）」
＝「ム・アゥ・イ・アプ(mu-aw-i-ap)」＝「ふさがっている・角、枝分かれ・その・釣り針（のように鋭く曲がった峰）」
アイヌ語：「遂寧（県）」
＝「テュ・エ・エン・ニ・エ・エン(tu-e-en-ni-e-en)」＝「峰が・そこで・突き出ている（ところ）・棒（のように細長い峰）が・そこで・突き出ている（ところ）」","jomon2_bnum61.html"
"武州","秋成郡","全羅南道 潭陽郡 潭陽邑","秋成郡","秋子兮郡","潭陽郡","上古音：「秋」tsʰ／tsʰ ǐu／tsʰ jŏɡ／tsʰ jəw／tsh jəgw
上古音：「子」ts i̯əɡ／ts ǐə／ts jəɡ／ts jiəɣ／ts jəgx
上古音：「兮」- -／ɣ ie／ɣ ieɡ／ɡ eɣ／g ig
随唐音：「秋」tsʰ i̯ə̯u／tsʰ ǐəu／tsʰ ju／tsʰ iəu／tsh jə̆u／tsʰ ǐou
随唐音：「成」ʑ i̯ɛŋ／ʑ ǐɛŋ／ʑ jɛŋ／dʑ iæŋ／ź jäng／ʑ ǐɛŋ
随唐音：「潭」dʰ ɑ̆m／d ɒm／dʰ Am／d em／d ậm／dʰ əm
随唐音：「潭」- -／ǐěm／0 jem／0 iɪm／ji əm／0 ǐəm
随唐音：「陽」0 i̯aŋ／j ǐaŋ／0 jɑŋ／0 iɑŋ／ji ang／0 ǐɑŋ","アイヌ語：「秋子兮（郡）」
＝「テュ・エ・エン・テュ・エ・エン・キル・エ・エン(tu-e-en-tu-e-en-kir-e-en)」＝「峰が・そこで・突き出ている（ところ）・峰が・そこで・突き出ている（ところ）・山脚が・そこで・突き出ている（ところ）」
アイヌ語：「秋成（郡）」
＝「テュ・エ・エン・テュ・エ・エン(tu-e-en-tu-e-en)」＝「峰が・そこで・突き出ている（ところ）・峰が・そこで・突き出ている（ところ）」
アイヌ語：「潭陽（郡）」
＝「テュ・アム・イ・アゥ・ウン(tu-am-i-aw-un)」＝「峰の・爪（のように鋭く平べったいもの）・その・角、枝分かれ・にある（ところ）」","jomon2_bnum61.html"
"武州","玉菓県","全羅南道 谷城郡 玉果面 玉果里","玉菓県","菓支県","遂寧県／玉菓県","上古音：「果」kl wɑr／k uai／k uɑ／k wa／kw arx　※菓と同じ
上古音：「支」ȶ i̯ĕɡ／ȶ ǐe／c jeɡ／t jieɣ／k rjig
随唐音：「玉」ŋ i̯wok／ŋ ǐwok／ŋ juok／ŋ iuok／ng jwok／ŋ ǐuk
随唐音：「菓」- -／k uɑ／k uɑ／k uɑ／k uâ／k uɑ","アイヌ語：「菓支（県）」
＝「ク・アゥ・テュク(ku-aw-tuk)」＝「矢（先のような形の峰）の・角、枝分かれの・小山」
アイヌ語：「玉菓（県）」
＝「キル・アク・ク・アゥ(kir-ak-ku-aw)」＝「山脚の・弟（のように小さい）or射る・矢（先のような形の峰）の・角、枝分かれ」","jomon2_bnum61.html"
"武州","栗原県","全羅南道 潭陽郡 金城面 原栗里","栗原県","栗支県","原栗県","上古音：「栗」l i̯ĕt／l ǐet／l jet／l iet／l jit
上古音：「支」ȶ i̯ĕɡ／ȶ ǐe／c jeɡ／t jieɣ／k rjig
随唐音：「栗」l i̯ĕt／l ǐět／l jet／l iɪt／l jĕt／l ǐet
随唐音：「原」ŋ i̯wɐn／ŋ ǐwɐn／ŋ juɐn／ŋ iuɑn／ng jwɐn／ŋ ǐuɐn","アイヌ語：「栗支（県）」
＝「リッ・テュク(rit-tuk)」＝「筋の（ように細長い）・小山」
アイヌ語：「栗原（県）」
＝「リッ・キル・アゥ・ウン(rit-kir-aw-un)」＝「筋の（ように細長い）・山脚の・角、枝分かれ・にある（ところ）」
アイヌ語：「原栗（県）」
＝「キル・アゥ・ウン・リッ(kir-aw-un-rit)」＝「山脚の・角、枝分かれ・にある・筋（のように細長いもの）」","jomon2_bnum61.html"
"武州","靈巖郡","全羅南道霊岩郡","靈巖郡","月奈郡","靈巖郡","上古音：「月」ŋ i̯wăt／ŋ ǐwat／ŋ juăt／ŋ jwat／ngw jat
上古音：「奈」- -／n at／- -／- -／- -
随唐音：「靈」l ieŋ／l ieŋ／l ieŋ／l iɛŋ／l ieng／l ieŋ
随唐音：「巖」ŋ am／ŋ am／ŋ am／ŋ am／ng am／ŋ am","アイヌ語：「月奈（郡）」
＝「キル・アッ・ノッ(kir-at-not)」＝「山脚が・たくさんある・岬」
アイヌ語：「靈巖（郡）」
＝「リ・エン・キル・アム(ri-en-kir-am)」＝「高く・突き出ている・山脚の・爪」※月出山の斜面の鋭い枝分かれ。","jomon2_bnum61.html"
"武州","潘南郡","全羅南道 羅州市 潘南面","潘南郡","反奈夫里県","潘南郡","上古音：「反」p i̯wăn／p ǐwan／p juăn／p jwan／p janx
上古音：「奈」- -／n at／- -／- -／- -
上古音：「夫」bʰ i̯wo／b ǐwa／bʰ juaɡ／b jwaɣ／b jag
上古音：「夫」p i̯wo／p ǐwa／p juaɡ／p jwaɣ／p jag
上古音：「里」l i̯əɡ／l ǐə／l jəɡ／l iəɣ／l jəgx
随唐音：「潘」pʰ uɑn／pʰ uɑn／pʰ uɑn／pʰ uɑn／ph uân／pʰ uɑn
随唐音：「南」n ɑ̆m／n ɒm／n Am／n em／n ậm／n əm","アイヌ語：「反奈夫里（県）」
＝「ピル・アゥ・ウン・ノッ・ピル・アゥ・ウン・リク(pir-aw-un-not-pir-aw-un-rik)」＝「傷の（ように切り刻まれた）・角、枝分かれ・にある・岬・傷の（ように切り刻まれた）・角・角、枝分かれ・にある・高台」
アイヌ語：「潘南（郡）」
＝「ピル・アゥ・ウン・アム(pir-aw-un-am)」＝「傷（が刻まれたようなもの）の・角、枝分かれ・にある・爪（のように平べったく鋭い峰）」","jomon2_bnum61.html"
"武州","野老県","全羅南道 霊岩郡 金井面 安老里","野老県","阿老谷県","安老県","上古音：「阿」ʔ ɑ／0 ai／ʔ ɑ／ʔ a／· ar
上古音：「老」l／l u／l ôɡ／l əw／l əgwx
上古音：「谷」k uk／k ɔk／k ûk／k ewk／k uk
上古音：「谷」ɡ i̯uk／ʎ ǐwɔk／ɡ juk／ɣr iewk／g rjuk
随唐音：「野」ʑ i̯wo／ʑ ǐo／ʑ jo／dʑ io／ź jwo／ʑ ǐo
随唐音：「野」0 i̯a／j ǐa／0 ja／0 ia／ji a／0 ǐa
随唐音：「老」l ɑu／l ɑu／l ɑu／l ɑu／l âu／l ɑu
随唐音：「安」ʔ ɑn／0 ɑn／ʔ ɑn／ʔ ɑn／· ân／ʔ ɑn","アイヌ語：「阿老谷（県）」
＝「アン（＝アル）(anar)・ラ・アゥ・キル・オク(ra-aw-kir-ok)」＝「一方の・低地の・角、枝分かれの・山脚の・うなじ（盆の窪ような窪み）」
or「阿老谷（県）」＝「アン（＝アル）(anar)・ラ・アゥ・ク・ク(ra-aw-ku-ku)」＝「一方の・低地の・角、枝分かれの・矢（先のような形の峰）・矢」
アイヌ語：「野老（県）」
＝「テュ・オ・ラ・アゥ(tu-o-ra-aw)」＝「峰が・たくさんある・低地の・角、枝分かれ」
or「イ・アゥ・ラ・アゥ(i-aw-ra-aw)」＝「その・角、枝分かれ・低地の・角、枝分かれ」
アイヌ語：「安老（県）」
＝「アン（＝アル）(anar)・ラ・アゥ(ra-aw)」＝「一方の・低地の・角、枝分かれ」","jomon2_bnum61.html"
"武州","昆湄県","全羅南道 霊岩郡 郡西面","昆湄県","古彌県","昆湄県","上古音：「古」k o／k a／k ɑɡ／k aɣ／k agx
上古音：「彌」m i̯ăr／m ǐei／- -／m jie／- -
随唐音：「昆」k uən／k uən／k uən／k uən／k uən／k uən
随唐音：「湄」m ji／m i／m jĕi／m iei／m ji／m ǐe","アイヌ語：「古彌（県）」
＝「ク・アゥ・ムィ・エ・エン(ku-aw-muy-e-en)」＝「矢（先のような形）の・角、枝分かれの・頂が・そこで・突き出ている（ところ）」
アイヌ語：「昆湄（県）」＝「ク・エ・エン・ムィ・エ・エン(ku-e-en-muy-e-en)」＝「矢（先のような形の峰）が・そこで・突き出ている（ところ）・頂が・そこで・突き出ている（ところ）」","jomon2_bnum61.html"
"武州","岬城郡","全羅南道 長城郡 長城邑","岬城郡","古尸伊県","長城郡","上古音：「古」k o／k a／k ɑɡ／k aɣ／k agx
上古音：「尸」ɕ i̯ər／ɕ ǐei／ç jed／stʰ jier／h rjid
上古音：「伊」ʔ i̯ær／0 ǐei／ʔ jed／ʔ jier／· jid
随唐音：「甲」k ap／k ap／k ap／k ap／k ap／k ap　※岬は甲の代用
随唐音：「城」ʑ i̯ɛŋ／ʑ ǐɛŋ／ʑ jɛŋ／dʑ iæŋ／ź jäng／ʑ ǐɛŋ
随唐音：「長」ȡʰ i̯aŋ／ȡ ǐaŋ／ȡʰ jɑŋ／ɖ iɑŋ／ḍ jang／ȡʰ ǐɑŋ
随唐音：「長」ȶ i̯aŋ／ȶ ǐaŋ／ȶ jɑŋ／ʈ iɑŋ／ṭ jang／ȶ ǐɑŋ","アイヌ語：「古尸伊（県）」
＝「ク・アゥ・シル・エ・エン・イ・エ・エン(ku-aw-sir-e-en-i-e-en)」＝「矢（先のような形）の・角、枝分かれの・山が・そこで・突き出ている（ところ）・それが・そこで・突き出ている（ところ）」
アイヌ語：「岬城（郡）」
＝「ク・アプ・テュ・エ・エン(ku-ap-tu-e-en)」＝「矢（先のような形）の・釣り針の（ように曲がった）・峰が・そこで・突き出ている（ところ）」
アイヌ語：「長城（郡）」
＝「テュ・アゥ・ウン・テュ・エ・エン(tu-aw-un-tu-e-en)」＝「峰の・角、枝分かれ・にある（ところ）・峰が・そこで・突き出ている（ところ）」","jomon2_bnum61.html"
"武州","珍原県","全羅南道 長城郡 珍原面","珍原県","丘斯珍兮県","昆湄県／珍原県","上古音：「丘」kʰ i̯ŭɡ／kʰ ǐwə／kʰ juə̆ɡ／kʰ jwəɣ／kh jəg
上古音：「斯」s i̯ĕɡ／s ǐe／s jeɡ／s jieɣ／s jig
上古音：「珍」t i̯ən／t ǐen／t jen／t ien／t rjin
上古音：「兮」- -／ɣ ie／ɣ ieɡ／ɡ eɣ／g ig
随唐音：「珍」ȶ i̯ĕn／ȶ ǐěn／ȶ jen／ʈ iɪn／ṭ jĕn／ȶʰ ǐen
随唐音：「原」ŋ i̯wɐn／ŋ ǐwɐn／ŋ juɐn／ŋ iuɑn／ng jwɐn／ŋ ǐuɐn","アイヌ語：「丘斯珍兮（県）」
＝「キル・アゥ・ウン・シル・エ・エン・テュ・エ・エン・キル・エ・エン(kir-aw-un-sir-e-en-tu-e-en-kir-e-en)」＝「山脚の・角、枝分かれ・にある・山が・そこで・突き出ている（ところ）・峰が・そこで・突き出ている（ところ）・山脚が・そこで・突き出ている（ところ）」
アイヌ語：「珍原（県）」＝「テュ・エ・エン・キル・アゥ・ウン(tu-e-en-kir-aw-un)」＝「峰が・そこで・突き出ている（ところ）・山脚の・角、枝分かれ・にある（ところ）」","jomon2_bnum61.html"
"武州","森渓県","全羅南道 長城郡 森渓面","森渓県","所非兮県","森渓県","上古音：「所」ʂ i̯o／ʃ ǐa／s aɡ／s iaɣ／sk rjagx
上古音：「非」p i̯wər／p ǐwəi／p juə̆d／p jiwər／p jəd
上古音：「兮」- -／ɣ ie／ɣ ieɡ／ɡ eɣ／g ig
随唐音：「森」ʂ i̯əm／ʃ ǐěm／ʃ jem／ʂ iɪm／ṣ jəm／ʃ ǐəm
随唐音：「溪」- -／ kʰ iei／kʰ iɛi／kʰ iɛi／kh iei／kʰ iei","アイヌ語：「所非兮（県）」
＝「シル・アゥ・ピル・エ・エン・キル・エ・エン(sir-aw-pir-e-en-kir-e-en)」＝「山の・角、枝分かれの・傷が・そこで・突き出ている（ところ）・山脚が・そこで・突き出ている（ところ）」
アイヌ語：「森渓（県）」＝「シル・アム・キル・エ・エン(sir-am-kir-e-en)」＝「山の・爪の・山脚が・そこで・突き出ている（ところ）」","jomon2_bnum61.html"
"武州","武靈郡","全羅南道 霊光郡 霊光邑","武靈郡","武尸伊県","靈光郡","上古音：「武」m i̯wo／m ǐwa／m juaɡ／m jwaɣ／m jagx
上古音：「尸」ɕ i̯ər／ɕ ǐei／ç jed／stʰ jier／h rjid
上古音：「伊」ʔ i̯ær／0 ǐei／ʔ jed／ʔ jier／· jid
随唐音：「武」m i̯u／m ǐu／m juo／m iuo／m ju／ɱ ǐu
随唐音：「靈」l ieŋ／l ieŋ／l ieŋ／l iɛŋ／l ieng／l ieŋ
随唐音：「光」k wɑŋ／k uɑŋ／k uɑŋ／k uɑn／k wâng／k uɑŋ","アイヌ語：「武尸伊（県）」
＝「ムィ・オ・シル・エ・エン・イ・エ・エン(muy-o-sir-e-en-i-e-en)」＝「頂が・たくさんある・山が・そこで・突き出ている（ところ）・それが・そこで・突き出ている（ところ）」
アイヌ語：「武靈（郡）」
＝「ムィ・オ・リ・エン(muy-o-ri-en)」＝「頂が・たくさんある・高く・突き出ている（ところ）」
アイヌ語：「靈光（郡）」
＝「リ・エン・ク・アゥ・ウン(ri-en-ku-aw-un)」＝「高く・突き出ている・矢（先のような形の峰）の・角、枝分かれ・にある（ところ）」","jomon2_bnum61.html"
"武州","長沙県","全北特別自治道 高敞郡 茂長面","長沙県","上老県","長沙県","上古音：「上」ȡ i̯aŋ／ʑ ǐaŋ／ʑ jaŋ／d jaŋ／d jangx
上古音：「老」l ／ l u／ l ôɡ／l əw／l əgwx
随唐音：「長」ȡʰ i̯aŋ／ȡ ǐaŋ／ȡʰ jɑŋ／ɖ iɑŋ／ḍ jang／ȡʰ ǐɑŋ
随唐音：「長」ȶ i̯aŋ／ȶ ǐaŋ／ȶ jɑŋ／ʈ iɑŋ／ṭ jang／ȶ ǐɑŋ
随唐音：「沙」ʂ a／ʃ a／ʃ a／ʂ a／ṣ a／ʃ a","アイヌ語：「上老（県）」
＝「テュ・アゥ・ウン・ル・アゥ(tu-aw-un-ru-aw)」＝「峰の・角、枝分かれ・にある・消えかかった・角、枝分かれ」※峰の枝分かれにある消えていまいそうな点在する小さな峰。
アイヌ語：「長沙（県）」＝「テュ・アゥ・ウン・シル・アゥ(tu-aw-un-sir-aw)」＝「峰の・角、枝分かれ・にある・山の・角、枝分かれ」","jomon2_bnum61.html"
"武州","高敞県","全北特別自治道 高敞郡 高敞邑","高敞県","毛良夫里県","高敞県","上古音：「毛」m oɡ／m au／m ɔ̂ɡ／m aw／m agw
上古音：「良」l i̯aŋ／l ǐaŋ／l jaŋ／l iaŋ／l jang
上古音：「夫」bʰ i̯wo／b ǐwa／bʰ juaɡ／b jwaɣ／b jag
上古音：「夫」p i̯wo／p ǐwa／p juaɡ／p jwaɣ／p jag
上古音：「里」l i̯əɡ／l ǐə／l jəɡ／l iəɣ／l jəgx
随唐音：「高」k ɑu／k ɑu／k ɑu／k ɑu／k âu／k ɑu
随唐音：「敞」ȶʰ i̯aŋ／ȶʰ ǐaŋ／ȶʰ jaŋ／tʰ jaŋ／th jangx","アイヌ語：「毛良夫里（県）」
＝「ム・アゥ・ウン・リ・アゥ・ウン・ピル・アゥ・ウン・リク(mu-aw-un-ri-aw-un-pir-aw-un-rik)」＝「ふさがった・角、枝分かれ・にある・高い・角、枝分かれ・にある・傷の（ように切り刻まれた峰の）・角、枝分かれ・にある・高台」
アイヌ語：「高敞（県）」＝「ク・アゥ・ウン・テュ・アゥ・ウン(ku-aw-un-tu-aw-un)」＝「矢（先のような形の峰）の・角、枝分かれ・にある（ところ）・峰の・角、枝分かれ・にある（ところ）」","jomon2_bnum61.html"
"武州","茂松県","全北特別自治道 高敞郡 星松面 茂松里","茂松県","松彌知県","茂松県","上古音：「松」dz i̯uŋ／z ǐwɔŋ／z juŋ／r jewŋ／sg jung
上古音：「彌」m i̯ăr／m ǐei／- -／m jie／- -
上古音：「知」t i̯ĕɡ／t ǐe／t jeɡ／t ieɣ／t rig
随唐音：「茂」m ə̯u／m əu／m u／m əu／m ə̆u／m ou
随唐音：「松」z i̯woŋ／z ǐwoŋ／z juoŋ／z iuoŋ／z jwong／z ǐuŋ","アイヌ語：「松彌知（県）」
＝「テュン・ムィ・エ・エン・テュ・エ・エン(tun-muy-e-en-tu-e-en)」＝「間の・頂が・そこで・突き出ている（ところ）・峰が・そこで・突き出ている（ところ）」
アイヌ語：「茂松（県）」＝「ム・アゥ・テュ・アゥ・ウン(mu-aw-tu-aw-un)」＝「ふさがっている・角、枝分かれ・峰の・角、枝分かれ・にある（ところ）」","jomon2_bnum61.html"
"武州","昇平郡","全羅南道 順天市","昇平郡","欿平郡","昇平郡","上古音：「欿」kʰ əm／- -／ɣ Am／ɡ əm／g amx
上古音：「平」bʰ i̯ĕŋ／b ǐeŋ／bʰ jĕŋ／b ieŋ／b jing
随唐音：「昇」ɕ i̯əŋ／ɕ ǐəŋ／ɕ jəŋ／ɕ iɪŋ／ś jəng／ɕ ǐəŋ
随唐音：「平」bʰ i̯wɐŋ／b ǐɐŋ／bʰ jɐŋ／b iaŋ／b jɐng／bʰ ǐaŋ","アイヌ語：「欿平（郡）」
＝「キル・アム・ピル・エ・エン(kir-am-pir-e-en)」＝「山の・爪の（ように平べったく鋭い峰の）・傷（のように切り刻まれたもの）が・そこで・突き出ている（ところ）」
アイヌ語：「昇平（郡）」＝「シル・エ・エン・ピル・エ・エン(sir-e-en-pir-e-en)」＝「山が・そこで・突き出ている（ところ）・傷（のように切り刻まれた峰）が・そこで・突き出ている（ところ）」","jomon2_bnum61.html"
"武州","海邑県","全羅南道 麗水市","海邑県","猿村県","麗水県","上古音：「猿」ɡ i̯wăn／- -／ɣ ǐwan／ɣ jwan／- -
上古音：「村」- -／tsʰ uən／tsʰ uə̂n／- -／tsh ən
随唐音：「海」x ɑ̆i／h ɒi／x Ai／x əi／x ậi／x əi
随唐音：「邑」ʔ i̯əp／0 ǐěp／ʔ jĕp／ʔ iep／· jəp／ʔ ǐəp
随唐音：「麗」l ǐe／l je／l iɪ／l jĕ／l ǐɛ
随唐音：「麗」l iei／l iei／l iɛi／l iɛi／l iei／l iei
随唐音：「水」ɕ wi／ɕ wi／ɕ juei／ɕ iuɪi／ś jwi／s ǐue","アイヌ語：「猿村（県）」
＝「キル・ワ・アン・テュ・エ・エン(kir-wa-an-tu-e-en)」＝「山脚・に・ある・峰が・そこで・突き出ている（ところ）」
アイヌ語：「海邑（県）」＝「ハィ・イ・アプ(hay-i-ap)」＝「カジキマグロの顎（のように突き出た峰）・その・釣り針（のように曲がった峰）」 ※たくさんの突き出た峰、曲がった峰。
アイヌ語：「麗水（県）」＝「リ・エン・シル・エ・エン(ri-en-sir-e-en)」＝「高く・突き出ている・山が・そこで・突き出ている（ところ）」","jomon2_bnum61.html"
"武州","晞陽県","全羅南道 光陽市 光陽邑","晞陽県","馬老県","光陽県","上古音：「馬」m ɔ／m ea／m uăɡ／m rwaɣ／m ragx
上古音：「老」l／l u／l ôɡ／l əw／l əgwx
随唐音：「晞」x je̯i／h ǐəi／x jəi／x iəi／x jĕi／x ǐəi
随唐音：「陽」0 i̯aŋ／j ǐaŋ／0 jɑŋ／0 iɑŋ／ji ang／0 ǐɑŋ
随唐音：「光」k wɑŋ／k uɑŋ／k uɑŋ／k uɑn／k wâng／k uɑŋ","アイヌ語：「馬老（県）」 ＝「ム・アク・ル・アゥ(mu-ak-ru-aw)」＝「ふさがっている・弟の（ように小さい）or矢を射る・消えかかった・角、枝分かれ」
アイヌ語：「晞陽（県）」＝「ハィ・イ・アゥ・ウン(hay-i-aw-un)」＝「カジキマグロの顎（のように突き出た峰）・その・角、枝分かれ・にある（ところ）」
アイヌ語：「光陽（県）」＝「ク・アゥ・ウン・イ・アゥ・ウン(ku-aw-un-i-aw-un)」＝「矢（先のような形の峰）の・角、枝分かれ・にある（ところ）・その・角、枝分かれ・にある（ところ）」","jomon2_bnum61.html"
"武州","廬山県","全羅南道 麗水市 突山邑","廬山県","突山県","突山県","上古音：「突」tʰ wət, dʰ wət／d uət／dʰ uə̂t／d wət／d ət
上古音：「山」s ăn／ʃ ean／- -／s rian／s rian
随唐音：「廬」l i̯wo／l ǐo／l jo／l io／l jwo／l ǐo
随唐音：「山」ʂ ăn／ʃ æn／ʃ æn／ʂ æn／ṣ ăn／ʃ ɐn","アイヌ語：「突山（県）」
＝「テュ・アッ・シル・エ・エン(tu-at-sir-e-en)」＝「峰・がたくさんある・山が・そこで・突き出ている（ところ）」
アイヌ語：「廬山（県）」＝「リ・オ・シル・エ・エン(ri-o-sir-e-en)」＝「高い（ところが）・たくさんある・山が・そこで・突き出ている（ところ）」","jomon2_bnum61.html"
"武州","谷城郡","全羅南道 谷城郡 谷城邑","谷城郡","欲乃郡","谷城郡","上古音：「欲」ɡ i̯uk／ʎ ǐwɔk／ɡ juk／ɣr iewk／g rjuk
上古音：「乃」n əɡ／n ə／n ə̂ɡ／n əɣ／n əgx
随唐音：「谷」k uk／k uk／k uk／k uk／k uk／k ok
随唐音：「谷」0 i̯wok／j ǐwok／0 juok／0 iuok／ji wok／0 ǐuk
随唐音：「城」ʑ i̯ɛŋ／ʑ ǐɛŋ／ʑ jɛŋ／dʑ iæŋ／ź jäng／ʑ ǐɛŋ","アイヌ語：「欲乃（郡）」
＝「キル・オク・ナン(kir-ok-nan)」＝「山脚の・うなじ（盆の窪のような窪み）の・顔、斜面」
アイヌ語：「谷城（郡）」＝「イ・オク・テュ・エ・エン(i-ok-tu-e-en)」＝「その・うなじ（盆の窪のような窪み）の・峰が・そこで・突き出ている（ところ）」","jomon2_bnum61.html"
"武州","富有県","全羅南道 順天市 住岩面","富有県","遁支県","富有県","上古音：「遁」dʰ wən／d uən／dʰ uə̂n／d wən／d ənh
上古音：「支」ȶ i̯ĕɡ／ȶ ǐe／c jeɡ／t jieɣ／k rjig
随唐音：「富」p i̯ə̯u／p ǐəu／p ju／p iəu／p jə̆u／pf ǐou
随唐音：「有」j i̯ə̯u／ɣ ǐəu／ɣ ju／j iəu／j ə̆u／j ǐou","アイヌ語：「遁支（県）」
＝「テュ・エ・エン・テュ・エ・エン(tu-e-en-tu-e-en)」＝「峰が・そこで・突き出ている（ところ）・峰が・そこで・突き出ている（ところ）」
アイヌ語：「富有（県）」
＝「ピル・アゥ・キル・アゥ(pir-aw-kir-aw)」＝「傷の（ように切り刻まれた）・角、枝分かれ・山脚の・角、枝分かれ」
or「ピル・アゥ・イ・アゥ(pir-aw-i-aw)」＝「傷の（ように切り刻まれた）・角、枝分かれ・その・角、枝分かれ」","jomon2_bnum61.html"
"武州","求禮県","全羅南道 求礼郡 求礼邑","求禮県","仇次禮県","求禮県","上古音：「仇」ɡʰ／g ǐu／ɡʰ jŏɡ／ɡ jəw／g jəgw
上古音：「次」tsʰ i̯ər／tsʰ ǐei／tsʰ jed／tsʰ jier／tsh jidh
上古音：「禮」l iər／l iei／l ied／l er／l idx
随唐音：「求」ɡʰ i̯ə̯u／g ǐəu／ɡʰ ju／ɡ iəu／g jə̆u／ɡʰ ǐou
随唐音：「禮」l iei／l iei／l iɛi／l iɛi／l iei／l iei","アイヌ語：「仇次禮（県）」
＝「キル・アゥ・テュ・エ・エン・リ・エン(kir-aw-tu-e-en-ri-en)」＝「山脚の・角、枝分かれの・峰が・そこで・突き出ている・高く・突き出ている（ところ）」
アイヌ語：「求禮（県）」＝「キル・アゥ・リ・エン(kir-aw-ri-en)」＝「山脚の・角、枝分かれが・高く・突き出ている（ところ）」","jomon2_bnum61.html"
"武州","同福県","全羅南道 和順郡 同福面","同福県","豆夫只県","同福県","上古音：「豆」dʰ u／d ɔ／dʰ ûɡ／d ew／d ugh
上古音：「夫」bʰ i̯wo／b ǐwa／bʰ juaɡ／b jwaɣ／b jag
上古音：「夫」p i̯wo／p ǐwa／p juaɡ／p jwaɣ／p jag
上古音：「只」tɕ i̯ĕɡ／ȶ ǐe／c jeɡ／t jieɣ／k rjigx
随唐音：「同」dʰ uŋ／d uŋ／dʰ uŋ／d uŋ／d ung／dʰ oŋ
随唐音：「福」p i̯uk／p ǐuk／p juk／p iuk／p juk／pf ǐok","アイヌ語：「豆夫只（県）」
＝「テュン・ピル・アゥ・ウン・テュク(tun-pir-aw-un-tuk)」＝「山間の・傷の（ように切り刻まれた）・角、枝分かれ・にある・小山」
or「テュン・ピル・アゥ・ウン・テュ・エ・エン(tun-pir-aw-un-tu-e-en)」＝「山間の・傷の（ように切り刻まれた）・角、枝分かれ・にある・峰が・そこで・突き出ている（ところ）」
アイヌ語：「同福（県）」＝「テュン・ピル・ケ(tun-pir-ke)」＝「山間の・傷の（ように切り刻まれた）・ところ」","jomon2_bnum61.html"
"武州","陵城郡","全羅南道 和順郡 綾州面","陵城郡","尒陵夫里郡","陵城郡","上古音：「尒」- -／- -／ȵ jer／n jie／n jidx
上古音：「陵」l i̯əŋ／l ǐəŋ／l jəŋ／l iəŋ／l jəng
上古音：「夫」bʰ i̯wo／b ǐwa／bʰ juaɡ／b jwaɣ／b jag
上古音：「夫」p i̯wo／p ǐwa／p juaɡ／p jwaɣ／p jag
上古音：「里」l i̯əɡ／l ǐə／l jəɡ／l iəɣ／l jəgx
随唐音：「陵」l i̯əŋ／l ǐəŋ／l jəŋ／l iɪŋ／l jəng／l ǐəŋ
随唐音：「城」ʑ i̯ɛŋ／ʑ ǐɛŋ／ʑ jɛŋ／dʑ iæŋ／ź jäng／ʑ ǐɛŋ","アイヌ語：「尒陵夫里（郡）」
＝「ニ・エ・エン・リ・エン・ピル・アゥ・ウン・リ・エン(ni-e-en-ri-en-pir-aw-un-ri-en)」＝「棒（のように細長い峰）が・そこで・突き出ている・高く・突き出ている（ところ）・傷の（ように切り刻まれている）・角、枝分かれ・にある・高く・突き出ている（ところ）」
アイヌ語：「陵城（郡）」＝「リ・エン・テュ・エ・エン(ri-en-tu-e-en)」＝「高く・突き出ている・峰が・そこで・突き出ている（ところ）」","jomon2_bnum61.html"
"武州","富里県","全羅南道 宝城郡 福内面","富里県","並夫里郡（波一夫里）／並夫里郡／波一夫里","福城県","上古音：「並」bʰ ieŋ／b iaŋ／- -／- -／- -
上古音：「夫」bʰ i̯wo／b ǐwa／bʰ juaɡ／b jwaɣ／b jag
上古音：「夫」p i̯wo／p ǐwa／p juaɡ／p jwaɣ／p jag
上古音：「里」l i̯əɡ／l ǐə／l jəɡ／l iəɣ／l jəgx
上古音：「波」p wa／p uai／p uɑ／p wa／p ar
上古音：「一」ʔ i̯ĕt／0 ǐet／ʔ jet／ʔ jiet／· jit
随唐音：「富」p i̯ə̯u／p ǐəu／p ju／p iəu／p jə̆u／pf ǐou
随唐音：「里」l ji／l ǐə／l i／l i／l ï／l ǐə
随唐音：「福」p i̯uk／p ǐuk／p juk／p iuk／p juk／pf ǐok
随唐音：「城」ʑ i̯ɛŋ／ʑ ǐɛŋ／ʑ jɛŋ／dʑ iæŋ／ź jäng／ʑ ǐɛŋ","アイヌ語：「並夫里（郡）」
＝「ペ・エ・エン・ピル・アゥ・ウン・リク(pe-e-en-pir-aw-un-rik)」＝「水が・そこで・突き出ている・傷の（ように切り刻まれている）・角、枝分かれ・にある・高台」
or「ペ・エ・エン・ピル・アゥ・ウン・リ・エン(pe-e-en-pir-aw-un-ri-en)」＝「水が・そこで・突き出ている・傷の（ように切り刻まれている）・角、枝分かれ・にある・高く・突き出ている（ところ）」
アイヌ語：「波一夫里」
＝「プ・アィ・イ・アッ・ピル・アゥ・ウン・リ・エン(pu-ay-i-at-pir-aw-un-ri-en)」＝「倉の（屋根のような三角の）・矢先・それが・たくさんある・傷の（ように切り刻まれている）・角、枝分かれ・にある・高く・突き出ている（ところ）」
アイヌ語：「富里（県）」＝「ピル・アゥ・リ・エン(pir-aw-ri-en)」＝「傷の（ように切り刻まれた峰の）・角、枝分かれの・高く・突き出ている（ところ）」
アイヌ語：「福城（県）」＝「プ・イク・テュ・エ・エン(pu-ik-tu-e-en)」＝「倉の（屋根のような三角の）・関節の（ように折れ曲がっている川の）・峰が・そこで・突き出ている（ところ）」","jomon2_bnum61.html"
"武州","汝湄県","全羅南道 和順郡 和順邑","汝湄県","仍利阿郡","和順県","上古音：「仍」ȵ i̯əŋ／ȵ ǐəŋ／ȵ jəŋ／n jiəŋ／n jəng
上古音：「利」l i̯əd／l ǐei／l jed／l ier／l jidh
上古音：「阿」ʔ ɑ／0 ai／ʔ ɑ／ʔ a／· ar
随唐音：「汝」ȵʑ i̯wo／ɽ ǐo／ȵ jo／ȵ io／ńź jwo／nʑ ǐo
随唐音：「湄」m ji／m i／m jĕi／m iei／m ji／m ǐe
随唐音：「和」ɣ uɑ／ɣ uɑ／ɣ uɑ／ɣ uɑ／ɣ uâ／ɣ uɑ
随唐音：「順」dʑʰ i̯uĕn／dʑ ǐuěn／dʑʰ juen／ʑ iuɪn／dź juĕn／dʑʰ ǐuen","アイヌ語：「仍利阿（郡）」
＝「ニ・エ・エン・リ・エン・アゥ(ni-e-en-ri-en-aw)」＝「棒（のような細長い峰）が・そこで・突き出ている・高く・突き出ている・角、枝分かれ」
アイヌ語：「汝湄（県）」＝「ニ・オ・ムィ・エ・エン(ni-o-muy-e-en)」＝「棒（のような細長い岩）が・たくさんある・頂が・そこで・突き出ている（ところ）」
アイヌ語：「和順（県）」＝「キル・アゥ・テュ・エ・エン(kir-aw-tu-e-en)」＝「山脚の・角、枝分かれの・峰が・そこで・突き出ている（ところ）」","jomon2_bnum61.html"
"武州","錦山郡","全羅南道 羅州市","錦山郡","發羅郡","羅州","上古音：「發」p i̯wăt／p ǐwat／p juăt／p jwat／p jat
上古音：「羅」l ɑ／l ai／l ɑ／l a／l ar
随唐音：「錦」- -／k ǐěm／k jem／k iem／k jəm／k ǐəm
随唐音：「山」ʂ ăn／ʃ æn／ʃ æn／ʂ æn／ṣ ăn／ʃ ɐn
随唐音：「羅」l ɑ／l ɑ／l ɑ／l ɑ／l â／l ɑ","アイヌ語：「發羅（郡）」
＝「ピル・アッ・ラ(pir-at-ra)」＝「傷（のように切り刻まれたもの）が・たくさんある・低地」
or「ピル・アッ・ル・アゥ(pir-at-ru-aw)」＝「傷（のように切り刻まれたもの）が・たくさんある・消えかかった（峰の）・角、枝分かれ」
アイヌ語：「錦山（郡）」＝「キル・アム・シル・エ・エン(kir-am-sir-e-en)」＝「山脚の・爪の（ように平べったく鋭い）・山が・そこで・突き出ている（ところ）」
アイヌ語：「羅（州）」
＝「ラ(ra)」＝「低地」
or「ル・アゥ(ru-aw)」＝「跡の（ように消えかかった峰の）・角、枝分かれ」","jomon2_bnum61.html"
"武州","會津県","全羅南道 羅州市 多侍面","會津県","豆肸県","會津県","上古音：「豆」dʰ u／d ɔ／dʰ ûɡ／d ew／d ugh
上古音：「肸」- -／- -／x jət／x iət／h jət
随唐音：「會」ɣ wɑi／ɣ uɑi／ɣ uɑi／ɣ uɑi／ɣ wâi／ɣ uai
随唐音：「會」k wɑi／k uɑi／k uɑi／k uɑi／k wâi／k uai
随唐音：「津」ts i̯ĕn／ts ǐěn／ts jen／ts iɪn／ts jĕn／ts ǐen","アイヌ語：「豆肸（県）」
＝「テュ・ハィ・アッ(tu-hay-at)」＝「峰の・カジキマグロの顎（のように鋭く尖った）が・たくさんある（ところ）」※「ハィ」は「ヘェ」に転訛。
アイヌ語：「會津（県）」＝「キル・アィ・テュ・エ・エン(kir-ay-tu-e-en)」＝「山脚の・矢、カジキマグロの顎（のように鋭く尖った）・峰が・そこで・突き出ている（ところ）」","jomon2_bnum61.html"
"武州","鐵冶県","全羅南道 羅州市 鳳凰面","鐵冶県","實於山県","鐵冶県","上古音：「實」ʰ i̯ĕt／ȡ ǐet／ȡʰ jet／zd jiet／d jit
上古音：「於」ʔ i̯o／0 ǐa／ʔ jaɡ／ʔ jaɣ／· jag
上古音：「山」s ăn／ʃ ean／- -／s rian／s rian
随唐音：「鐵」tʰ iet／tʰ iet／tʰ iɛt／tʰ iɛt／th iet／tʰ iet
随唐音：「冶」0 i̯a／j ǐa／0 ja／0 ia／ji a／0 ǐa","アイヌ語：「實於山（県）」
＝「チッ・イ・アゥ・シル・エ・エン(cit-i-aw-sir-e-en)」＝「膣の（ように袋状の）・その・角、枝分かれの・山が・そこで・突き出ている（ところ）」
アイヌ語：「鐵冶（県）」＝「チッ・イ・アゥ(cit-i-aw)」＝「膣の（ように袋状の）・その・角、枝分かれ」","jomon2_bnum61.html"
"武州","艅艎県","全羅南道 光州広域市光山区本良洞","艅艎県","水川県","艅艎県","上古音：「水」ɕ i̯wər／ɕ ǐwei／ç jued／stʰ jiwer／h rjidx
上古音：「川」ȶʰ i̯wan／ȶʰ ǐwən／- -／- -／th jiən
随唐音：「艅」0 i̯wo／j ǐo／0 jo／0 io／ji wo／0 ǐo
随唐音：「艎」ɣ uɑŋ／ɣ uɑŋ／ɣ uɑn／ɣ wâng／ɣ uɑŋ","アイヌ語：「水川（県）」
＝「シル・エ・エン・テュ・エ・エン(sir-e-en-tu-e-en)」＝「山が・そこで・突き出ている（ところ）・峰が・そこで・突き出ている（ところ）」
アイヌ語：「艅艎（県）」＝「イ・オ・キル・アゥ・ウン(i-o-kir-aw-un)」＝「それが・たくさんある・山脚の・角、枝分かれ・にある（ところ）」","jomon2_bnum61.html"
"武州","陽武郡","全羅南道 康津郡 康津邑","陽武郡","道武郡","道康郡","上古音：「道」dʰ／d u／dʰ ôɡ／d əw／d əgwx
上古音：「武」m i̯wo／m ǐwa／m juaɡ／m jwaɣ／m jagx
随唐音：「陽」0 i̯aŋ／j ǐaŋ／0 jɑŋ／0 iɑŋ／ji ang／0 ǐɑŋ
随唐音：「武」m i̯u／m ǐu／m juo／m iuo／m ju／ɱ ǐu
随唐音：「道」dʰ ɑu／d ɑu／dʰ ɑu／d ɑu／d âu／dʰ ɑu
随唐音：「康」kʰ ɑŋ／kʰ ɑŋ／kʰ ɑŋ／kʰ ɑn／kh âng／kʰ ɑŋ","アイヌ語：「道武（郡）」 ＝「テュ・ムィ・オ(tu-muy-o)」＝「峰の・頂が・たくさんある（ところ）」
アイヌ語：「陽武（郡）」＝「イ・アゥ・ウン・ムィ・オ(i-aw-un-muy-o)」＝「その・角、枝分かれ・にある・頂が・たくさんある（ところ）」
アイヌ語：「道康（郡）」＝「テュ・アゥ・ウン・ク・アゥ・ウン(tu-aw-un-ku-aw-un)」＝「峰の・角、枝分かれ・にある（ところ）・矢（先のような形）の・角、枝分かれ・にある（ところ）」","jomon2_bnum61.html"
"武州","固安県","全羅南道 海南郡 馬山面","固安県（or同安県）／固安県／同安県","古西伊県","竹山県","上古音：「古」k o／k a／k ɑɡ／k aɣ／k agx
上古音：「西」s iər／s iei／s ied／s er／s id
上古音：「伊」ʔ i̯ær／0 ǐei／ʔ jed／ʔ jier／· jid
随唐音：「固」k uo／k u／k uo／k uo／k uo／k u
随唐音：「安」ʔ ɑn／0 ɑn／ʔ ɑn／ʔ ɑn／· ân／ʔ ɑn
随唐音：「同」dʰ uŋ／d uŋ／dʰ uŋ／d uŋ／d ung／dʰ oŋ
随唐音：「竹」ȶ i̯uk／ȶ ǐuk／ȶ juk／ʈ iuk／ṭ juk／ȶ ǐok
随唐音：「山」ʂ ăn／ʃ æn／ʃ æn／ʂ æn／ṣ ăn／ʃ ɐn","アイヌ語：「古西伊（県）」
＝「ク・アク・シル・エ・エン・イ・エ・エン(ku-ak-sir-e-en-i-e-en)」＝「矢（先のような形）の・射る（ところの）・山が・そこで・突き出ている（ところ）・それが・そこで・突き出ている（ところ）」
アイヌ語：「固安（県）」＝「ク・オ・アゥ・ウン(ku-o-aw-un)」＝「矢（先のような形の峰）が・たくさんある・角、枝分かれ・にある（ところ）」
アイヌ語：「同安（県）」
＝「テュ・ウン・アゥ・ウン(tu-un-aw-un)」＝「峰・にある・角、枝分かれ・にある（ところ）」
アイヌ語：「竹山（県）」
＝「テュク・シル・エ・エン(tuk-sir-e-en)」＝「小山の・山が・そこで・突き出ている（ところ）」","jomon2_bnum61.html"
"武州","躭津県","全羅南道 康津郡 大口面","躭津県","冬音県","躭津県","上古音：「冬」t／t uŋ／t ôŋ／t əwŋ／t əngw
上古音：「音」ʔ i̯əm／0 ǐəm／ʔ jəm／ʔ iəm／· jəm
随唐音：「耽」t ɑ̆m／t ɒm／t Am／t em／t ậm／t əm
随唐音：「津」ts i̯ĕn／ts ǐěn／ts jen／ts iɪn／ts jĕn／ts ǐen","アイヌ語：「冬音（県）」
＝「テュ・ウン・イ・アム(tu-un-i-am)」＝「峰・にある・その・爪（のように平べったいもの）」
アイヌ語：「躭津（県）」＝「テュ・アム・テュ・エ・エン(tu-am-tu-e-en)」＝「峰の・爪の（ように平べったく鋭い）・峰が・そこで・突き出ている（ところ）」","jomon2_bnum61.html"
"武州","浸溟県","全羅南道 海南郡 海南邑","浸溟県","塞琴県","海南県","上古音：「塞」s əɡ／s ə／s ə̂ɡ／s əɣ／s əgh
上古音：「塞」s ək／s ək／s ə̂k／s ək／s ək
上古音：「琴」ɡʰ i̯əm／g ǐəm／ɡʰ jəm／ɡ iəm／g jəm
随唐音：「浸」ts i̯əm／ts ǐěm／ts jem／ts iɪm／ts jəm／ts ǐəm
随唐音：「溟」m ieŋ／m ieŋ／m ieŋ／m iɛŋ／m ieng／m ieŋ
随唐音：「海」x ɑ̆i／h ɒi／x Ai／x əi／x ậi／x əi
随唐音：「南」n ɑ̆m／n ɒm／n Am／n em／n ậm／n əm","アイヌ語：「塞琴（県）」
＝「サン・キル・アム(san-kir-am)」＝「前にある・山脚の・爪（のように平べったく鋭いもの）」
アイヌ語：「浸溟（県）」＝「テュ・アム・ムィ・エ・エン(tu-am-muy-e-en)」＝「峰の・爪（のように平べったく鋭いもの）の・頂が・そこで・突き出ている（ところ）」
アイヌ語：「海南（県）」＝「ハィ・ナン(hay-nan)」＝「カジキマグロの顎の（ように突き出た峰の）・斜面」","jomon2_bnum61.html"
"武州","黄原県","全羅南道 海南郡 黄山面","黄原県","黄述県","黄原県","上古音：「黄」ɡʰ wɑŋ／ɣ uaŋ／ɣ uɑŋ／ɡ waŋ／gw ang
上古音：「述」i̯wət／ȡ ǐwət／ȡʰ juət／zd jiwət／d jət
随唐音：「黄」ɣ wɑŋ／ɣ uɑŋ／ɣ uɑŋ／ɣ uɑn／ɣ wâng／ɣ uɑŋ
随唐音：「原」ŋ i̯wɐn／ŋ ǐwɐn／ŋ juɐn／ŋ iuɑn／ng jwɐn／ŋ ǐuɐn","アイヌ語：「黄述（県）」
＝「キル・アゥ・ウン・テュ・アッ(kir-aw-un-tu-at)」＝「山脚の・角、枝分かれ・にある（ところ）・峰が・たくさんある（ところ）」
アイヌ語：「黄原（県）」
＝「キル・アゥ・ウン・キル・アゥ・ウン(kir-aw-un-kir-aw-un)」＝「山脚の・角、枝分かれ・にある（ところ）・山脚の・角、枝分かれ・にある（ところ）」※たくさんの山脚の枝分かれ。","jomon2_bnum61.html"
"武州","務安郡","全羅南道 務安郡 務安邑","務安郡","物阿兮郡","務安郡","上古音：「物」m i̯wət／m ǐwət／m juə̆t／m jwət／m jət
上古音：「阿」ʔ ɑ／0 ai／ʔ ɑ／ʔ a／· ar
上古音：「兮」- -／ɣ ie／ɣ ieɡ／ɡ eɣ／g ig
随唐音：「務」m i̯u／m ǐu／m juo／m iuo／m ju／ɱ ǐu
随唐音：「安」ʔ ɑn／0 ɑn／ʔ ɑn／ʔ ɑn／· ân／ʔ ɑn","アイヌ語：「物阿兮（郡）」
＝「ムィ・アッ・アゥ・キル・エ・ケ(muy-at-aw-kir-e-ke)」＝「頂が・たくさんある・角、枝分かれの・山脚の・頭・のところ」
or「ムィ・アッ・アゥ・キル・エ・エン(muy-at-aw-kir-e-en)」＝「頂が・たくさんある・角、枝分かれの・山脚が・そこで・突き出ている（ところ）」
アイヌ語：「務安（郡）」＝「ムィ・オ・アゥ・ウン(muy-o-aw-un)」＝「頂が・たくさんある・角、枝分かれ・にある（ところ）」","jomon2_bnum61.html"
"武州","咸豊県","全羅南道 咸平郡 咸平邑 咸平里","咸豊県","屈乃県","屈乃県／咸豊県","上古音：「屈」kʰ i̯wət／kʰ ǐwət／kʰ juə̆t／kʰ jwət／khw jət
上古音：「乃」n əɡ／n ə／n ə̂ɡ／n əɣ／n əgx
随唐音：「咸」ɣ ăm／ɣ ɐm／ɣ ɐm／ɣ æm／ɣ ăm／x ɐm
随唐音：「豐」pʰ i̯uŋ／pʰ ǐuŋ／pʰ juŋ／pʰ iuŋ／ph jung／pfʰ ǐoŋ","アイヌ語：「屈乃（県）」
＝「キル・アッ・ナン(kir-at-nan)」＝「山脚が・たくさんある・斜面」
アイヌ語：「咸豊（県）」
＝「キル・アム・ピル・ウン(kir-am-pir-un)」＝「山脚の・爪の（のような形のものの）・傷（のように切り刻まれたもの）・にある（ところ）」","jomon2_bnum61.html"
"武州","多岐県","全羅南道 咸平郡 羅山面","多岐県","多只県","牟平県","上古音：「多」t ɑ／t ai／t ɑ／t a／t ar
上古音：「只」tɕ i̯ĕɡ／ȶ ǐe／c jeɡ／t jieɣ／k rjigx
随唐音：「多」t ɑ／t ɑ／t ɑ／t ɑ／t â／t ɑ
随唐音：「岐」ɡʰ jie̯ ／g ǐe／ɡʰ je／ɡ iɪ／g jiĕ／ɡʰ ǐɛ
随唐音：「牟」m i̯ə̯u／m ǐəu／m ju／m iəu／m jə̆u／ɱ ǐou
随唐音：「平」bʰ i̯wɐŋ／b ǐɐŋ／bʰ jɐŋ／b iaŋ／b jɐng／bʰ ǐaŋ","アイヌ語：「多只（県）」
＝「テュ・アゥ・テュ・エ・エン(tu-aw-tu-e-en)」＝「峰の・角、枝分かれの・山が・そこで・突き出ている（ところ）」
アイヌ語：「多岐（県）」＝「テュ・アゥ・キル・エ(tu-aw-kir-e)」＝「峰の・角、枝分かれの・山脚の・頭」
アイヌ語：「牟平（県）」
＝「ムィ・アゥ・ピル・アン(muy-aw-pir-an)」＝「頂の・角、枝分かれの・傷（のように切り刻まれたもの）・がある（ところ）」","jomon2_bnum61.html"
"武州","海際県","全羅南道 務安郡 海際面","海際県","道際県","牟平県／海際県","上古音：「道」dʰ／d u／dʰ ôɡ／d əw／d əgwx
上古音：「際」ts i̯ad／ts ǐat／ts jæd／ts jiar／ts jadh
随唐音：「海」x ɑ̆i／h ɒi／x Ai／x əi／x ậi／x əi
随唐音：「際」ts i̯ɛi／ts ǐɛi／ts jæi／ts iæi／ts jäi／ts ǐɛi","アイヌ語：「道際（県）」
＝「テュ・オ・テュ・アッ(tu-o-tu-at)」＝「峰が・たくさんある（ところ）・峰が・たくさんある（ところ）」
アイヌ語：「海際（県）」
＝「ハィ・テュ・アィ(hay-tu-ay)」＝「カジキマグロの顎の（ように鋭い）・峰の・矢（のような形のもの）」
or「ハィ・テュ・エ・エン(hay-tu-e-en)」＝「カジキマグロの顎の（ように鋭い）・峰が・そこで・突き出ている（ところ）」","jomon2_bnum61.html"
"武州","珍島県","全羅南道 珍島郡","珍島県","珍島郡","珍島県","上古音：「珍」t i̯ən／t ǐen／t jen／t ien／t rjin
上古音：「島」- -／t u／t ôɡ／t əw／t əgwx
随唐音：「珍」ȶ i̯ĕn／ȶ ǐěn／ȶ jen／ʈ iɪn／ṭ jĕn／ȶʰ ǐen
随唐音：「島」- -／t ieu／t iɛu／t iɛu／t ieu／t ieu
随唐音：「島」- -／t ɑu／t ɑu／t ɑu／t âu／t ɑu","アイヌ語：「珍島（郡）」
＝「テュ・エ・エン・テュ・アゥ(tu-e-en-tu-aw)」＝「峰が・そこで・突き出ている・峰の・角、枝分かれ」
アイヌ語：「珍島（県）」
＝「テュ・エ・エン・テュ・アゥ(tu-e-en-tu-aw)」＝「峰が・そこで・突き出ている・峰の・角、枝分かれ」","jomon2_bnum61.html"
"武州","牢山郡","全羅南道 珍島郡郡内面","牢山郡","徒山県／徒山郡","嘉興県","上古音：「徒」dʰ o／d a／dʰ ɑɡ／d aɣ／d ag
上古音：「山」s ăn／ʃ ean／- -／s rian／s rian
随唐音：「牢」l ɑu／l ɑu／l ɑu／l ɑu／l âu／l ɑu
随唐音：「山」ʂ ăn／ʃ æn／ʃ æn／ʂ æn／ṣ ăn／ʃ ɐn
随唐音：「嘉」k a／k a／k a／k a／k a／k a
随唐音：「興」x i̯əŋ／h ǐəŋ／x jəŋ／x ieŋ／x jəng／x ǐəŋ","アイヌ語：「徒山（郡）」
＝「タク・シル・エ・エン(tak-sir-e-en)」＝「石の・山が・そこで・突き出ている（ところ）」
アイヌ語：「牢山（郡）」＝「ル・アゥ・シル・エ・エン(ru-aw-sir-e-en)」＝「消えかかっている・角、枝分かれの・山が・そこで・突き出ている（ところ）」
アイヌ語：「嘉興（県）」＝「ク・アゥ・ヘ・エ・エン(ku-aw-he-e-en)」＝「矢（先のような形）の・角、枝分かれの・頭、岬が・そこで・突き出ている（ところ）」","jomon2_bnum61.html"
"武州","膽躭県","全羅南道 珍島郡 臨淮面","膽躭県","買仇里県","臨淮県","上古音：「買」- -／m e／m eɡ／m reɣ／m rigx
上古音：「仇」ɡʰ／g ǐu／ɡʰ jŏɡ／ɡ jəw／g jəgw
上古音：「里」l i̯əɡ／l ǐə／l jəɡ／l iəɣ／l jəgx
随唐音：「膽」t ɑm／t ɑm／t ɑm／t ɑm／t âm／t ɑm
随唐音：「耽」t ɑ̆m／t ɒm／t Am／t em／t ậm／t əm
随唐音：「臨」l i̯əm／l ǐěm／l jem／l iɪm／l jəm／l ǐəm
随唐音：「淮」ɣ uăi／ɣ wɐi／ɣ uɐi／ɣ uɛi／ɣ wăi／ɣ uɐi","アイヌ語：「買仇里（県）」
＝「メク・キル・リク(mek-kir-rik)」＝「尾根の・山脚の・高台」
or「メク・キル・リ・エン(mek-kir-ri-en)」＝「尾根の・山脚の・高く・突き出ている（ところ）」
アイヌ語：「膽躭（県）」＝「テュ・アム・テュ・アム(tu-am-tu-am)」＝「峰の・爪（のように平べったく鋭いもの）・峰の・爪」※たくさんの峰の爪。
アイヌ語：「臨淮（県）」＝「リ・アム・キル・アィ(ri-am-kir-ay)」＝「高い・爪（のような平べったく鋭い）・山脚の・矢、カジキマグロの顎（のような鋭く突き出た峰）」","jomon2_bnum61.html"
"武州","壓海県","全羅南道 新安郡 押海邑","膽躭県／壓海県","阿次山県","膽躭県／壓海県","上古音：「阿」ʔ ɑ／0 ai／ʔ ɑ／ʔ a／· ar
上古音：「次」tsʰ i̯ər／tsʰ ǐei／tsʰ jed／tsʰ jier／tsh jidh
上古音：「山」s ăn／ʃ ean／- -／s rian／s rian
随唐音：「壓」ʔ ap／0 ap／ʔ ap／ʔ ap／· ap／ʔ ap
随唐音：「海」x ɑ̆i／h ɒi／x Ai／x əi／x ậi／x əi","アイヌ語：「阿次山（県）」
＝「アゥ・テュ・エ・エン・シル・エ・エン(aw-tu-e-en-sir-e-en)」＝「角、枝分かれの・峰が・そこで・突き出ている（ところ）・山が・そこで・突き出ている（ところ）」
アイヌ語：「壓海（県）」＝「アプ・ハィ(ap-hay)」＝「釣り針（の形の岬）・カジキマグロの顎（のような鋭く突き出た岬）」","jomon2_bnum61.html"
"武州","碣島県","全羅南道 霊光郡 郡南面","碣島県","阿老県","六昌県","上古音：「阿」ʔ ɑ／0 ai／ʔ ɑ／ʔ a／· ar
上古音：「老」l ／ l u／l ôɡ／l əw／l əgwx
随唐音：「碣」ɡʰ i̯ɛt／g ǐɛt／ɡʰ jæ̆t／ɡ iat／g jät／ɡʰ ǐɛt
随唐音：「島」- -／t ieu／t iɛu／t iɛu／t ieu／t ieu
随唐音：「島」- -／t ɑu／t ɑu／t ɑu／t âu／t ɑu
随唐音：「六」l i̯uk／l ǐuk／l juk／l iuk／l juk／l ǐok
随唐音：「昌」tɕʰ i̯aŋ／tɕʰ ǐaŋ／tɕʰ jɑŋ／tɕʰ iɑŋ／tśh jang／tɕʰ ǐɑŋ","アイヌ語：「阿老（県）」
＝「アゥ・ル・アゥ(aw-ru-aw)」＝「角、枝分かれの・消えかかっている（峰の）・角、枝分かれ」
アイヌ語：「碣島（県）」＝「キル・アッ・テュ・アゥ(kir-at-tu-aw)」＝「山脚が・たくさんある・峰の・角、枝分かれ」
アイヌ語：「六昌（県）」＝「ル・イク・テュ・イ・アン(ru-ik-tu-i-an)」＝「消えかかった・関節の（ように曲がった）・峰・それが・ある（ところ）」","jomon2_bnum61.html"
"武州","鹽海県","全羅南道 務安郡 海際面","鹽海県","古祿只県","臨淄県","上古音：「古」k o／k a／k ɑɡ／k aɣ／k agx
上古音：「祿」l uk／l ɔk／l ûk／l ewk／l uk
上古音：「只」tɕ i̯ĕɡ／ȶ ǐe／c jeɡ／t jieɣ／k rjigx
随唐音：「鹽」0 i̯ɛm／j ǐɛm／0 jæm／0 iæm／ji äm／0 ǐɛm
随唐音：「海」x ɑ̆i／h ɒi／x Ai／x əi／x ậi／x əi
随唐音：「臨」l i̯əm／l ǐěm／l jem／l iɪm／l jəm／l ǐəm
随唐音：「淄」- -／tʃ ǐə／tʃ i／tʂ i／tṣ ï／tʃ ǐə","アイヌ語：「古祿只（県）」 ＝「ク・アク・ル・アク・テュ・エ・エン(ku-ak-ru-ak-tu-e-en)」＝「矢の・弟の（ように小さい）or射る（ところ）・消えかかった峰の・弟の（ように小さい）or矢を射る（ところ）・峰が・そこで・突き出ている（ところ）」
アイヌ語：「鹽海（県）」＝「イ・アム・ハィ(i-am-hay)」＝「その・爪の（ように鋭い）・カジキマグロの顎（のように突き出た峰）」
アイヌ語：「臨淄（県）」＝「リ・アム・テュ・エ(ri-am-tu-e)」＝「高い・爪の（ように平べったく鋭い）・峰の・頭」","jomon2_bnum61.html"
"武州","安波県","全羅南道 新安郡 長山面","安波県","居知山県（屈知山県）／居知山県","長山県","上古音：「居」k i̯o／k ǐa／k jaɡ／k jaɣ／k jag
上古音：「屈」kʰ i̯wət／kʰ ǐwət／kʰ juə̆t／kʰ jwət／khw jət
上古音：「知」t i̯ĕɡ／t ǐe／t jeɡ／t ieɣ／t rig
上古音：「山」s ăn／ʃ ean／- -／s rian／s rian
随唐音：「安」ʔ ɑn／0 ɑn／ʔ ɑn／ʔ ɑn／· ân／ʔ ɑn
随唐音：「波」p uɑ／p uɑ／p uɑ／p uɑ／p uâ／p uɑ
随唐音：「長」ȡʰ i̯aŋ／ȡ ǐaŋ／ȡʰ jɑŋ／ɖ iɑŋ／ḍ jang／ȡʰ ǐɑŋ
随唐音：「長」ȶ i̯aŋ／ȶ ǐaŋ／ȶ jɑŋ／ʈ iɑŋ／ṭ jang／ȶ ǐɑŋ
随唐音：「山」ʂ ăn／ʃ æn／ʃ æn／ʂ æn／ṣ ăn／ʃ ɐn","アイヌ語：「居知山（県）」
＝「キル・オ・テュ・エ・エン・シル・エ・エン(kir-o-tu-e-en-sir-e-en)」＝「山脚が・たくさんある・峰が・そこで・突き出ている（ところ）・山が・そこで・突き出ている（ところ）」
アイヌ語：「屈知山（県）」
＝「キル・アッ・テュ・エ・エンイ・シル・エ・エン(kir-at-tu-e-eni-sir-e-en)」＝「山脚が・たくさんある・峰が・そこで・突き出ている（ところ）・山が・そこで・突き出ている（ところ）」
アイヌ語：「安波（県）」＝「アゥ・ウン・プ・アゥ(aw-un-pu-aw)」＝「枝分かれ・にある・倉の（屋根のような三角山の）・角、枝分かれ」
アイヌ語：「長山（県）」＝「テュ・アゥ・ウン・シル・エ・エン(tu-aw-un-sir-e-en)」＝「峰の・角、枝分かれ・にある・山が・そこで・突き出ている（ところ）」","jomon2_bnum61.html"
"全州","全州","全州市","全州","完山州","全州","随唐音：「完」ɣ uɑn／ɣ uɑn／ɣ uɑn／ɣ uɑn／ɣ uân／ɣ uɑn
随唐音：「山」ʂ ăn／ʃ æn／ʃ æn／ʂ æn／ṣ ăn／ʃ ɐn
随唐音：「全」dzʰ i̯wɛn／dz ǐwɛn／dzʰ juæn／dz iuæn／dz jwän／dzʰ ǐuɛn","アイヌ語：「完山（州）」＝
「キル・アゥ・ウン・シル・エ・エン(kir-aw-un-sir-e-en)」＝「山脚の・角、枝分かれ・にある・山が・そこで・突き出ている（ところ）」
アイヌ語：「全（州）」＝
「テュ・エ・エン(tu-e-en)」＝「峰が・そこで・突き出ている（ところ）」","jomon2_bnum62.html"
"全州","杜城県","全北特別自治道 完州郡 伊西面 伊成里","杜城県","豆伊県","伊城県","上古音：「豆」dʰ u／d ɔ／dʰ ûɡ／d ew／d ugh
上古音：「伊」ʔ i̯ær／0 ǐei／ʔ jed／ʔ jier／· jid
随唐音：「杜」dʰ uo／d u／dʰ uo／d uo／d uo／dʰ u
随唐音：「城」ʑ i̯ɛŋ／ʑ ǐɛŋ／ʑ jɛŋ／dʑ iæŋ／ź jäng／ʑ ǐɛŋ
随唐音：「伊」ʔ i／0 i／ʔ jei／ʔ iɪi／· i／ʔ ǐe","アイヌ語：「豆伊（県）」
＝「テュ・イ・エ・エン(tu-i-e-en)」＝「峰・それが・そこで・突き出ている（ところ）」
アイヌ語：「杜城（県）」
＝「テュ・オ・テュ・エ・エン(tu-o-tu-e-en)」＝「峰が・たくさんある・峰が・そこで・突き出ている（ところ）」
アイヌ語：「伊城（県）」
＝「イ・エ・エン・テュ・エ・エン(i-e-en-tu-e-en)」＝「それが・そこで・突き出ている（ところ）・峰が・そこで・突き出ている（ところ）」","jomon2_bnum62.html"
"全州","金溝県","全北特別自治道 金堤市 金溝面 金溝里","金溝県","仇知只山県","金溝県","上古音：「仇」ɡʰ／g ǐu／ɡʰ jŏɡ／ɡ jəw／g jəgw
上古音：「知」t i̯ĕɡ／t ǐe／t jeɡ／t ieɣ／t rig
上古音：「只」tɕ i̯ĕɡ／ȶ ǐe／c jeɡ／t jieɣ／k rjigx
上古音：「山」s ăn／ʃ ean／- -／s rian／s rian
随唐音：「金」k i̯əm／k ǐěm／k jem／k iem／k jəm／k ǐəm
随唐音：「溝」k ə̯u／k əu／k u／k əu／k ə̆u／k ou","アイヌ語：「仇知只山（県）」＝「キル・エ・エン・テュ・エ・エン・テュ・エ・エン・シル・エ・エン(kir-e-en-tu-e-en-tu-e-en-sir-e-en)」＝「山脚が・そこで・突き出ている（ところ）・峰が・そこで・突き出ている（ところ）・峰が・そこで・突き出ている（ところ）・山が・そこで・突き出ている（ところ）」
アイヌ語：「金溝（県）」
＝「キル・アム・ク・アゥ(kir-am-ku-aw)」＝「山脚の・爪（のように鋭く平べったい峰）・矢（先のような形の峰）の・角、枝分かれ」","jomon2_bnum62.html"
"全州","高山県","全北特別自治道 完州郡 高山面","高山県","高山県","高山県","上古音：「高」k oɡ／k au／k ɔ̂ɡ／k aw／k agw
上古音：「山」s ăn／ʃ ean／- -／s rian／s rian","アイヌ語：「高山（県）」
＝「ク・アゥ・シル・エ・エン(ku-aw-sir-e-en)」＝「矢（先のような形の峰）の・角、枝分かれの・山が・そこで・突き出ている（ところ）」","jomon2_bnum62.html"
"全州","南原小京","全北特別自治道 南原市","南原小京","古龍県／古龍郡","南原府","上古音：「古」k o／k a／k ɑɡ／k aɣ／k agx
上古音：「龍」l i̯uŋ／l ǐwɔŋ／l juŋ／l iewŋ／l jung
随唐音：「南」n ɑ̆m／n ɒm／n Am／n em／n ậm／n əm
随唐音：「原」ŋ i̯wɐn／ŋ ǐwɐn／ŋ juɐn／ŋ iuɑn／ng jwɐn／ŋ ǐuɐn","アイヌ語：「古龍（郡）」
＝「ク・アク・レル・ウン(ku-ak-rer-un)」＝「矢（先のような形の峰）の・弟の（ように小さい）or射る・山陰・にある（ところ）」
or「ク・アゥ・レル・ウン(ku-aw-rer-un)」＝「矢（先のような形の峰）の・角、枝分かれの・山陰・にある（ところ）」
アイヌ語：「南原（小京）」＝「ナン・キル・アゥ・ウン(nan-kir-aw-un)」＝「顔の（斜面の）・山脚の・角、枝分かれ・にある（ところ）」","jomon2_bnum62.html"
"全州","大山郡","全北特別自治道 井邑市 泰仁面","大山郡","大尸山郡","泰山郡","上古音：「大」tʰ ɑd, dʰ ɑd／d at／dʰ ɑd／d ar／d adh
上古音：「尸」ɕ i̯ər／ɕ ǐei／ç jed／stʰ jier／h rjid
上古音：「山」s ăn／ʃ ean／- -／s rian／s rian
随唐音：「大」dʰ ɑi, tʰ ɑi／d ɑi／dʰ ɑi／d ɑi／d âi／dʰ ai
随唐音：「山」ʂ ăn／ʃ æn／ʃ æn／ʂ æn／ṣ ăn／ʃ ɐn
随唐音：「泰」tʰ ɑi／tʰ ɑi／tʰ ɑi／tʰ ɑi／th âi／tʰ ai","アイヌ語：「大尸山（郡）」
＝「テュ・アッ・シル・エ・エン・シル・エ・エン(tu-at-sir-e-en-sir-e-en)」＝「峰が・たくさんある・山が・そこで・突き出ている（ところ）・山が・そこで・突き出ている（ところ）」
アイヌ語：「大山（郡）」＝「テュ・アィ・シル・エ・エン(tu-ay-sir-e-en)」＝「峰の・矢の（ように尖った）・山が・そこで・突き出ている（ところ）」
アイヌ語：「泰山（郡）」
＝「テュ・アィ・シル・エ・エン(tu-ay-sir-e-en)」＝「峰の・矢の（ように尖った）・山が・そこで・突き出ている（ところ）」","jomon2_bnum62.html"
"全州","井邑県","全北特別自治道 井邑市","井邑県","井村県／井村","井邑県","上古音：「井」- -／ts ǐeŋ／ts jeŋ／ts jieŋ／ts jingx
上古音：「村」- -／tsʰ uən／tsʰ uə̂n／- -／tsh ən
随唐音：「井」- -／ts ǐɛŋ／ts jɛŋ／ts iæŋ／ts jäng／ts ǐɛŋ
随唐音：「邑」ʔ i̯əp／0 ǐěp／ʔ jĕp／ʔ iep／· jəp／ʔ ǐəp","アイヌ語：「井村」
＝「テュ・エ・エン・テュ・エ・エン(tu-e-en-tu-e-en)」＝「峰が・そこで・突き出ている（ところ）・峰が・そこで・突き出ている（ところ）」※たくさんの突き出ている峰。
アイヌ語：「井邑（県）」
＝「テュ・エ・エン・イ・アプ(tu-e-en-i-ap)」＝「峰が・そこで・突き出ている・その・釣り針（のような形のもの）」","jomon2_bnum62.html"
"全州","斌城県","全北特別自治道 井邑市 泰仁面 弓四里","斌城県","賓屈県","井邑県／仁義県","上古音：「賓」p i̯ĕn／p ǐen／p jen／p jien／p jin
上古音：「屈」kʰ i̯wət／kʰ ǐwət／kʰ juə̆t／kʰ jwət／khw jət
随唐音：「斌」- -／p ǐěn／p jĕn／p ien／p jĕn／p ǐen
随唐音：「城」ʑ i̯ɛŋ／ʑ ǐɛŋ／ʑ jɛŋ／dʑ iæŋ／ź jäng／ʑ ǐɛŋ
随唐音：「仁」ȵʑ i̯ĕn／ɽ ǐěn／ȵ jen／ȵ iɪn／ńź jĕn／nʑ ǐen
随唐音：「義」ŋ jie̯ ／ŋ ǐe／ŋ jĕ／ ie／ng jĕ／ŋ ǐɛ","アイヌ語：「賓屈（県）」
＝「ピル・エ・エン・キル・アッ(pir-e-en-kir-at)」＝「傷（のように切り刻まれたもの）が・そこで・突き出ている・山脚が・たくさんある（ところ）」
アイヌ語：「斌城（県）」
＝「ピル・エ・エン・テュ・エ・エン(pir-e-en-tu-e-en)」＝「傷（のように切り刻まれたもの）が・そこで・突き出ている（ところ）・峰が・そこで・突き出ている（ところ）」
アイヌ語：「仁義（県）」
＝「ニ・エ・エン・キル・エ(ni-e-en-kir-e)」＝「棒（のように細長い峰）が・そこで・突き出ている・山脚の・頭、岬」
or「ニ・テュ・エ・エン・キル・エ(ni-tu-e-en-kir-e)」＝「棒の（ように細長い）・峰が・そこで・突き出ている・山脚の・頭、岬」","jomon2_bnum62.html"
"全州","野西県","全北特別自治道 金堤市 金山面","野西県","世西伊県","巨野県","上古音：「世」ɕ i̯ad／ɕ ǐat／ɕ jæd／stʰ jiar／sth jadh
上古音：「西」s iər／s iei／s ied／s er／s id
上古音：「伊」ʔ i̯ær／0 ǐei／ʔ jed／ʔ jier／· jid
随唐音：「野」ʑ i̯wo／ʑ ǐo／ʑ jo／dʑ io／ź jwo／ʑ ǐo
随唐音：「野」0 i̯a／j ǐa／0 ja／0 ia／ji a／0 ǐa
随唐音：「西」s iei／s iei／s iɛi／s iɛi／s iei／s iei
随唐音：「巨」ɡʰ i̯wo／g ǐo／ɡʰ jo／ɡ io／g jwo／ɡʰ ǐo","アイヌ語：「世西伊（県）」
＝「シル・アッ・シル・エ・エン・イ・エ・エン(sir-at-sir-e-en-i-e-en)」＝「山が・たくさんある・山が・そこで・突き出ている（ところ）・それが・そこで・突き出ている（ところ）」
アイヌ語：「野西（県）」
＝「テュ・オ・シル・エ・エン(tu-o-sir-e-en)」＝「峰が・たくさんある・山が・そこで・突き出ている（ところ）」
アイヌ語：「巨野（県）」
＝「キル・オ・テュ・オ(kir-o-tu-o)」＝「山脚が・たくさんある（ところ）・峰が・たくさんある（ところ）」","jomon2_bnum62.html"
"全州","古阜郡","全北特別自治道 井邑市 古阜面","古阜郡","古眇夫里郡","古阜郡","上古音：「古」k o／k a／k ɑɡ／k aɣ／k agx
上古音：「眇」m i̯oɡ／m ǐau／m jɔɡ／m jiaw／m jiagwx
上古音：「夫」bʰ i̯wo／b ǐwa／bʰ juaɡ／b jwaɣ／b jag
上古音：「夫」p i̯wo／p ǐwa／p juaɡ／p jwaɣ／p jag
上古音：「里」l i̯əɡ／l ǐə／l jəɡ／l iəɣ／l jəgx
随唐音：「古」k uo／k u／k uo／k uo／k uo／k u
随唐音：「阜」bʰ i̯ə̯u／b ǐəu／bʰ ju／b iəu／b jə̆u／bvʰ ǐou","アイヌ語：「古眇夫里（郡）」
＝「ク・アゥ・ムィ・アゥ・ピル・アゥ・リ・エン(ku-aw-muy-aw-pir-aw-ri-en)」＝「矢（先のような形）の・角、枝分かれ・頭、頂の・角、枝分かれ・傷の（ように切り刻まれた）・角、枝分かれが・高く・突き出ている（ところ）」
アイヌ語：「古阜（郡）」＝「ク・オ・ピル・アゥ(ku-o-pir-aw)」＝「矢（先のような形）が・たくさんある・傷（ように切り刻まれたもの）の・角、枝分かれ」","jomon2_bnum62.html"
"全州","扶寧県","全北特別自治道 扶安郡 扶安邑","扶寧県","皆火県","扶寧県","上古音：「皆」k ær／k ei／k ed／k rer／k rid
上古音：「火」x wɑr／h uəi／x uə̂r／x wə／hw ərx
随唐音：「扶」bʰ i̯u／b ǐu／bʰ juo／b iuo／b ju／bvʰ ǐu
随唐音：「扶」- -／p ǐu／p juo／p iuo／p ju／pf ǐu
随唐音：「寧」n ieŋ／n ieŋ／n ieŋ／n iɛŋ／n ieng／n ieŋ","アイヌ語：「皆火（県）」＝「ク・エ・エン・ハィ(ku-e-en-hay)」＝「矢が・そこで・突き出ている・カジキマグロの顎（のような突き出た地形）」
アイヌ語：「扶寧（県）」
＝「ピ・ウ・オ・ニ・エ・エン(pi-u-o-ni-e-en)」＝「石が・互いに重るように・たくさんある・棒が・そこで・突き出ている（ところ）」","jomon2_bnum62.html"
"全州","喜安県","全北特別自治道 扶安郡 保安面","喜安県","欣良買県","保安県","上古音：「欣」x i̯ən／h iən／x jə̆n／x jən／h jən
上古音：「良」l i̯aŋ／l ǐaŋ／l jaŋ／l iaŋ／l jang
上古音：「買」- -／m e／m eɡ／m reɣ／m rigx
随唐音：「喜」x ji／h ǐə／x i／x i／x ï／x ǐə
随唐音：「安」ʔ ɑn／0 ɑn／ʔ ɑn／ʔ ɑn／· ân／ʔ ɑn
随唐音：「保」p ɑu／p ɑu／p ɑu／p ɑu／p âu／p ɑu","アイヌ語：「欣良買（県）」
＝「ヘ・エ・エン・リ・アゥ・ウン・メク(he-e-en-ri-aw-un-mek)」＝「頭が・そこで・突き出ている・高い・角、枝分かれ・にある・尾根」
アイヌ語：「喜安（県）」
＝「へ・アゥ・ウン(aw-un)」＝「頭の・角、枝分かれ・にある（ところ）」
アイヌ語：「保安（県）」
＝「パ・アゥ・アゥ・ウン(pa-aw-aw-un)」＝「頭の・角、枝分かれ・角、枝分かれ・にある（ところ）」","jomon2_bnum62.html"
"全州","尚質県","全北特別自治道 高敞郡 興徳面","尚質県","上柒県","尚質県","上古音：「上」ȡ i̯aŋ／ʑ ǐaŋ／ʑ jaŋ／d jaŋ／d jangx
上古音：「柒」- -／tsʰ ǐet／- -／- -／- -
随唐音：「尚」ʑ i̯aŋ／ʑ ǐaŋ／ʑ jɑŋ／dʑ iɑŋ／ź jang／ʑ ǐɑŋ
随唐音：「質」ȶ i／ȶ i／ȶ jei／ʈ iɪi／ṭ ji／ȶ ǐe
随唐音：「質」tɕ i̯ĕt／tɕ ǐět／tɕ jet／tɕ iɪt／tś jĕt／tɕ ǐet","アイヌ語：「上柒（県）」
＝「チャン・チッ(can-cit)」＝「薄い・膣（のような袋小路の峰）」
or「テュ・アゥ・ウン・チッ(tu-aw-un-cit)」＝「峰の・角、枝分かれ・にある・膣（のような袋小路の峰）」
アイヌ語：「尚質（県）」
＝「チャン・チッ(can-cit)」＝「薄い・膣（のような袋小路の峰）」
or「テュ・アゥ・ウン・チッ(tu-aw-un-cit)」＝「峰の・角、枝分かれ・にある・膣（のような袋小路の峰）」","jomon2_bnum62.html"
"全州","進禮郡","忠清南道 錦山郡 錦山邑","進禮郡","進仍乙郡","進禮郡","上古音：「進」ts i̯ĕn／ts ǐen／ts jen／ts jien／ts jin
上古音：「仍」ȵ i̯əŋ／ȵ ǐəŋ／ȵ jəŋ／n jiəŋ／n jəng
上古音：「乙」ʔ i̯æt／0 ǐet／ʔ jət／ʔ iət／· jət
随唐音：「進」ts i̯ĕn／ts ǐěn／ts jen／ts iɪn／ts jĕn／ts ǐen
随唐音：「禮」l iei／l iei／l iɛi／l iɛi／l iei／l iei","アイヌ語：「進仍乙（郡）」
＝「テュ・エ・エン・ニ・エ・エン・イ・アッ(tu-e-en-ni-e-en-i-at)」＝「峰が・そこで・突き出ている（ところ）・棒（のように細長い峰）が・そこで・突き出ている（ところ）・それが・たくさんある（ところ）」
アイヌ語：「進禮（郡）」＝「テュ・エ・エン・リ・エ・エン(tu-e-en-ri-e-en)」＝「峰が・そこで・突き出ている・高い・頭が・突き出ている（ところ）」","jomon2_bnum62.html"
"全州","伊城県","忠清南道 錦山郡 富利面","伊城県","豆尸伊県","富利県","上古音：「豆」dʰ u／d ɔ／dʰ ûɡ／d ew／d ugh
上古音：「尸」ɕ i̯ər／ɕ ǐei／ç jed／stʰ jier／h rjid
上古音：「伊」ʔ i̯ær／0 ǐei／ʔ jed／ʔ jier／· jid
随唐音：「伊」ʔ i／0 i／ʔ jei／ʔ iɪi／· i／ʔ ǐe
随唐音：「城」ʑ i̯ɛŋ／ʑ ǐɛŋ／ʑ jɛŋ／dʑ iæŋ／ź jäng／ʑ ǐɛŋ
随唐音：「富」p i̯ə̯u／p ǐəu／p ju／p iəu／p jə̆u／pf ǐou
随唐音：「利」l ji／l i／l jei／l iɪi／l ji／l ǐe","アイヌ語：「豆尸伊（県）」
＝「テュク・シル・エ・エンイ・エ・エン(tuk-sir-e-eni-e-en)」＝「小山の・山が・そこで・突き出ている（ところ）・それが・そこで・突き出ている（ところ）」
アイヌ語：「伊城（県）」
＝「イ・エ・エン・テュ・エ・エン(i-e-en-tu-e-en)」＝「それが・そこで・突き出ている（ところ）・峰が・そこで・突き出ている（ところ）」
アイヌ語：「富利（県）」
＝「ピル・アゥ・リ・エン(pir-aw-ri-en)」＝「傷（のように切り刻まれた峰）の・角、枝分かれが・高く・突き出ている（ところ）」","jomon2_bnum62.html"
"全州","清渠県","全北特別自治道 鎮安郡 龍潭面","清渠県","勿居県","富利県／清渠県","上古音：「勿」m i̯wət／m ǐwət／m juə̆t／m jwət／m jə
上古音：「居」k i̯o／k ǐa／k jaɡ／k jaɣ／k jag
随唐音：「清」tsʰ i̯ɛŋ／tsʰ ǐɛŋ／tsʰ jɛŋ／tsʰ iæŋ／tsh jäng／tsʰ ǐɛŋ
随唐音：「渠」ɡʰ i̯wo／g ǐo／ɡʰ jo／ɡ io／g jwo／ɡʰ ǐo","アイヌ語：「勿居（県）」
＝「ムィ・アッ・キル・オ(muy-at-kir-o)」＝「頂が・たくさんある・山脚が・たくさんある（ところ）」
アイヌ語：「清渠（県）」
＝「テュ・エ・エン・キル・オ(tu-e-en-kir-o)」＝「峰が・そこで・突き出ている・山脚が・たくさんある（ところ）」","jomon2_bnum62.html"
"全州","丹川県","全北特別自治道 茂朱郡 茂朱邑","丹川県","赤川県","朱溪県","上古音：「赤」ȶʰ i̯ăk／ȶʰ iak／cʰ jăk／tʰ jiak／kh rjiak
上古音：「川」ȶʰ i̯wan／ȶʰ ǐwən／- -／- -／th jiən
随唐音：「丹」t ɑn／t ɑn／t ɑn／t ɑn／t ân／t ɑn
随唐音：「川」tɕʰ i̯wɛn／tɕʰ ǐwɛn／tɕʰ juæn／tɕʰ iuæn／tśh jwän／tɕʰ ǐuɛn
随唐音：「朱」tɕ i̯u／tɕ ǐu／tɕ juo／tɕ iuo／tś ju／tɕ ǐu
随唐音：「溪」- -／kʰ iei／kʰ iɛi／kʰ iɛi／kh iei／kʰ iei
随唐音：「赤」tɕʰ i̯ɛk／tɕ ǐɛk／tɕʰ jɛk／tɕʰ iæk／tśh jäk／tɕʰ ǐɛk
随唐音：「裳」ʑ i̯aŋ／ʑ ǐaŋ／ʑ jɑŋ／dʑ iɑŋ／ź jang／ʑ ǐɑŋ
随唐音：「山」ʂ ăn／ʃ æn／ʃ æn／ʂ æn／ṣ ăn／ʃ ɐn","アイヌ語：「赤川（県）」＝「テュ・アク・テュ・エ・エン(tu-ak-tu-e-en)」＝「峰の・弟の（ように小さい）・峰が・そこで・突き出ている（ところ）」
アイヌ語：「丹川（県）」
＝「テュ・アゥ・ウン・テュ・エ・エン(tu-aw-un-tu-e-en)」＝「峰の・角、枝分かれ・にある・峰が・そこで・突き出ている（ところ）」
アイヌ語：「朱溪（県）」
＝「テュ・オ・キル・エ・エン(tu-o-kir-e-en)」＝「峰が・たくさんある・山脚が・そこで・突き出ている（ところ）」
アイヌ語：「赤裳山」
＝「テュ・アク・テュ・アゥ・ウン・シル・エ・エン(tu-ak-tu-aw-un-sir-e-en)」＝「峰の・弟の（ように小さい）・峰の・角、枝分かれ・にある・山が・そこで・突き出ている（ところ）」","jomon2_bnum62.html"
"全州","徳殷郡","忠清南道 論山市 恩津面","徳殷郡","徳近郡","徳恩郡","上古音：「徳」t ək／t ək／t ə̂k／t ək／t ək
上古音：「近」ɡʰ i̯ən／g iən／ɡʰ jə̆n／ɡ jən／g jənh
随唐音：「徳」t ək／t ək／t ək／t ək／t ək／t ək
随唐音：「殷」ʔ i̯ən／0 ǐən／ʔ jən／ʔ iən／· jən／ʔ ǐən
随唐音：「殷」ʔ ăn／0 æn／ʔ æn／ʔ æn／· ăn／ʔ ɐn
随唐音：「恩」ʔ ən／0 ən／ʔ ən／ʔ ən／· ən／ʔ ən","アイヌ語：「徳近（郡）」
＝「タク・キル・エ・エン(tak-kir-e-en)」＝「石の・脚が・そこで・突き出ている（ところ）」
アイヌ語：「徳殷（郡）」
＝「タク・イ・エ・エン(tak-i-e-en)」＝「石・それが・そこで・突き出ている（ところ）」
アイヌ語：「徳恩（郡）」＝「タク・エン(tak-en)」＝「石が・突き出ている（ところ）」","jomon2_bnum62.html"
"全州","市津県","忠清南道 論山市","市津県","赤川県／加知奈県","市津県","上古音：「加」k a／k eai／k a／k ra／k rar
上古音：「知」t i̯ĕɡ／t ǐe／t jeɡ／t ieɣ／t rig
上古音：「奈」- -／n at／- -／- -／- -
随唐音：「市」ʑ i／ʑ ǐə／ʑ i／dʑ i／ź ï／ʑ ǐə
随唐音：「津」ts i̯ĕn／ts ǐěn／ts jen／ts iɪn／ts jĕn／ts ǐen","アイヌ語：「加知奈（県）」
＝「カィ・テュク・ノッ(kay-tuk-not)」＝「折れ曲がった（川の）・小山の・岬」
アイヌ語：「市津（県）」＝「チゥ・エ・エン・テュ・エ・エン(ciw-e-en-tu-e-en)」＝「水流が・そこで・突き出ている（ところ）・峰が・そこで・突き出ている（ところ）」","jomon2_bnum62.html"
"全州","礪良県","全北特別自治道 益山市 礪山面","礪良県","只良肖󠄁県／只良肖県","礪良県","上古音：「只」tɕ i̯ĕɡ／ȶ ǐe／c jeɡ／t jieɣ／k rjigx
上古音：「良」l i̯aŋ／l ǐaŋ／l jaŋ／l iaŋ／l jang
上古音：「肖」s i̯oɡ／s ǐau／s jɔɡ／s jiaw／s jagwh
随唐音：「礪」l i̯ɛi／l ǐɛi／l jæi／l iæi／l jäi／l ǐɛi
随唐音：「良」l i̯aŋ／l ǐaŋ／l jɑŋ／l iɑŋ／l jang／l ǐɑŋ","アイヌ語：「只良肖（県）」
＝「テュ・エ・エン・リ・アゥ・ウン・シル・アゥ・ウン(tu-e-en-ri-aw-un-sir-aw-un)」＝「峰が・そこで・突き出ている・高い・角、枝分かれ・にある（ところ）・山の・角、枝分かれ・にある（ところ）」
アイヌ語：「礪良（県）」
＝「リ・エ・エン・リ・アゥ・ウン(ri-e-en-ri-aw-un)」＝「高い・頭が・突き出ている・高い・角、枝分かれ・にある（ところ）」","jomon2_bnum62.html"
"全州","雲梯県","全北特別自治道 完州郡 華山面 雲梯里","雲梯県","只伐只󠄁県／只伐只県","雲梯県","上古音：「只」tɕ i̯ĕɡ／ȶ ǐe／c jeɡ／t jieɣ／k rjigx
上古音：「伐」bʰ i̯wăt／b ǐwat／bʰ juăt／b jwat／b jat
随唐音：「雲」j i̯uən／ɣ ǐuən／ɣ juən／j iuən／j uən／j ǐuən
随唐音：「梯」tʰ iei／tʰ iei／tʰ iɛi／tʰ iɛi／th iei／tʰ iei","アイヌ語：「只伐只（県）」＝「テュ・エ・エン・ピル・アッ・テュ・エ・エン(tu-e-en-pir-at-tu-e-en)」＝「峰が・そこで・突き出ている（ところ）・傷（のように切り刻まれたもの）が・たくさんある・峰が・そこで・突き出ている（ところ）」
アイヌ語：「雲梯（県）」
＝「キル・エ・エン・テュ・エ・エン(kir-e-en-tu-e-en)」＝「山脚が・そこで・突き出ている（ところ）・峰が・そこで・突き出ている（ところ）」
or「イ・エ・エン・テュ・エ・エン(i-e-en-tu-e-en)」＝「それが・そこで・突き出ている（ところ）・峰が・そこで・突き出ている（ところ）」","jomon2_bnum62.html"
"全州","臨陂郡","全北特別自治道 群山市 臨陂面","臨陂郡","屎山郡","臨陂郡","上古音：「屎」x i̯ər／0 ǐei／- -／x jier／- -
上古音：「屎」ɕ i̯ər／- -／- -／stʰ jier／- -
上古音：「山」s ăn／ʃ ean／- -／s rian／s rian
随唐音：「臨」l i̯əm／l ǐěm／l jem／l iɪm／l jəm／l ǐəm
随唐音：「陂」p jie̯ ／p ǐe／p jĕ／p ie／p jĕ／p ǐɛ","アイヌ語：「屎山（郡）」
＝「シル・エ・エン・シル・エ・エン(sir-e-en-sir-e-en)」＝「山が・そこで・突き出ている（ところ）・山が・そこで・突き出ている（ところ）」
アイヌ語：「臨陂（郡）」
＝「リ・アム・ピル・エ(ri-am-pir-e)」＝「高い・爪の（ように平べったい）・傷の（ように切り刻まれた）・頭、岬」","jomon2_bnum62.html"
"全州","咸悦県","全北特別自治道 益山市 咸悦邑","咸悦県","甘勿阿󠄁県／甘勿阿県","雲梯県／咸悦県","上古音：「甘」k ɑm／k am／k ɑm／k am／k am
上古音：「勿」m i̯wət／m ǐwət／m juə̆t／m jwət／m jə
上古音：「阿」ʔ ɑ／0 ai／ʔ ɑ／ʔ a／· ar
随唐音：「咸」ɣ ăm／ɣ ɐm／ɣ ɐm／ɣ æm／ɣ ăm／x ɐm
随唐音：「悦」0 i̯wɛt／j ǐwɛt／0 juæt／0 iuæt／ji wät／0 ǐuɛt","アイヌ語：「甘勿阿（県）」
＝「キル・アム・ムィ・アッ・アゥ(kir-am-muy-at-aw)」＝「山脚の・爪の・頂が・たくさんある・角、枝分かれ」
アイヌ語：「咸悦（県）」＝「キル・アム・イ・ウ(kir-am-i-u)・アッ）(at)」＝「山脚の・爪・それが・重なるように・たくさんある（ところ）」","jomon2_bnum62.html"
"全州","沃溝県","全北特別自治道 群山市 沃溝邑","沃溝県","馬西良󠄁県／馬西良県","沃溝県","上古音：「馬」m ɔ／m ea／m uăɡ／m rwaɣ／m ragx
上古音：「西」s iər／s iei／s ied／s er／s id
上古音：「良」l i̯aŋ／l ǐaŋ／l jaŋ／l iaŋ／l jang
随唐音：「沃」ʔ uok／0 uok／ʔ uok／ʔ uok／· uok／ʔ uk
随唐音：「溝」k ə̯u／k əu／k u／k əu／k ə̆u／k ou","アイヌ語：「馬西良（県）」
＝「ム・アク・シル・エ・エン・リ・アゥ・ウン(mu-ak-sir-e-en-ri-aw-un)」＝「ふさがった・弟の（ように小さい）or矢を射る・山が・そこで・突き出ている・高い・角、枝分かれ・にある（ところ）」
アイヌ語：「沃溝（県）」＝「ウ・アク・ク・アゥ(u-ak-ku-aw)」＝「重なった・弟の（ように小さい）or矢を射る・矢（先のような形の峰）の・角、枝分かれ」","jomon2_bnum62.html"
"全州","澮尾県","全北特別自治道 群山市 澮県面","澮尾県","夫夫里󠄁県／夫夫里県","澮尾県","上古音：「夫」bʰ i̯wo／b ǐwa／bʰ juaɡ／b jwaɣ／b jag
上古音：「夫」p i̯wo／p ǐwa／p juaɡ／p jwaɣ／p jag
上古音：「里」l i̯əɡ／l ǐə／l jəɡ／l iəɣ／l jəgx
随唐音：「澮」k wɑi／k uɑi／k uɑi／k uɑi／k wâi／k uai
随唐音：「尾」m jwe̯i／m ǐwəi／m juəi／m iəi／m jwĕi／ɱ ǐuəi","アイヌ語：「夫夫里（県）」
＝「ピル・アゥ・ピル・アゥ・リ・エン(pir-aw-pir-aw-ri-en)」＝「傷の（ように切り刻まれた峰）・角、枝分かれ・傷の（ように切り刻まれた峰）・角、枝分かれが・高く・突き出ている（ところ）」
アイヌ語：「澮尾（県）」＝「ク・アィ・ムィ・エ・エン(ku-ay-muy-e-en)」＝「矢（先のような形の峰）の・矢、カジキマグロの顎（のように鋭いもの）が・そこで・突き出ている（ところ）」","jomon2_bnum62.html"
"全州","金堤郡","全北特別自治道 金堤市","金堤郡","碧骨郡","金堤郡","上古音：「碧」p i̯ăk／p iak／p jek／p jiek／p jiak
上古音：「骨」k wət／k uət／k uə̂t／k wət／kw ət
随唐音：「金」k i̯əm／k ǐěm／k jem／k iem／k jəm／k ǐəm
随唐音：「堤」- -／ʑ ǐe／ʑ je／dʑ iɪ／ź jĕ／ʑ ǐɛ
随唐音：「堤」- -／t iei／t iɛi／t iɛi／t iei／t iei","アイヌ語：「碧骨（郡）」
＝「ピル・アク・ク・アッ(pir-ak-ku-at)」＝「傷の（ように切り刻まれた）・弟の（ように小さい）or矢を射る・矢（先のような形の峰）が・たくさんある（ところ）」
アイヌ語：「金堤（郡）」
＝「キル・アム・チゥ・エ・エン(kir-am-ciw-e-en)」＝「山脚の・爪の（ように平べったいもの）・水流、水脈が・そこで・突き出ている（ところ）」","jomon2_bnum62.html"
"全州","萬頃県","全北特別自治道 金堤市 万頃邑","萬頃県","豆乃山󠄁県／豆乃山県","萬頃県","上古音：「豆」dʰ u／d ɔ／dʰ û／d ew／d ugh
上古音：「乃」n əɡ／n ə／n ə̂ɡ／n əɣ／n əgx
上古音：「山」s ăn／ʃ ean／- -／s rian／s rian
随唐音：「萬」m i̯wɐn／m ǐwɐn／m juɐn／m iɑn／m jwɐn／ɱ ǐuɐn
随唐音：「頃」kʰ i̯wɛŋ／kʰ ǐwɛŋ／kʰ juɛŋ／kʰ iuæŋ／kh jwäng／kʰ ǐuɛŋ","アイヌ語：「豆乃山（県）」
＝「チゥ・ナ・アン・シル・エ・エン(ciw-na-an-sir-e-en)」＝「水流、水脈・の方・にある・山が・そこで・突き出ている（ところ）」
アイヌ語：「萬頃（県）」＝「メム・ワ・アン・キル・エ・エン(mem-wa-an-kir-e-en)」＝「泉・に・ある・山脚が・そこで・突き出ている（ところ）」","jomon2_bnum62.html"
"全州","平皐県","全北特別自治道 金堤市 龍池面","平皐県","首冬山󠄁県／首冬山県","平皐県","上古音：「首」ɕ／ɕ ǐu／ç jŏɡ／stʰ jəw／h rjəgwx
上古音：「冬」t／t uŋ／t ôŋ／t əwŋ／t əngw
上古音：「山」s ăn／ʃ ean／- -／s rian／s rian
随唐音：「平」bʰ i̯wɐŋ／b ǐɐŋ／bʰ jɐŋ／b iaŋ／b jɐng／bʰ ǐaŋ
随唐音：「皐」- -／k ɑu／k ɑu／k ɑu／k âu／k ɑu","アイヌ語：「首冬山（県）」＝「シル・アゥ・テュ・ウン・シル・エ・エン(sir-aw-tu-un-sir-e-en)」＝「山の・角、枝分かれの・峰・にある・山が・そこで・突き出ている（ところ）」
アイヌ語：「平皐（県）」＝「ピル・ワ・アン・ク・アゥ(pir-wa-an-ku-aw)」＝「傷・に・ある・矢（先のような形の峰）の・角、枝分かれ」","jomon2_bnum62.html"
"全州","利城県","全北特別自治道 金堤市 孔徳面","利城県","乃利阿󠄁県／乃利阿県","平皐県／利城県","上古音：「乃」n əɡ／n ə／n ə̂ɡ／n əɣ／n əgx
上古音：「利」l i̯əd／l ǐei／l jed／l ier／l jidh
上古音：「阿」ʔ ɑ／0 ai／ʔ ɑ／ʔ a／· ar
随唐音：「利」l ji／l i／l jei／l iɪi／l ji／l ǐe
随唐音：「城」ʑ i̯ɛŋ／ʑ ǐɛŋ／ʑ jɛŋ／dʑ iæŋ／ź jäng／ʑ ǐɛŋ","アイヌ語：「乃利阿（県）」
＝「ナン・レル・アゥ(nan-rer-aw)」＝「顔、斜面の・山陰の・角、枝分かれ」
アイヌ語：「利城（県）」＝「レル・テュ・エ・エン(rer-tu-e-en)」＝「山陰の・峰が・そこで・突き出ている（ところ）」","jomon2_bnum62.html"
"全州","武邑県","全北特別自治道 金堤市 聖徳面","武邑県","武斤村󠄁県／武斤村県","富潤県","上古音：「武」m i̯wo／m ǐwa／m juaɡ／m jwaɣ／m jagx
上古音：「斤」k i̯ən／k iən／k jə̆n／k jən／k jən
上古音：「村」- -／tsʰ uən／tsʰ uə̂n／- -／tsh ən
随唐音：「武」m i̯u／m ǐu／m juo／m iuo／m ju／ɱ ǐu
随唐音：「邑」ʔ i̯əp／0 ǐěp／ʔ jĕp／ʔ iep／· jəp／ʔ ǐəp
随唐音：「富」p i̯ə̯u／p ǐəu／p ju／p iəu／p jə̆u／pf ǐou
随唐音：「潤」ȵʑ i̯uĕn／ɽ ǐuěn／ȵ juen／ȵ iuɪn／ńź juĕn／nʑ ǐuen","アイヌ語：「武斤村（県）」
＝「ムィ・オ・キル・エ・エン・テュ・エ・エン(muy-o-kir-e-en-tu-e-en)」＝「頂が・たくさんある・山脚が・そこで・突き出ている（ところ）・峰が・そこで・突き出ている（ところ）」
アイヌ語：「武邑（県）」＝「ムィ・オ・イ・アプ(muy-o-i-ap)」＝「頂が・たくさんある・その・釣り針（のような岬）」
アイヌ語：「富潤（県）」＝「ピル・アゥ・ニ・エ・エン(pir-aw-ni-e-en)」＝「傷の（ように切り刻まれた）・角、枝分かれの・棒（のような岬）が・そこで・突き出ている（ところ）」","jomon2_bnum62.html"
"全州","淳化郡","全北特別自治道 淳昌郡 淳昌邑","淳化郡","道實郡","淳昌郡","上古音：「道」dʰ／d u／dʰ ôɡ／d əw／d əgwx
上古音：「實」ʰ i̯ĕt／ȡ ǐet／ȡʰ jet／zd jiet／d jit
随唐音：「淳」ʑ i̯uĕn／ȡʑ ǐuěn／ȡʑ juen／ȡdʑ iuɪn／ȡź juĕn／ȡʑ ǐuen
随唐音：「化」x wa／h wa／x ua／x ua／x wa／x ua
随唐音：「昌」tɕʰ i̯aŋ／tɕʰ ǐaŋ／tɕʰ jɑŋ／tɕʰ iɑŋ／tśh jang／tɕʰ ǐɑŋ","アイヌ語：「道實（郡）」
＝「テュ・チッ(tu-cit)」＝「峰の・膣（のように袋状のもの）」
アイヌ語：「淳化（郡）」＝「テュ・エ・エン・ホ・アゥ(tu-e-en-ho-aw)」＝「峰が・そこで・突き出ている・尻、山裾の・角、枝分かれ」
アイヌ語：「淳昌（郡）」＝「テュ・エ・エン・テュ・エ・アン(tu-e-en-tu-e-an)」＝「峰が・そこで・突き出ている（ところ）・峰が・そこに・ある（ところ）」※たくさんの峰があるところ。","jomon2_bnum62.html"
"全州","磧城県","全北特別自治道 淳昌郡 赤城面","磧城県","礫坪󠄁県／礫坪県","磧城県","上古音：「礫」ɡl iok／l iauk／l iɔk／l eawk／ngl iakw
上古音：「坪」- -／b ǐeŋ／- -／- -／- -
随唐音：「磧」tsʰ ǐɛk／tsʰ jɛk／tsʰ iæk／tsh jäk／tsʰ ǐɛk
随唐音：「城」ʑ i̯ɛŋ／ʑ ǐɛŋ／ʑ jɛŋ／dʑ iæŋ／ź jäng／ʑ ǐɛŋ","アイヌ語：「礫坪（県）」
＝「リ・アク・ピル・エ・エン(ri-ak-pir-e-en)」＝「高い・弟の（ように小さい）or矢を射る・傷（のように切り刻まれたもの）が・そこで・突き出ている（ところ）」
アイヌ語：「磧城（県）」＝「テュ・アク・テュ・エ・エン(tu-ak-tu-e-en)」＝「峰の・弟の（ように小さいもの）or矢を射る・峰が・そこで・突き出ている（ところ）」","jomon2_bnum62.html"
"全州","九皐県","全北特別自治道 任実郡 青雄面 九皐里","九皐県","堗坪󠄁県／堗坪県","九皐県","随唐音：「堗」- -／d uət／dʰ uət／d uət／d uət／dʰ uət
随唐音：「坪」- -／b ǐɐŋ／bʰ jɐŋ／b iaŋ／b jɐng／bʰ ǐaŋ
※堗が上古音に存在しないので、隋唐音で解釈。
随唐音：「九」k i̯ə̯u／k ǐəu／k ju／k iəu／k jə̆u／k ǐou
随唐音：「皐」- -／k ɑu／k ɑu／k ɑu／k âu／k ɑu","アイヌ語：「堗坪（県）」
＝「テュ・アッ・ピル・アン(tu-at-pir-an)」＝「峰、岬が・たくさんある・傷（のように切り刻まれたもの）・がある（ところ）」
アイヌ語：「九皐（県）」＝「キル・アゥ・ク・アゥ(kir-aw-ku-aw)」＝「山脚の・角、枝分かれ・矢（先のような形の峰）の・角、枝分かれ」","jomon2_bnum62.html"
"全州","金馬郡","全北特別自治道 益山市 金馬面","金馬郡","金馬渚郡","金馬郡","上古音：「金」k i̯əm／k ǐəm／k jəm／k iəm／k jəm
上古音：「馬」m ɔ／m ea／m uăɡ／m rwaɣ／m ragx
上古音：「渚」ȶ i̯o／ȶ ǐa／ȶ jaɡ／t jaɣ／t jagx
随唐音：「金」k i̯əm／k ǐěm／k jem／k iem／k jəm／k ǐəm
随唐音：「馬」m a／m a／m a／m a／m a／m a","アイヌ語：「金馬渚（郡）」＝「キル・アム・ム・アゥ・テュ・アゥ(kir-am-mu-aw-tu-aw)」＝「山脚の・爪の（ように平べったく鋭い）・ふさがっている・角、枝分かれ・峰の・角、枝分かれ」
アイヌ語：「金馬（郡）」
＝「キル・アム・ム・アゥ(kir-am-mu-aw)」＝「山脚の・爪の（ように平べったく鋭い）・ふさがっている・角、枝分かれ」","jomon2_bnum62.html"
"全州","沃野県","全北特別自治道 益山市 金江洞","沃野県","所力只󠄁県／所力只県","沃野県","上古音：「所」ʂ i̯o／ʃ ǐa／s aɡ／s iaɣ／sk rjagx
上古音：「力」l i̯ək／l ǐək／l jək／l iək／l jək
上古音：「只」tɕ i̯ĕɡ／ȶ ǐe／c jeɡ／t jieɣ／k rjigx
随唐音：「沃」ʔ uok／0 uok／ʔ uok／ʔ uok／· uok／ʔ uk
随唐音：「野」ʑ i̯wo／ʑ ǐo／ʑ jo／dʑ io／ź jwo／ʑ ǐo
随唐音：「野」0 i̯a／j ǐa／0 ja／0 ia／ji a／0 ǐa","アイヌ語：「所力只（県）」
＝「シル・アク・リ・アク・テュ・エ・エン(sir-ak-ri-ak-tu-e-en)」＝「山の・弟（のように小さい）or矢を射る・高い・弟（のように小さい）・峰が・そこで・突き出ている（ところ）」
or「シル・アク・リ・アク・テュク(sir-ak-ri-ak-tuk)」＝「山の・弟（のように小さい）or矢を射る・高い・弟（のように小さい）・小山」
アイヌ語：「沃野（県）」
＝「ウ・アク・テュ・オ(u-ak-tu-o)」＝「互いに重なるように・弟の（ように小さい）or矢を射る・峰が・たくさんある（ところ）」
or「ウ・アク・イ・アゥ(u-ak-i-aw)」＝「互いに重なるように・弟の（ように小さい）or矢を射る・その・角、枝分かれ」","jomon2_bnum62.html"
"全州","野山県","全北特別自治道 益山市 郎山面","野山県","閼也山󠄁県／閼也山県","朗山県","上古音：「閼」ʔ ɑt／0 at／- -／ʔ at／- -
上古音：「也」d i̯a／ʎ iai／d jăɡ／r aɣ／r iagx
上古音：「山」s ăn／ʃ ean／- -／s rian／s rian
※アイヌ語の「アル」は、続く語頭が「c」「t」の場合は、「アッ」に変化します。よって朝鮮半島のこの地に渡った上古音の「也」は「d i̯a／d jăɡ」の選択肢しかありえません。次の語頭が「r」「ʎ」で始まる「ʎ iai／r aɣ／r iagx」なら、「アル」は「アン」に変化するはずだからです。
随唐音：「野」ʑ i̯wo／ʑ ǐo／ʑ jo／dʑ io／ź jwo／ʑ ǐo
随唐音：「野」0 i̯a／j ǐa／0 ja／0 ia／ji a／0 ǐa
随唐音：「山」ʂ ăn／ʃ æn／ʃ æn／ʂ æn／ṣ ăn／ʃ ɐn
随唐音：「朗」l ɑŋ／l ɑŋ／l ɑŋ／l ɑŋ／l âng／l ɑŋ","アイヌ語：「閼也山（県）」
＝「アッ（＝アル）(atar)・テュ・アゥ・シル・エ・エン(tu-aw-sir-e-en)」＝「片割れの、一方の・峰の・角、枝分かれの・山が・そこで・突き出ている（ところ）」
or「アッ（＝アル）(atar)・テュ・アク・シル・エ・エン(tu-ak-sir-e-en)」＝「片割れの、一方の・峰の・弟の（ように小さい）or矢を射る・山が・そこで・突き出ている（ところ）」
アイヌ語：「野山（県）」
＝「テュ・オ・シル・エ・エン(tu-o-sir-e-en)」＝「峰が・たくさんある・山が・そこで・突き出ている（ところ）」
or「イ・アゥ・シル・エ・エン(i-aw-sir-e-en)」＝「その・角、枝分かれの・山が・そこで・突き出ている（ところ）」
アイヌ語：「朗山（県）」
＝「ラン・シル・エ・エン(ran-sir-e-en)」＝「上から下に下る・山が・そこで・突き出ている（ところ）」
or「ル・アゥ・ウン・シル・エ・エン(ru-aw-un-sir-e-en)」＝「（消えかかったような）跡の・角、枝分かれ・にある・山が・そこで・突き出ている（ところ）」","jomon2_bnum62.html"
"全州","紆洲県","全北特別自治道 完州郡 鳳東邑","紆洲県","于召渚󠄁県／于召渚県","紆州","上古音：「于」ɡ i̯wo／ɣ ǐwa／ɣ juaɡ／ɣ jwaɣ／gw jag
上古音：「召」dʰ i̯oɡ／d ǐau／- -／d iaw／- -
上古音：「召」ȡ i̯oɡ／ʑ ǐau／- -／d jiaw／- -
上古音：「渚」ȶ i̯o／ȶ ǐa／ȶ jaɡ／t jaɣ／t jagx
随唐音：「紆」ʔ i̯u／0 ǐu／ʔ juo／ʔ iuo／· ju／ʔ ǐu
随唐音：「洲」tɕ i̯ə̯u／tɕ ǐəu／tɕ ju／tɕ iəu／tś jə̆u／tɕ ǐou
随唐音：「州」tɕ i̯ə̯u／tɕ ǐəu／tɕ ju／tɕ iəu／tś jə̆u／tɕ ǐou","アイヌ語：「于召渚（県）」
＝「キル・アゥ・ウン・テュ・アゥ・テュ・アゥ・ウン(kir-aw-un-tu-aw-tu-aw-un)」＝「山脚の・角、枝分かれ・にある・峰の・角、枝分かれ・峰の・角、枝分かれ・にある（ところ）」 ※たくさんの山脚の角、枝分かれ。
アイヌ語：「紆洲（県）」
＝「イ・ウ・オ・テュ・アゥ・ウン(i-u-o-tu-aw-un)」＝「その・互いに重なるように・たくさんある・峰の・角、枝分かれ・にある（ところ）」
アイヌ語：「紆州」＝「イ・ウ・オ・テュ・アゥ・ウン(i-u-o-tu-aw-un)」＝「その・互いに重なるように・たくさんある・峰の・角、枝分かれ・にある（ところ）」","jomon2_bnum62.html"
"全州","壁谿郡","全北特別自治道 長水郡 長渓面","壁谿郡","伯伊郡or伯海郡／伯伊郡／伯海郡","長溪郡／長溪県","上古音：「伯」p ăk／p eak／p uăk／p rwak／p rak
上古音：「伊」ʔ i̯ær／0 ǐei／ʔ jed／ʔ jier／· jid
上古音：「海」xm əɡ／h ə／x ə̂ɡ,x uə̂ɡ／xm əɣ／hm əgx
随唐音：「壁」p iek／p iek／p iek／p iɛk／p iek／p iek
随唐音：「谿」kʰ iei／kʰ iei／kʰ iɛi／kʰ iɛi／kh iei／kʰ iei
随唐音：「長」ȡʰ i̯aŋ／ȡ ǐaŋ／ȡʰ jɑŋ／ɖ iɑŋ／ḍ jang／ȡʰ ǐɑŋ
随唐音：「長」ȶ i̯aŋ／ȶ ǐaŋ／ȶ jɑŋ／ʈ iɑŋ／ṭ jang／ȶ ǐɑŋ
随唐音：「溪」- -／kʰ iei／kʰ iɛi／kʰ iɛi／kh iei／kʰ iei","アイヌ語：「伯伊（郡）」
＝「ピル・アク・イ・エ・エン(pir-ak-i-e-en)」＝「傷の（ように切り刻まれたものの）・弟（のように小さい峰）or矢を射る（ところ）・それが・そこで・突き出ている（ところ）」
アイヌ語：「伯海（郡）」
＝「ピル・アク・フム・ケ(pir-ak-hum-ke)」＝「傷の（ように切り刻まれたものの）・弟の（ように小さい）or矢を射る（ところ）・断片・のところ」
or「ピル・アク・ハィ(pir-ak-hay)」＝「傷の（ように切り刻まれたものの）・弟の（ように小さい）or矢を射る（ところ）・カジキマグロの顎（のように鋭く突き出たもの）」
アイヌ語：「壁谿（郡）」＝「ピル・アク・キル・エ・エン(pir-ak-kir-e-en)」＝「傷の（ように切り刻まれたものの）・弟の（ように小さい）or矢を射る（ところ）・山脚が・そこで・突き出ている（ところ）」
アイヌ語：「長溪（県）」＝「テュ・アゥ・ウン・キル・エ・エン(tu-aw-un-kir-e-en)」＝「峰の・角、枝分かれ・にある・山脚が・そこで・突き出ている（ところ）」","jomon2_bnum62.html"
"全州","鎭安県","全北特別自治道 鎮安郡 鎮安邑","鎭安県","難珍阿󠄁県／難珍阿県","鎭安県","上古音：「難」n ɑn／n an／n ɑn／n an／n an
上古音：「珍」t i̯ən／t ǐen／t jen／t ien／t rjin
上古音：「阿」ʔ ɑ／0 ai／ʔ ɑ／ʔ a／· ar
随唐音：「鎮」ȶ i̯ĕn／ȶ ǐěn／ȶ jen／ʈ iɪn／ṭ jĕn／ȶ ǐen
随唐音：「安」ʔ ɑn／0 ɑn／ʔ ɑn／ʔ ɑn／· ân／ʔ ɑn","アイヌ語：「難珍阿（県）」
＝「ナン・テュ・エ・エン・アゥ(nan-tu-e-en-aw)」＝「斜面の・峰が・そこで・突き出ている・角、枝分かれ」
アイヌ語：「鎭安（県）」＝「テュ・エ・エン・アゥ・ウン(tu-e-en-aw-un)」＝「峰が・そこで・突き出ている・角、枝分かれ・にある（ところ）」","jomon2_bnum62.html"
"全州","高澤県","全北特別自治道 長水郡 長水邑","高澤県","雨坪󠄁県／雨坪県","長水県","上古音：「雨」ɡ i̯wo／ɣ ǐwa／ɣ juaɡ／ɣ jwaɣ／gw jagx
上古音：「坪」- -／b ǐeŋ／- -／- -／- -
随唐音：「高」k ɑu／k ɑu／k ɑu／k ɑu／k âu／k ɑu
随唐音：「澤」ȡʰ ɐk／ȡ ɐk／ȡʰ ɐk／ɖ ak／ḍ ɐk／ȡʰ ak
随唐音：「長」ȡʰ i̯aŋ／ȡ ǐaŋ／ȡʰ jɑŋ／ɖ iɑŋ／ḍ jang／ȡʰ ǐɑŋ
随唐音：「長」ȶ i̯aŋ／ȶ ǐaŋ／ȶ jɑŋ／ʈ iɑŋ／ṭ jang／ȶ ǐɑŋ
随唐音：「水」ɕ wi／ɕ wi／ɕ juei／ɕ iuɪi／ś jwi／s ǐue","アイヌ語：「雨坪（県）」
＝「キル・アゥ・ピ・エ・エン(kir-aw-pi-e-en)」＝「山脚の・角、枝分かれの・石が・そこで・突き出ている（ところ）」
or「キル・アク・ピ・エ・エン(kir-ak-pi-e-en)」＝「山脚の・弟の（ように小さいものの）or矢を射る・石が・そこで・突き出ている（ところ）」
アイヌ語：「高澤（県）」
＝「ク・アゥ・タク(ku-aw-tak)」＝「矢（先のような形の峰）の・角、枝分かれの・石」
アイヌ語：「長水（県）」＝「テュ・アゥ・ウン・シル・エ・エン(tu-aw-un-sir-e-en)」＝「峰の・角、枝分かれ・にある・山が・そこで・突き出ている（ところ）」","jomon2_bnum62.html"
"全州","任實県","全北特別自治道 任実郡 任実邑","任實県／任實郡","任實郡／任實県","任實郡／任實県","上古音：「任」ȵ i̯əm／ȵ ǐəm／jəm／n jiəm／n jəmh
上古音：「實」ʰ i̯ĕt／ȡ ǐet／ȡʰ jet／zd jiet／d jit","アイヌ語：「任實（県）（郡）」
＝「ニ・アム・チッ(ni-am-cit)」＝「棒の（ように細長い）・爪の（ように平べったく鋭い峰の）・膣（状の、袋小路のもの）」","jomon2_bnum62.html"
"全州","馬靈県","全北特別自治道 鎮安郡 馬霊面","馬靈県","馬突󠄁県／馬突県","馬靈県","上古音：「馬」m ɔ／m ea／m uăɡ／m rwaɣ／m ragx
上古音：「突」tʰ wət, dʰ wət／d uət／dʰ uə̂t／d wət／d ət
随唐音：「馬」m a／m a／m a／m a／m a／m a
随唐音：「靈」l ieŋ／l ieŋ／l ieŋ／l iɛŋ／l ieng／l ieŋ","アイヌ語：「馬突（県）」
＝「ム・アゥ・ウン・テュ・アッ(mu-aw-un-tu-at)」＝「ふさがった・角、枝分かれ・にある・峰が・たくさんある（ところ）」
アイヌ語：「馬靈（県）」＝「ム・アゥ・リ・エン(mu-aw-ri-en)」＝「ふさがった・角、枝分かれの・高く・突き出ている（ところ）」","jomon2_bnum62.html"
"全州","青雄県","全北特別自治道南原市 山東面","青雄県","居斯勿󠄁県／居斯勿県","長水県／巨寧県","上古音：「居」k i̯o／k ǐa／k jaɡ／k jaɣ／k jag
上古音：「斯」s i̯ĕɡ／s ǐe／s jeɡ／s jieɣ／s jig
上古音：「勿」m i̯wət／m ǐwət／m juə̆t／m jwət／m jə
随唐音：「青」tsʰ ieŋ／tsʰ ieŋ／tsʰ ieŋ／tsʰ iɛŋ／tsh ieng／tsʰ ieŋ
随唐音：「雄」j i̯uŋ／ɣ ǐuŋ／ɣ juŋ／j iuŋ／j ung／j ǐoŋ
随唐音：「巨」ɡʰ i̯wo／g ǐo／ɡʰ jo／ɡ io／g jwo／ɡʰ ǐo
随唐音：「寧」n ieŋ／n ieŋ／n ieŋ／n iɛŋ／n ieng／n ieŋ","アイヌ語：「居斯勿（県）」
＝「キル・アゥ・ウン・シル・エ・エン・ムィ・アッ(kir-aw-un-sir-e-en-muy-at)」＝「山脚の・角、枝分かれ・にある・山が・そこで・突き出ている・頭、頂が・たくさんある（ところ）」
or「キル・オ・シル・エ・エン・ムィ・アッ(kir-o-sir-e-en-muy-at)」＝「山脚が・たくさんある・山が・そこで・突き出ている・頭、頂が・たくさんある（ところ）」
アイヌ語：「青雄（県）」
＝「テュ・エ・エン・キル・ウン(tu-e-en-kir-un)」＝「峰が・そこで・突き出ている・山脚・にある（ところ）」
or「テュ・エ・エン・イ・ウン(tu-e-en-i-un)」＝「峰が・そこで・突き出ている・それ・にある（ところ）」
アイヌ語：「巨寧（県）」＝「キル・オ・ニ・エ・エン(kir-o-ni-e-en)」＝「山脚が・たくさんある・棒（のように細長い峰）が・そこで・突き出ている（ところ）」","jomon2_bnum62.html"
"熊州","熊州","忠清南道 公州市","熊州","熊津","公州","上古音：「熊」ɡ i̯um／ɣ ǐwəŋ／ɣ juə̆ŋ／ɣ jwəŋ／gw jəm
上古音：「津」ts i̯ĕn／ts ǐen／ts jen／ts jien／ts jin
随唐音：「熊」j i̯uŋ／ɣ ǐuŋ／ɣ juŋ／j iuŋ／j ung／j ǐoŋ
随唐音：「川」tɕʰ i̯wɛn／tɕʰ ǐwɛn／tɕʰ juæn／tɕʰ iuæn／tśh jwän／tɕʰ ǐuɛn
随唐音：「公」k uŋ／k uŋ／k uŋ／k uŋ／k ung／k oŋ","アイヌ語：「熊津」
＝
「キル・ワ・アン・チゥ・エ・エン(kir-wa-an-ciw-e-en)」＝「山脚・に・ある・水流、水脈が・そこで・突き出ている（ところ）」
or
「キル・ワ・アン・テュ・エ・エン(kir-wa-an-tu-e-en)」＝「山脚・に・ある・峰が・そこで・突き出ている（ところ）」
or
「キル・アム・テュ・エ・エン(kir-am-tu-e-en)」＝「山脚の・爪の（ように平べったく鋭い）・峰が・そこで・突き出ている（ところ）」
アイヌ語：「熊川（州）」
＝
「キル・ウン・チゥ・エ・エン(kir-un-ciw-e-en)」＝「山脚・にある・水流、水脈が・そこで・突き出ている（ところ）」
or
「キル・ウン・テュ・エ・エン(kir-un-tu-e-en)」＝「山脚・にある・峰が・そこで・突き出ている（ところ）」
アイヌ語：「熊（州）」＝
「キル・ウン(kir-un)」＝「山脚・にある（ところ）」
アイヌ語：「公（州）」＝
「ク・ウン(ku-un)」＝「矢（先のような形の峰or川）・にある（ところ）」","jomon2_bnum63.html"
"熊州","尼山県","忠清南道 論山市 魯城面","尼山県","熱也山県","尼山県","上古音：「熱」ȵ i̯at／ȵ ǐat／ȵ jæt／n jiat／n jat
上古音：「也」d i̯a／ʎ iai／d jăɡ／r aɣ／r iagx
上古音：「山」s ăn／ʃ ean／- -／s rian／s rian
随唐音：「尼」i ／n i／n jei／ɳ iɪi／ṇ ji／ȵ ǐe
随唐音：「山」ʂ ăn／ʃ æn／ʃ æn／ʂ æn／ṣ ăn／ʃ ɐn","アイヌ語：「熱也山（県）」
＝「ニ・アッ・テュ・アゥ・ウン・シル・エ・エン(ni-at-tu-aw-un-sir-e-en)」＝「棒（のように細長い峰）が・たくさんある・峰の・角、枝分かれ・にある・山が・そこで・突き出ている（ところ）」
アイヌ語：「尼山（県）」
＝「ニ・エ・エン・シル・エ・エン(ni-e-en-sir-e-en)」＝「棒（のように細長い峰）が・そこで・突き出ている（ところ）・山が・そこで・突き出ている（ところ）」","jomon2_bnum63.html"
"熊州","清音県","忠清南道 公州市 新豊面山政里","清音県","伐音支県","新豊県","上古音：「伐」bʰ i̯wăt／b ǐwat／bʰ juăt／b jwat／b jat
上古音：「音」ʔ i̯əm／0 ǐəm／ʔ jəm／ʔ iəm／· jəm
上古音：「支」ȶ i̯ĕɡ／ȶ ǐe／c jeɡ／t jieɣ／k rjig
随唐音：「清」tsʰ i̯ɛŋ／tsʰ ǐɛŋ／tsʰ jɛŋ／tsʰ iæŋ／tsh jäng／tsʰ ǐɛŋ
随唐音：「音」ʔ i̯əm／0 ǐěm／ʔ jĕm／ʔ iem／· jəm／ʔ ǐəm
随唐音：「新」s i̯ĕn／s ǐěn／s jen／s iɪn／s jĕn／s ǐen
随唐音：「豐」pʰ i̯uŋ／pʰ ǐuŋ／pʰ juŋ／pʰ iuŋ／ph jung／pfʰ ǐoŋ","アイヌ語：「伐音支（県）」
＝「ピル・アッ・イ・アム・テュ・エ・エン(pir-at-i-am-tu-e-en)」＝「傷（のように切り刻まれたもの）が・たくさんある・その・爪の（ように平べったく鋭い）・峰が・そこで・突きでている（ところ）」
or「ピル・アッ・イ・アム・テュク(pir-at-i-am-tuk)」＝「傷（のように切り刻まれたもの）が・たくさんある・その・爪の（ように平べったく鋭い）・小山」
アイヌ語：「清音（県）」
＝「テュ・エ・エン・イ・アム(tu-e-en-i-am)」＝「峰が・そこで・突き出ている・その・爪（のように平べったく鋭いもの）」
アイヌ語：「新豊（県）」
＝「シル・エ・エン・ピル・ウン(sir-e-en-pir-un)」＝「山が・そこで・突き出ている（ところ）・傷（のように切り刻まれたもの）・にある（ところ）」","jomon2_bnum63.html"
"熊州","西原京","忠清北道 清州市","四原京／西原小京／西原京","西原小京／西原京","新豊県／清州","随唐音：「西」s iei／s iei／s iɛi／s iɛi／s iei／s iei
随唐音：「原」ŋ i̯wɐn／ŋ ǐwɐn／ŋ juɐn／ŋ iuɑn／ng jwɐn／ŋ ǐuɐn
随唐音：「清」tsʰ i̯ɛŋ／tsʰ ǐɛŋ／tsʰ jɛŋ／tsʰ iæŋ／tsh jäng／tsʰ ǐɛŋ","アイヌ語：「西原（小京）」
＝「シ・エ・エン・キル・ワ・アン(si-e-en-kir-wa-an)」＝「実に・頭が・突き出ている・山脚・に・ある（ところ）」
アイヌ語：「清（州）」
＝「テュ・エ・エン(tu-e-en)」＝「峰が・そこで・突き出ている（ところ）」","jomon2_bnum63.html"
"熊州","大麓郡","忠清南道 天安市 東南区 木川邑","大麓郡","大木岳郡","木州","上古音：「大」tʰ ɑd, dʰ ɑd／d at／dʰ ɑd／d ar／d adh
上古音：「木」m uk／m ɔk／m ûk／m ewk／m uk
上古音：「岳」ŋ ŭk／ŋ eɔk／ŋ uk／ŋ rewk／ng ruk
随唐音：「大」dʰ ɑi, tʰ ɑi／d ɑi／dʰ ɑi／d ɑi／d âi／dʰ ai
随唐音：「麓」l uk／l uk／l uk／l uk／l uk／l ok
随唐音：「木」m uk／m uk／m uk／m uk／m uk／m ok","アイヌ語：「大木岳（郡）」
＝「テュ・アッ・ム・ク・キル・ク(tu-at-mu-ku-kir-ku)」＝「峰が・たくさんある・ふさがっている・矢（先のような形の峰）・山脚の・矢」
アイヌ語：「大麓（郡）」＝「テュ・アィ・ル・ク(tu-ay-ru-ku)」＝「峰の・矢、カジキマグロの顎（のような鋭く突き出た峰）の・消えかかっている・矢（先のような形の峰）」
アイヌ語：「木（州）」
＝「ム・ク(mu-ku)」＝「ふさがっている・矢（先のような形の峰））」","jomon2_bnum63.html"
"熊州","馴雉県","忠清南道 天安市 東南区 豊歳面","馴雉県","甘買県","新豊県／豊歳県","上古音：「甘」k ɑm／k am／k ɑm／k am／k am
上古音：「買」- -／m e／m eɡ／m reɣ／m rigx
随唐音：「馴」z i̯uĕn／z ǐuěn／z juen／z iuɪn／z juĕn／z ǐuen
随唐音：「雉」ȡʰ i／ȡ i／ȡʰ jei／ɖ iɪi／ḍ ji／ȡʰ ǐe
随唐音：「豐」pʰ i̯uŋ／pʰ ǐuŋ／pʰ juŋ／pʰ iuŋ／ph jung／pfʰ ǐoŋ
随唐音：「歲」s i̯wɛi／s ǐwɛi／s juæi／s iuæi／s jwäi／s ǐuɛi","アイヌ語：「甘買（県）」
＝「ク・アム・メク(ku-am-mek)」＝「矢（先のような形の峰）の・爪の（ように平べったく鋭い）・尾根」
アイヌ語：「馴雉（県）」
＝「テュ・エ・エン・テュ・エ・エン(tu-e-en-tu-e-en)」＝「峰が・そこで・突き出ている（ところ）・峰が・そこで・突き出ている（ところ）」※たくさんの突き出た峰。
アイヌ語：「豊歳（県）」
＝「ピル・ウン・シル・エ・エン(pir-un-sir-e-en)」＝「傷（のように切り刻まれたもの）・にある・山が・そこで・突き出ている（ところ）」","jomon2_bnum63.html"
"熊州","金池県","世宗特別自治市 全義面","金池県","仇知県","全義県","上古音：「仇」ɡʰ／g ǐu／ɡʰ jŏɡ／ɡ jəw／g jəgw
上古音：「知」t i̯ĕɡ／t ǐe／t jeɡ／t ieɣ／t rig
随唐音：「金」k i̯əm／k ǐěm／k jem／k iem／k jəm／k ǐəm
随唐音：「池」ȡʰ ie̯ ／ȡ ǐe／ȡʰ je／ɖ iɪ／ḍ jĕ／ȡʰ ǐɛ
随唐音：「全」dzʰ i̯wɛn／dz ǐwɛn／dzʰ juæn／dz iuæn／dz jwän／dzʰ ǐuɛn
随唐音：「義」ŋ jie̯ ／ŋ ǐe／ŋ jĕ／ ie／ng jĕ／ŋ ǐɛ","アイヌ語：「仇知（県）」
＝「キル・エ・エン・テュ・エ・エン(kir-e-en-tu-e-en)」＝「山脚が・そこで・突き出ている（ところ）・峰が・そこで・突き出ている（ところ）」
アイヌ語：「金池（県）」
＝「キル・アム・テュ・エ(kir-am-tu-e)」＝「山脚の・爪（のように平べったく鋭い）・峰の・頭」
アイヌ語：「全義（県）」
＝「テュ・エ・エン・キル・エ(tu-e-en-kir-e)」＝「峰が・そこで・突き出ている・山脚の・頭」","jomon2_bnum63.html"
"熊州","嘉林郡","忠清南道 扶余郡 林川面周辺","嘉林郡","加林郡","嘉林郡","上古音：「加」k a／k eai／k a／k ra／k rar
上古音：「林」ɡl i̯əm／l ǐəm／l jəm／l iəm／gl jəm
随唐音：「嘉」k a／k a／k a／k a／k a／k a
随唐音：「林」l i̯əm／l ǐěm／l jem／l iɪm／l jəm／l ǐəm","アイヌ語：「加林（郡）」＝「カル・イ・アム(kar-i-am)」＝「回っている、曲がっている・その・爪（のように鋭く尖っている川）」
アイヌ語：「嘉林（郡）」
＝「カル・イ・アム(kar-i-am)」＝「回っている、曲がっている・その・爪（のように鋭く尖っている川）」","jomon2_bnum63.html"
"熊州","馬山県","忠清南道 舒川郡 韓山面","馬山県","馬山県","馬山県","上古音：「馬」m ɔ／m ea／m uăɡ／m rwaɣ／m ragx
上古音：「山」s ăn／ʃ ean／- -／s rian／s rian
随唐音：「馬」m a／m a／m a／m a／m a／m a
随唐音：「山」ʂ ăn／ʃ æn／ʃ æn／ʂ æn／ṣ ăn／ʃ ɐn","アイヌ語：「馬山（県）」
＝「ム・アゥ・ウン・シル・エ・エン(mu-aw-un-sir-e-en)」＝「ふさがっている・角、枝分かれ・にある・山が・そこで・突き出ている（ところ）」
アイヌ語：「馬山（県）」
＝「ム・アゥ・シル・エ・エン(mu-aw-sir-e-en)」＝「ふさがっている・角、枝分かれの・山が・そこで・突き出ている（ところ）」","jomon2_bnum63.html"
"熊州","翰山県","忠清南道 扶余郡 鴻山面","翰山県","大山県","鴻山県","上古音：「大」tʰ ɑd, dʰ ɑd／d at／dʰ ɑd／d ar／d adh
上古音：「山」s ăn／ʃ ean／- -／s rian／s rian
随唐音：「翰」ɣ ɑn／ɣ ɑn／ɣ ɑn／ɣ ɑn／ɣ ân／ɣ ɑn
随唐音：「山」ʂ ăn／ʃ æn／ʃ æn／ʂ æn／ṣ ăn／ʃ ɐn
随唐音：「鴻」ɣ uŋ／ɣ uŋ／ɣ uŋ／ɣ uŋ／ɣ ung／ɣ oŋ","アイヌ語：「大山（県）」
＝「テュ・アッ・シル・エ・エン(tu-at-sir-e-en)」＝「峰が・たくさんある・山が・そこで・突き出ている（ところ）」
アイヌ語：「翰山（県）」
＝「キル・アゥ・ウン・シル・エ・エン(kir-aw-un-sir-e-en)」＝「山脚の・角、枝分かれ・にある・山が・そこで・突き出ている（ところ）」
アイヌ語：「鴻山（県）」
＝「キル・ウン・シル・エ・エン(kir-un-sir-e-en)」＝「山脚・にある・山が・そこで・突き出ている（ところ）」","jomon2_bnum63.html"
"熊州","西林郡","忠清南道 舒川郡 舒川邑","西林郡","舌林郡","西林郡","上古音：「舌」ʰ i̯at／ȡ ǐat／ȡʰ jæt／zd jiat／d jat
上古音：「林」ɡl i̯əm／l ǐəm／l jəm／l iəm／gl jəm
随唐音：「西」s iei／s iei／s iɛi／s iɛi／s iei／s iei
随唐音：「林」l i̯əm／l ǐěm／l jem／l iɪm／l jəm／l ǐəm","アイヌ語：「舌林（郡）」
＝「テュ・アッ・リ・アム(tu-at-ri-am)」＝「峰が・たくさんある・高い・爪（のように平べったく鋭いもの）」
アイヌ語：「西林（郡）」
＝「シル・エ・エン・リ・アム(sir-e-en-ri-am)」＝「山が・そこで・突き出ている・高い・爪（のように平べったく鋭いもの）」","jomon2_bnum63.html"
"熊州","藍浦県","忠清南道 保寧市 藍浦面","藍浦県","寺浦県","藍浦県","上古音：「寺」dz i̯əɡ／z ǐə／z jəɡ／r jiəɣ／r jəgh
上古音：「浦」pʰ wo／pʰ ua／pʰ uɑɡ／pʰ waɣ／ph agx
随唐音：「藍」l ɑm／l ɑm／l ɑm／l ɑm／l âm／l ɑm
随唐音：「浦」pʰ uo／pʰ u／pʰ uo／pʰ uo／ph uo／pʰ u","アイヌ語：「寺浦（県）」
＝「テュ・エ・エン・プ・オ(tu-e-en-pu-o)」＝「峰が・そこで・突き出ている・倉（の屋根のような三角山）が・たくさんある（ところ）」
or「テュ・エ・エン・プ・アゥ・ウン(tu-e-en-pu-aw-un)」＝「峰が・そこで・突き出ている・倉（の屋根のような三角山）の・角、枝分かれ・にある（ところ）」
アイヌ語：「藍浦（県）」
＝「ラム・プ・オ(ram-pu-o)」＝「低い・倉（の屋根のような三角山）が・たくさんある（ところ）」","jomon2_bnum63.html"
"熊州","庇仁県","忠清南道 舒川郡 庇仁面","庇仁県","比衆県","庇仁県","上古音：「比」bʰ i̯ər／b ǐei／bʰ jed／b jier／b jid
上古音：「比」p i̯ər／p ǐei／p jed／p jier／p jidx
上古音：「眾」ȶ／ȶ ǐuŋ／ȶ joŋ／t jəwŋ／t jəngwh
随唐音：「庇」p ji／p i／p jei／p iɪi／p i／p ǐe
随唐音：「仁」ȵʑ i̯ĕn／ɽ ǐěn／ȵ jen／ȵ iɪn／ńź jĕn／nʑ ǐen","アイヌ語：「比衆（県）」
＝「ピ・エ・エン・テュ・ウン(pi-e-en-tu-un)」＝「石が・そこで・突き出ている・峰・にある（ところ）」
or「ピ・エ・エン・テュ・エ・エン(pi-e-en-tu-e-en)」＝「石が・そこで・突き出ている（ところ）・峰が・そこで・突き出ている（ところ）」
アイヌ語：「庇仁（県）」＝「ピ・エ・エン・ニ・エ・エン(pi-e-en-ni-e-en)」＝「石が・そこで・突き出ている（・のところ）・棒（のように細長い峰、石）が・そこで・突き出ている（ところ）」","jomon2_bnum63.html"
"熊州","伊山郡","忠清南道 礼山郡 徳山面","伊山郡","馬尸山郡","伊山郡","上古音：「馬」m ɔ／m ea／m uăɡ／m rwaɣ／m ragx
上古音：「尸」ɕ i̯ər／ɕ ǐei／ç jed／stʰ jier／h rjid
上古音：「山」s ăn／ʃ ean／- -／s rian／s rian
随唐音：「伊」ʔ i／0 i／ʔ jei／ʔ iɪi／· i／ʔ ǐe
随唐音：「山」ʂ ăn／ʃ æn／ʃ æn／ʂ æn／ṣ ăn／ʃ ɐn","アイヌ語：「馬尸山（郡）」
＝「ム・アク・シル・エ・エン・シル・エ・エン(mu-ak-sir-e-en-sir-e-en)」＝「ふさがっている・弟の（ように小さい）or矢を射る・山が・そこで・突き出ている（ところ）・山が・そこで・突き出ている（ところ）」
or「ム・アゥ・シル・エ・エン・シル・エ・エン(mu-aw-sir-e-en-sir-e-en)」＝「ふさがっている・角、枝分かれの・山が・そこで・突き出ている（ところ）・山が・そこで・突き出ている（ところ）」
アイヌ語：「伊山（郡）」
＝「イ・エ・エン・シル・エ・エン(i-e-en-sir-e-en)」＝「それが・そこで・突き出ている（ところ）・山が・そこで・突き出ている（ところ）」※山がたくさん突き出ているところ。","jomon2_bnum63.html"
"熊州","目牛県","忠清南道 洪城郡 葛山面 嘉谷里","目牛県","牛見県","不詳","上古音：「牛」ŋ i̯ŭɡ／ŋ ǐwə／ŋ juə̆ɡ／ŋ jwəɣ／ng jəg
上古音：「見」k ian／k ian／k iæn／k ean／k ianh
上古音：「見」ɡʰ ian／ɣ ian／ɣ iæn／ɡ ean／g ianh
随唐音：「目」m i̯uk／m ǐuk／m juk／m iuk／m juk／m ǐok
随唐音：「牛」ŋ i̯ə̯u／ŋ ǐəu／ŋ ju／ŋ iəu／ng jə̆u／ŋ ǐou","アイヌ語：「牛見（県）」
＝「キル・アゥ・ウン・キル・アゥ・ウン(kir-aw-un-kir-aw-un)」＝「山脚の・角、枝分かれ・にある（ところ）・山脚の・角、枝分かれ・にある（ところ）」※たくさんの山の枝分かれ。
アイヌ語：「目牛（県）」
＝「ム・イク・キル・アゥ(mu-ik-kir-aw)」＝「ふさがっている・関節の（ように曲がった）・山の・角、枝分かれ」","jomon2_bnum63.html"
"熊州","今武県","忠清南道 礼山郡 鳳山面","今武県","今勿県","鴻山県／徳豊県","上古音：「今」k i̯əm／k ǐəm／k jəm／k iəm／k jəm
上古音：「勿」m i̯wət／m ǐwət／m juə̆t／m jwət／m jə
随唐音：「今」k i̯əm／k ǐěm／k jem／k iem／k jəm／k ǐəm
随唐音：「武」m i̯u／m ǐu／m juo／m iuo／m ju／ɱ ǐu
随唐音：「徳」t ək／t ək／t ək／t ək／t ək／t ək
随唐音：「豐」pʰ i̯uŋ／pʰ ǐuŋ／pʰ juŋ／pʰ iuŋ／ph jung／pfʰ ǐoŋ","アイヌ語：「今勿（県）」
＝「キル・アム・ムィ・アッ(kir-am-muy-at)」＝「山脚の・爪の（ように平べったく鋭い）・頂が・たくさんある（ところ）」
アイヌ語：「今武（県）」
＝「キル・アム・ムィ・オ(kir-am-muy-o)」＝「山脚の・爪の（ように平べったく鋭い）・頂が・たくさんある（ところ）」
アイヌ語：「徳豊（県）」
＝「テク・ピル・ウン(tek-pir-un)」＝「腕の（ように伸びた）・傷（のように切り刻まれた峰）・にある（ところ）」","jomon2_bnum63.html"
"熊州","槥城郡","忠清南道 唐津市 沔川面","槥城郡","槥郡","槥城郡","上古音：「槥」- -／- -／ɣ juæd／ɣ iwar／gw jadh
上古音：「槥」- -／- -／z juæd／r jiwar／sgw jadh
随唐音：「槥」- -／ɣ ǐwɛi／ɣ juæ̆i／j iuai／j wäi／j ǐuɛi
随唐音：「槥」- -／z ǐwɛi／z juæi／z iuæi／z jwäi／z ǐuɛi
随唐音：「城」ʑ i̯ɛŋ／ʑ ǐɛŋ／ʑ jɛŋ／dʑ iæŋ／ź jäng／ʑ ǐɛŋ","アイヌ語：「槥（郡）」
＝「キル・アッ(kir-at)」＝「山脚が・たくさんある（ところ）」
or「テュ・アッ(tu-at)」＝「峰が・たくさんある（ところ）」
アイヌ語：「槥城（郡）」
＝「キル・エ・エン・テュ・エ・エン(kir-e-en-tu-e-en)」＝「山脚が・そこで・突き出ている（ところ）・峰が・そこで・突き出ている（ところ）」
＝「テュ・エ・エン・テュ・エ・エン(tu-e-en-tu-e-en)」＝「峰が・そこで・突き出ている（ところ）・峰が・そこで・突き出ている（ところ）」","jomon2_bnum63.html"
"熊州","唐津県","忠清南道 唐津市","唐津県","伐首只県","唐津県","上古音：「伐」bʰ i̯wăt／b ǐwat／bʰ juăt／b jwat／b jat
上古音：「首」ɕ／ɕ ǐu／ç jŏɡ／stʰ jəw／h rjəgwx
上古音：「只」tɕ i̯ĕɡ／ȶ ǐe／c jeɡ／t jieɣ／k rjigx
随唐音：「唐」dʰ ɑŋ／d ɑŋ／dʰ ɑŋ／d ɑn／d âng／dʰ ɑŋ
随唐音：「津」ts i̯ĕn／ts ǐěn／ts jen／ts iɪn／ts jĕn／ts ǐen","アイヌ語：「伐首只（県）」
＝「ピル・アッ・シル・アク・テュ・エ・エン(pir-at-sir-ak-tu-e-en)」＝「傷（のように切り刻まれたもの）が・たくさんある・山の・弟の（ように小さい）or矢を射る・峰が・そこで・突き出ている（ところ）」
アイヌ語：「唐津（県）」
＝「テュ・アゥ・ウン・テュ・エ・エン(tu-aw-un-tu-e-en)」＝「峰の・角、枝分かれが・にある（ところ）・峰が・そこで・突き出ている（ところ）」","jomon2_bnum63.html"
"熊州","餘邑県","忠清南道 瑞山市 海美面","餘邑県","餘村県","餘美県","上古音：「餘」d i̯o／ʎ ǐa／d jaɡ／r iaɣ／r ag
上古音：「村」- -／tsʰ uən／tsʰ uə̂n／- -／tsh ən
随唐音：「餘」0 i̯wo／j ǐo／0 jo／0 io／ji wo／0 ǐo
随唐音：「邑」ʔ i̯əp／0 ǐěp／ʔ jĕp／ʔ iep／· jəp／ʔ ǐəp
随唐音：「美」m ji／m i／m jĕi／m iei／m ji／m ǐe","アイヌ語：「餘村（県）」
＝「テュ・オ・テュ・エ・エン(tu-o-tu-e-en)」＝「峰が・たくさんある・峰が・そこで・突き出ている（ところ）」
or「テュ・アゥ・ウン・テュ・エ・エン(tu-aw-un-tu-e-en)」＝「峰の・角、枝分かれ・にある・峰が・そこで・突き出ている（ところ）」
or「イ・アゥ・テュ・エ・エン(i-aw-tu-e-en)」＝「それの・角、枝分かれの・峰が・そこで・突き出ている（ところ）」
アイヌ語：「餘邑（県）」
＝「イ・オ・イ・アプ(i-o-i-ap)」＝「それが・たくさんある・その・釣り針（のように曲がった峰）」
アイヌ語：「餘美（県）」
＝「イ・オ・ムィ・エ・エン(i-o-muy-e-en)」＝「それが・たくさんある・頂が・そこで・突き出ている（ところ）」","jomon2_bnum63.html"
"熊州","新平県","忠清南道 唐津市 新平面","新平県","沙平県","新平県","上古音：「沙」s a／ʃ eai／s a／s ra／s rar
上古音：「平」bʰ i̯ĕŋ／b ǐeŋ／bʰ jĕŋ／b ieŋ／b jing
随唐音：「新」s i̯ĕn／s ǐěn／s jen／s iɪn／s jĕn／s ǐen
随唐音：「平」bʰ i̯wɐŋ／b ǐɐŋ／bʰ jɐŋ／b iaŋ／b jɐng／bʰ ǐaŋ","アイヌ語：「沙平（県）」
＝「シ・アゥ・ペ・エ・エン(si-aw-pe-e-en)」＝「大きな・角、枝分かれの・水が・そこで・突き出ている（ところ）」
アイヌ語：「新平（県）」
＝「シ・エン・ペ・アゥ・ウン(si-en-pe-aw-un)」＝「大きく・突き出ている・水の・角、枝分かれ・にある（ところ）」","jomon2_bnum63.html"
"熊州","扶餘郡","忠清南道 扶余郡 扶余邑","扶餘郡","所夫里郡","扶餘郡","上古音：「所」ʂ i̯o／ʃ ǐa／s aɡ／s iaɣ／sk rjagx
上古音：「夫」bʰ i̯wo／b ǐwa／bʰ juaɡ／b jwaɣ／b jag
上古音：「夫」p i̯wo／p ǐwa／p juaɡ／p jwaɣ／p jag
上古音：「里」l i̯əɡ／l ǐə／l jəɡ／l iəɣ／l jəgx
随唐音：「扶」bʰ i̯u／b ǐu／bʰ juo／b iuo／b ju／bvʰ ǐu
随唐音：「扶」- -／p ǐu／p juo／p iuo／p ju／pf ǐu
随唐音：「餘」0 i̯wo／j ǐo／0 jo／0 io／ji wo／0 ǐo","アイヌ語：「所夫里（郡）」
＝「シル・アゥ・ウン・ピル・アゥ・ウン・リク(sir-aw-un-pir-aw-un-rik)」＝「山の・角、枝分かれ・にある・傷の（ように切り刻まれた）・角、枝分かれ・にある・高台」
or「シル・アゥ・ウン・ピル・アゥ・ウン・リ・エン(sir-aw-un-pir-aw-un-ri-en)」＝「山の・角、枝分かれ・にある・傷の（ように切り刻まれた）・角、枝分かれ・にある・高く・突き出ている（ところ）」
or「シル・アク・ピル・アク・リ・アク(sir-ak-pir-ak-ri-ak)」＝「山の・弟（のように小さい）or矢を射る（ところ）・傷の（ように切り刻まれた）・弟or矢を射る（ところ）・高い・弟or矢を射る（ところ）」
アイヌ語：「扶餘（郡）」
＝「ピル・オ・イ・オ(pir-o-i-o)」＝「傷（のように切り刻まれた山）が・たくさんある（ところ）・それが・たくさんある（ところ）」","jomon2_bnum63.html"
"熊州","石山県","忠清南道 扶余郡 石城面","石山県","珍惡山県","石城県","上古音：「珍」t i̯ən／t ǐen／t jen／t ien／t rjin
上古音：「惡」ʔ ɑɡ／0 a／ʔ ɑɡ／ʔ aɣ／· ag
上古音：「惡」ʔ ɑk／0 ak／ʔ ɑk／ʔ ak／· ak
上古音：「山」s ăn／ʃ ean／- -／s rian／s rian
随唐音：「石」ʑ i̯ɛk／ʑ ǐɛk／ʑ jɛk／dʑ iæk／ź jäk／ʑ ǐɛk
随唐音：「山」ʂ ăn／ʃ æn／ʃ æn／ʂ æn／ṣ ăn／ʃ ɐn
随唐音：「城」ʑ i̯ɛŋ／ʑ ǐɛŋ／ʑ jɛŋ／dʑ iæŋ／ź jäng／ʑ ǐɛŋ","アイヌ語：「珍惡山（県）」
＝「テュ・エ・エン・アク・シル・エ・エン(tu-e-en-ak-sir-e-en)」＝「峰が・そこで・突き出ている（ところ）・弟の（ように小さい）or矢を射る・山が・そこで・突き出ている（ところ）」
アイヌ語：「石山（県）」
＝「テュ・アク・シル・エ・エン(tu-ak-sir-e-en)」＝「峰の・弟の（ように小さい）or矢を射る・山が・そこで・突き出ている（ところ）」
アイヌ語：「石城（県）」
＝「テュ・アク・テュ・エ・エン(tu-ak-tu-e-en)」＝「峰の・弟の（ように小さい）or矢を射る・峰が・そこで・突き出ている（ところ）」","jomon2_bnum63.html"
"熊州","悦城県","忠清南道 青陽郡 定山面","悦城県","悦己県","定山県","上古音：「悅」d i̯wat／ʎ ǐwat／d juæt／r iwat／r uat
上古音：「己」k i̯əɡ／k ǐə／k jəɡ／k iəɣ／k jəgx
随唐音：「悅」0 i̯wɛt／j ǐwɛt／0 juæt／0 iuæt／ji wät／0 ǐuɛt
随唐音：「城」ʑ i̯ɛŋ／ʑ ǐɛŋ／ʑ jɛŋ／dʑ iæŋ／ź jäng／ʑ ǐɛŋ
随唐音：「定」dʰ ieŋ／d ieŋ／dʰ ieŋ／d iɛŋ／d ieng／dʰ ieŋ
随唐音：「定」t ieŋ／t ieŋ／t ieŋ／t iɛŋ／t ieng／t ieŋ
随唐音：「山」ʂ ăn／ʃ æn／ʃ æn／ʂ æn／ṣ ăn／ʃ ɐn","アイヌ語：「悦己（県）」
＝「テュ・アッ・キル・エ・エン(tu-at-kir-e-en)」＝「峰が・たくさんある・山脚が・そこで・突き出ている（ところ）」
or「イ・ウ・アッ・キル・エ・エン(i-u-at-kir-e-en)」＝「それが・互いに重なるように・たくさんある・山脚が・そこで・突き出ている（ところ）」
アイヌ語：「悦城（県）」
＝「イ・ウ・アッ・テュ・エ・エン(i-u-at-tu-e-en)」＝「それが・互いに重なるように・たくさんある・峰が・そこで・突き出ている（ところ）」
アイヌ語：「定山（県）」
＝「テュ・エ・エン・シル・エ・エン(tu-e-en-sir-e-en)」＝「峰が・そこで・突き出ている（ところ）・山が・そこで・突き出ている（ところ）」","jomon2_bnum63.html"
"熊州","任城郡","忠清南道 礼山郡 大興面","任城郡","任存郡","大興郡","上古音：「任」ȵ i̯əm／ȵ ǐəm／jəm／n jiəm／n jəmh
上古音：「存」dzʰ wən／dz uən／dzʰ uə̂n／dz wən／dz ən d
随唐音：「任」ȵʑ i̯əm／ɽ ǐěm／ȵ jem／ȵ iɪm／ńź jəm／nʑ ǐəm
随唐音：「城」ʑ i̯ɛŋ／ʑ ǐɛŋ／ʑ jɛŋ／dʑ iæŋ／ź jäng／ʑ ǐɛŋ
随唐音：「大」dʰ ɑi, tʰ ɑi／d ɑi／dʰ ɑi／d ɑi／d âi／dʰ ai
随唐音：「興」x i̯əŋ／h ǐəŋ／x jəŋ／x ieŋ／x jəng／x ǐəŋ","アイヌ語：「任存（郡）」
＝「ニ・アム・テュ・エ・エン(ni-am-tu-e-en)」＝「棒の（ように細長い）・爪の（ように平べったく鋭い）・峰が・そこで・突き出ている（ところ）」
アイヌ語：「任城（郡）」
＝「ニ・アム・テュ・エ・エン(ni-am-tu-e-en)」＝「棒の（ように細長い）・爪の（ように平べったく鋭い）・峰が・そこで・突き出ている（ところ）」
アイヌ語：「大興（郡）」
＝「テュ・アィ(tu-ay)・へ・エ・エン(e-en)」＝「峰の・矢、カジキマグロの顎の（ように鋭く突き出た）・頭が・そこで・突き出ている（ところ）」
or「テュ・アィ・ハィ・アン(tu-ay-hay-an)」＝「峰の・矢（のように鋭く突き出たもの）・カジキマグロの顎（のように鋭く突き出たもの）・がある（ところ）」","jomon2_bnum63.html"
"熊州","青正県","忠清南道 青陽郡 青陽邑","青正県","古良夫里県","定山県／青陽県","上古音：「古」k o／k a／k ɑɡ／k aɣ／k agx
上古音：「良」l i̯aŋ／l ǐaŋ／l jaŋ／l iaŋ／l jang
上古音：「夫」bʰ i̯wo／b ǐwa／bʰ juaɡ／b jwaɣ／b jag
上古音：「夫」p i̯wo／p ǐwa／p juaɡ／p jwaɣ／p jag
上古音：「里」l i̯əɡ／l ǐə／l jəɡ／l iəɣ／l jəgx
随唐音：「青」tsʰ ieŋ／tsʰ ieŋ／tsʰ ieŋ／tsʰ iɛŋ／tsh ieng／tsʰ ieŋ
随唐音：「正」tɕ i̯ɛŋ／tɕ ǐɛŋ／tɕ jɛŋ／tɕ iæŋ／tś jäng／tɕ ǐɛŋ
随唐音：「陽」0 i̯aŋ／j ǐaŋ／0 jɑŋ／0 iɑŋ／ji ang／0 ǐɑŋ","アイヌ語：「古良夫里（県）」
＝「ク・アゥ・ウン・リ・アゥ・ウン・ピル・アゥ・ウン・リ・エン(ku-aw-un-ri-aw-un-pir-aw-un-ri-en)」＝「矢（先のような形）の・角、枝分かれ・にある・高い・角、枝分かれ・にある・傷の（ように切り刻まれた）・角、枝分かれ・にある・高く・突き出ている（ところ）」
or 「ク・アゥ・ウン・リ・アゥ・ウン・ピル・アゥ・ウン・リク(ku-aw-un-ri-aw-un-pir-aw-un-rik)」＝「矢（先のような形）の・角、枝分かれ・にある・高い・角、枝分かれ・にある・傷の（ように切り刻まれた）・角、枝分かれ・にある・高台」
アイヌ語：「青正（県）」
＝「テュ・エ・エン・テュ・エ・エン(tu-e-en-tu-e-en)」＝「峰が・そこで・突き出ている（ところ）・峰が・そこで・突き出ている（ところ）」※突き出ているたくさんの峰。
アイヌ語：「青陽（県）」
＝「テュ・エ・エン・イ・アゥ・ウン(tu-e-en-i-aw-un)」＝「峰が・そこで・突き出ている・その・角、枝分かれ・にある（ところ）」","jomon2_bnum63.html"
"熊州","孤山県","忠清南道 礼山郡 礼山邑","孤山県","烏山県","定山県／禮山県","上古音：「烏」ʔ o／0 a／ʔ ɑɡ／ʔ aɣ／· ag
上古音：「山」s ăn／ʃ ean／- -／s rian／s rian
随唐音：「孤」k uo／k u／k uo／k uo／k uo／k u
随唐音：「山」ʂ ăn／ʃ æn／ʃ æn／ʂ æn／ṣ ăn／ʃ ɐn
随唐音：「禮」l iei／l iei／l iɛi／l iɛi／l iei／l iei","アイヌ語：「烏山（県）」
＝「アゥ・シル・エ・エン(aw-sir-e-en)」＝「角、枝分れた・山が・そこで・突き出ている（ところ）」
アイヌ語：「孤山（県）」
＝「ク・オ・シル・エ・エン(ku-o-sir-e-en)」＝「矢（先のような形の峰）が・たくさんある・山が・そこで・突き出ている（ところ）」
アイヌ語：「禮山（県）」
＝「リ・エ・エン・シル・エ・エン(ri-e-en-sir-e-en)」＝「高い・頭が・突き出ている（ところ）・山が・そこで・突き出ている（ところ）」","jomon2_bnum63.html"
"熊州","黄山郡","忠清南道 論山市 連山面","黄山郡","黄等也山郡","大興郡／連山郡","上古音：「黄」ɡʰ wɑŋ／ɣ uaŋ／ɣ uɑŋ／ɡ waŋ／gw ang
上古音：「等」t əŋ／- -／t ə̂ŋ／t əŋ／t əngx
上古音：「也」d i̯a／ʎ iai／d jăɡ／r aɣ／r iagx
上古音：「山」s ăn／ʃ ean／- -／s rian／s rian
随唐音：「黄」ɣ wɑŋ／ɣ uɑŋ／ɣ uɑŋ／ɣ uɑn／ɣ wâng／ɣ uɑŋ
随唐音：「山」ʂ ăn／ʃ æn／ʃ æn／ʂ æn／ṣ ăn／ʃ ɐn
上古音：「連」l i̯ɛn／l ǐɛn／l jæn／l iæn／l jän／l ǐɛn","アイヌ語：「黄等也山（郡）」
＝「キル・アゥ・ウン・テュン・テュ・アク・シル・エ・エン(kir-aw-un-tun-tu-ak-sir-e-en)」＝「山脚の・角、枝分かれ・にある・間の・峰の・弟の（ように小さい）or矢を射る・山が・そこで・突き出ている（ところ）」
アイヌ語：「黄山（郡）」
＝「キル・アゥ・ウン・シル・エ・エン(kir-aw-un-sir-e-en)」＝「山脚の・角、枝分かれ・にある（ところ）・山が・そこで・突き出ている（ところ）」
アイヌ語：「連山（郡）」＝「リ・エ・エン・シル・エ・エン(ri-e-en-sir-e-en)」＝「高い・頭が・突き出ている（ところ）・山が・そこで・突き出ている（ところ）」","jomon2_bnum63.html"
"熊州","鎭嶺県","大田広域市 儒城区","鎭嶺県","眞峴県","定山県／鎭岑県","上古音：「真」ȶ i̯ĕn／ȶ ǐen／ȶ jen／t jien／t jin
上古音：「峴」- -／ɣ ian／- -／- -／- -
随唐音：「鎮」ȶ i̯ĕn／ȶ ǐěn／ȶ jen／ʈ iɪn／ṭ jĕn／ȶ ǐen
随唐音：「嶺」- -／l ǐɛŋ／l jɛŋ／l iæŋ／l jäng／l ǐɛŋ
随唐音：「岑」dʐʰ i̯əm／dʒ ǐěm／dʒʰ jem／dʐ iɪm／dẓ jəm／dʒʰ ǐəm","アイヌ語：「眞峴（県）」＝「チン・エ・エン・キル・アン(cin-e-en-kir-an)」＝「崖が・そこで・突き出ている・山脚・がある（ところ）」
アイヌ語：「鎭嶺（県）」
＝「チン・エ・エン・リ・エ・エン(cin-e-en-ri-e-en)」＝「崖が・そこで・突き出ている・高い・頭が・突き出ている（ところ）」
アイヌ語：「鎭岑（県）」＝「チン・エ・エン・チン・アム(cin-e-en-cin-am)」＝「崖が・そこで・突き出ている・崖の・爪（のように平べったく鋭い峰）」","jomon2_bnum63.html"
"熊州","珍同県","忠清南道 錦山郡 珍山面","珍同県","珍同県","珍同県","上古音：「珍」t i̯ən／t ǐen／t jen／t ien／t rjin
上古音：「同」dʰ uŋ／d ɔŋ／dʰ ûŋ／d ewŋ／d ung
随唐音：「珍」ȶ i̯ĕn／ȶ ǐěn／ȶ jen／ʈ iɪn／ṭ jĕn／ȶʰ ǐen
随唐音：「同」dʰ uŋ／d uŋ／dʰ uŋ／d uŋ／d ung／dʰ oŋ","アイヌ語：「珍同（県）」
＝「チン・エ・エン・テュ・ウン(cin-e-en-tu-un)」＝「崖が・そこで・突き出ている・峰・にある（ところ）」","jomon2_bnum63.html"
"熊州","比豊郡","大田広域市 大徳区周辺","比豊郡","雨述郡","大興郡／懐徳郡","上古音：「雨」ɡ i̯wo／ɣ ǐwa／ɣ juaɡ／ɣ jwaɣ／gw jagx
上古音：「述」i̯wət／ȡ ǐwət／ȡʰ juət／zd jiwət／d jət
随唐音：「比」bʰ ji／b i／bʰ jei／b iɪi／b i／bʰ ǐe
随唐音：「比」p ji／p i／p jei／p iɪi／p i／bʰ ǐe
随唐音：「豐」pʰ i̯uŋ／pʰ ǐuŋ／pʰ juŋ／pʰ iuŋ／ph jung／pfʰ ǐoŋ
随唐音：「懷」ɣ uăi／ɣ wɐi／ɣ uɐi／ɣ uɛi／ɣ wăi／ɣ uɐi
随唐音：「徳」t ək／t ək／t ə̂k／t ək／t ək","アイヌ語：「雨述（郡）」
＝「キル・アゥ・ウン・テュ・アッ(kir-aw-un-tu-at)」＝「山脚の・角、枝分かれ・にある・峰が・たくさんある（ところ）」
or「キル・アク・テュ・アッ(kir-ak-tu-at)」＝「山脚の・弟の（ように小さい）or矢を射る・峰が・たくさんある（ところ）」
or「キル・オ・テュ・アッ(kir-o-tu-at)」＝「山脚が・たくさんある・峰が・たくさんある（ところ）」
アイヌ語：「比豊（郡）」
＝「ピル・エ・エン・ピル・ウン(pir-e-en-pir-un)」＝「傷（が刻まれたような峰）が・そこで・突き出ている（ところ）・傷（が刻まれたような峰）・にある（ところ）」※たくさんの切り刻まれた峰。
アイヌ語：「懐徳（郡）」
＝「キル・アィ・テク(kir-ay-tek)」＝「山脚の・矢、カジキマグロの顎（のように鋭く突き出た）・腕（のように長く伸びた峰）」","jomon2_bnum63.html"
"熊州","儒城県","大田広域市 儒城区","儒城県","奴斯只県","定山県／儒城県","上古音：「奴」n o／n a／n ɑɡ／n aɣ／n ag
上古音：「斯」s i̯ĕɡ／s ǐe／s jeɡ／s jieɣ／s jig
上古音：「只」tɕ i̯ĕɡ／ȶ ǐe／c jeɡ／t jieɣ／k rjigx
随唐音：「儒」ȵʑ i̯u／ɽ ǐu／ȵ juo／ȵ iuo／ńź ju／nʑ ǐu
随唐音：「城」ʑ i̯ɛŋ／ʑ ǐɛŋ／ʑ jɛŋ／dʑ iæŋ／ź jäng／ʑ ǐɛŋ","アイヌ語：「奴斯只（県）」＝「ナン・シル・エ・エン・テュ・エ・エン(nan-sir-e-en-tu-e-en)」＝「斜面の・山が・そこで・突き出ている（ところ）・峰が・そこで・突き出ている（ところ）」
アイヌ語：「儒城（県）」
＝「ニ・ウ・オ・テュ・エ・エン(ni-u-o-tu-e-en)」＝「棒（のような細長いもの）が・互いに重なるように・たくさんある・峰が・そこで・突き出ている（ところ）」","jomon2_bnum63.html"
"熊州","赤鳥県","世宗特別自治市 錦南面","赤鳥県","所比浦県","徳津県","上古音：「所」ʂ i̯o／ʃ ǐa／s aɡ／s iaɣ／sk rjagx
上古音：「比」bʰ i̯ər／b ǐei／bʰ jed／b jier／b jid
上古音：「比」p i̯ər／p ǐei／p jed／p jier／p jidx
上古音：「浦」pʰ wo／pʰ ua／pʰ uɑɡ／pʰ waɣ／ph agx
随唐音：「赤」tɕʰ i̯ɛk／tɕ ǐɛk／tɕʰ jɛk／tɕʰ iæk／tśh jäk／tɕʰ ǐɛk
随唐音：「鳥」t ieu／t ieu／t iɛu／t iɛu／t ieu／t ieu
随唐音：「徳」t ək／t ək／t ək／t ək／t ək／t ək
随唐音：「津」ts i̯ĕn／ts ǐěn／ts jen／ts iɪn／ts jĕn／ts ǐen","アイヌ語：「所比浦（県）」
＝「シル・アク・ピル・エ・エン・プ・アク(sir-ak-pir-e-en-pu-ak)」＝「山の・弟の（ように小さい）or矢を射る・傷（のように切り刻まれた峰）が・そこで・突き出ている・倉の（屋根のような三角山の）・弟or矢を射る（ところ）」
or「シル・アゥ・ウン・ピル・エ・エン・プ・アゥ・ウン(sir-aw-un-pir-e-en-pu-aw-un)」＝「山の・角、枝分かれ・にある・傷（のように切り刻まれた峰）が・そこで・突き出ている・倉の（屋根のような三角山の）・角、枝分かれ・にある（ところ）」
or「シル・オ・ピル・エ・エン・プ・アゥ・ウン(sir-o-pir-e-en-pu-aw-un)」＝「山が・たくさんある・傷（のように切り刻まれた峰）が・そこで・突き出ている・倉の（屋根のような三角山の）・角、枝分かれ・にある（ところ）」
アイヌ語：「赤鳥（県）」
＝「テュ・アク・テュ・エ・ウン(tu-ak-tu-e-un)」＝「峰の・弟（のように小さい）or矢を射る・峰の・頭・にある（ところ）」
アイヌ語：「徳津（県）」
＝「テク・テュ・エ・エン(tek-tu-e-en)」＝「腕の（ように伸びた）・峰、岬が・そこで・突き出ている（ところ）」","jomon2_bnum63.html"
"熊州","潔城郡","忠清南道 洪城郡 結城面","潔城郡","結己郡","潔城郡","上古音：「結」k iet／k iet／k iet／k et／k it
上古音：「己」k i̯əɡ／k ǐə／k jəɡ／k iəɣ／k jəgx
随唐音：「潔」k iet／k iet／k iɛt／k iɛt／k iet／k iet
随唐音：「城」ʑ i̯ɛŋ／ʑ ǐɛŋ／ʑ jɛŋ／dʑ iæŋ／ź jäng／ʑ ǐɛŋ","アイヌ語：「結己（郡）」 ＝「キル・エ・エン・キル・エ・エン(kir-e-en-kir-e-en)」＝「山脚が・そこで突き出ている（ところ）・山脚が・そこで・突き出ている（ところ）」
アイヌ語：「潔城（郡）」 ＝「キル・エ・エン・テュ・エ・エン(kir-e-en-tu-e-en)」＝「山脚が・そこで・突き出ている（ところ）・峰が・そこで・突き出ている（ところ）」","jomon2_bnum63.html"
"熊州","新邑県","忠清南道 保寧市 周浦面 保寧里","新邑県","新村県","保寧県","上古音：「新」s i̯ĕn／s ǐen／s jen／s jien／s jin
上古音：「村」- -／tsʰ uən／tsʰ uə̂n／- -／tsh ən
随唐音：「新」s i̯ĕn／s ǐěn／s jen／s iɪn／s jĕn／s ǐen
随唐音：「邑」ʔ i̯əp／0 ǐěp／ʔ jĕp／ʔ iep／· jəp／ʔ ǐəp
随唐音：「保」p ɑu／p ɑu／p ɑu／p ɑu／p âu／p ɑu
随唐音：「寧」n ieŋ／n ieŋ／n ieŋ／n iɛŋ／n ieng／n ieŋ","アイヌ語：「新村（県）」
＝「シル・エ・エン・テュ・エ・エン(sir-e-en-tu-e-en)」＝「山が・そこで・突き出ている（ところ）・峰が・そこで・突き出ている（ところ）」
アイヌ語：「新邑（県）」＝「シル・エ・エン・イ・アプ(sir-e-en-i-ap)」＝「山が・そこで・突き出ている・その・釣り針（のように曲がっている峰）」
アイヌ語：「保寧（県）」
＝「パ・アゥ・ニ・エ・エン(pa-aw-ni-e-en)」＝「頭、岬の・角、枝分かれの・棒（のように細長いもの）が・そこで・突き出ている（ところ）」","jomon2_bnum63.html"
"熊州","新良県","忠清南道 洪城郡 長谷面","新良県","沙尸良県","黎陽県","上古音：「沙」s a／ʃ eai／s a／s ra／s rar
上古音：「尸」ɕ i̯ər／ɕ ǐei／ç jed／stʰ jier／h rjid
上古音：「良」l i̯aŋ／l ǐaŋ／l jaŋ／l iaŋ／l jang
随唐音：「新」s i̯ĕn／s ǐěn／s jen／s iɪn／s jĕn／s ǐen
随唐音：「良」l i̯aŋ／l ǐaŋ／l jɑŋ／l iɑŋ／l jang／l ǐɑŋ
随唐音：「黎」l iei／l iei／l iɛi／l iɛi／l iei／l iei
随唐音：「陽」0 i̯aŋ／j ǐaŋ／0 jɑŋ／0 iɑŋ／ji ang／0 ǐɑŋ","アイヌ語：「沙尸良（県）」
＝「シル・アゥ・シル・エ・エン・リ・アゥ・ウン(sir-aw-sir-e-en-ri-aw-un)」＝「山の・角、枝分かれの・山が・そこで・突き出ている・高い・角、枝分かれ・にある（ところ）」
アイヌ語：「新良（県）」＝「シル・エ・エン・リ・アゥ・ウン(sir-e-en-ri-aw-un)」＝「山が・そこで・突き出ている・高い・角、枝分かれ・にある（ところ）」
アイヌ語：「黎陽（県）」
＝「リ・エ・エン・イ・アゥ・ウン(ri-e-en-i-aw-un)」＝「高い・頭が・突き出ている・その・角、枝分かれ・にある（ところ）」","jomon2_bnum63.html"
"熊州","燕山郡","忠清北道 清州市 上党区 文義面","燕山郡","一牟山郡","燕山郡","上古音：「一」ʔ i̯ĕt／0 ǐet／ʔ jet／ʔ jiet／· jit
上古音：「牟」m／m ǐu／m jŏɡ／m jəw／m jəgw
上古音：「山」s ăn／ʃ ean／- -／s rian／s rian
随唐音：「燕」ʔ ien／0 ien／ʔ iɛn／ʔ iɛn／· ien／ʔ ien
随唐音：「山」ʂ ăn／ʃ æn／ʃ æn／ʂ æn／ṣ ăn／ʃ ɐn","アイヌ語：「一牟山（郡）」
＝「イェ・アッ・ムィ・アク・シル・エ・エン(ye-at-muy-ak-sir-e-en)」＝「岩が・たくさんある・頂の・弟の（ように小さい）or矢を射る・山が・そこで・突き出ている（ところ）」
or「イェ・アッ・ムィ・アゥ・シル・エ・エン(ye-at-muy-aw-sir-e-en)」＝「岩が・たくさんある・頂の・角、枝分かれの・山が・そこで・突き出ている（ところ）」
アイヌ語：「燕山（郡）」
＝「イェ・エ・エン・シル・エ・エン(ye-e-en-sir-e-en)」＝「岩が・そこで・突き出ている（ところ）・山が・そこで・突き出ている（ところ）」","jomon2_bnum63.html"
"熊州","燕岐県","世宗特別自治市 鳥致院邑","燕岐県","豆仍只県","燕岐県","上古音：「豆」dʰ u／d ɔ／dʰ ûɡ／d ew／d ugh
上古音：「仍」ȵ i̯əŋ／ȵ ǐəŋ／ȵ jəŋ／n jiəŋ／n jəng
上古音：「只」tɕ i̯ĕɡ／ȶ ǐe／c jeɡ／t jieɣ／k rjigx
随唐音：「燕」ʔ ien／0 ien／ʔ iɛn／ʔ iɛn／· ien／ʔ ien
随唐音：「岐」ɡʰ jie̯ ／g ǐe／ɡʰ je／ɡ iɪ／g jiĕ／ɡʰ ǐɛ","アイヌ語：「豆仍只（県）」
＝「テュン・ニ・エ・エン・テュ・エ・エン(tun-ni-e-en-tu-e-en)」＝「間の・棒（のように細長い峰）が・そこで・突き出ている（ところ）・峰が・そこで・突き出ている（ところ）」
アイヌ語：「燕岐（県）」
＝「イ・エ・エン・キル・エ(i-e-en-kir-e)」＝「それが・そこで・突き出ている・山脚の・頭」","jomon2_bnum63.html"
"熊州","昧谷県","忠清北道報恩郡 懐仁面","昧谷県","未谷県","懐仁県","上古音：「未」m i̯wəd／m ǐwəi／m juə̆d／m jwər／m jədh
上古音：「谷」k uk／k ɔk／k ûk／k ewk／k uk
上古音：「谷」ɡ i̯uk／ʎ ǐwɔk／ɡ juk／ɣr iewk／g rjuk
随唐音：「昧」m uɑ̆i／m uɒi／m uAi／m uəi／m uậi／m iuəi
随唐音：「谷」k uk／k uk／k uk／k uk／k uk／k ok
随唐音：「谷」0 i̯wok／j ǐwok／0 juok／0 iuok／ji wok／0 ǐuk
随唐音：「懷」ɣ uăi／ɣ wɐi／ɣ uɐi／ɣ uɛi／ɣ wăi／ɣ uɐi
随唐音：「仁」ȵʑ i̯ĕn／ɽ ǐěn／ȵ jen／ȵ iɪn／ńź jĕn／nʑ ǐen","アイヌ語：「未谷（県）」
＝「ムィ・アッ・ク・ク(muy-at-ku-ku)」＝「頂が・たくさんある・矢（先のような形の峰）・矢」
or「ムィ・エ・エン・ク・ク(muy-e-en-ku-ku)」＝「頂が・そこで・突き出ている・矢（先のような形の峰）・矢」
アイヌ語：「昧谷（県）」
＝「ム・アィ・ク・ク(mu-ay-ku-ku)」＝「ふさがっている・カジキマグロの顎（のように細長い峰の）・・矢（先のような形の峰）・矢」
アイヌ語：「懐仁（県）」
＝「キル・アィ・ニ・テュ・エ・エン(kir-ay-ni-tu-e-en)」＝「山脚の・カジキマグロの顎（のように細長い）・棒の（ような）・峰が・そこで・突き出ている（ところ）」","jomon2_bnum63.html"
"熊州","富城郡","忠清南道 瑞山市","富城郡","基郡","富城郡","上古音：「基」k i̯əɡ／k ǐə／k jəɡ／k iəɣ／k jəg
随唐音：「富」p i̯ə̯u／p ǐəu／p ju／p iəu／p jə̆u／pf ǐou
随唐音：「城」ʑ i̯ɛŋ／ʑ ǐɛŋ／ʑ jɛŋ／dʑ iæŋ／ź jäng／ʑ ǐɛŋ","アイヌ語：「基（郡）」
＝「キル・アク(kir-ak)」＝「山の・弟（のように小さいもの）or矢を射る（ところ）」
アイヌ語：「富城（郡）」
＝「ピル・アゥ・テュ・エ・エン(pir-aw-tu-e-en)」＝「傷の（ように切り刻まれた）・角、枝分かれの・峰が・そこで・突き出ている（ところ）」","jomon2_bnum63.html"
"熊州","蘇泰県","忠清南道 泰安郡 泰安邑","蘇泰県","省大兮県","懐仁県／蘇泰県","上古音：「省」ʂ i̯ĕŋ／ʃ eŋ／s eŋ／s reŋ／s ringx
上古音：「大」tʰ ɑd, dʰ ɑd／d at／dʰ ɑd／d ar／d adh
上古音：「兮」- -／ɣ ie／ɣ ieɡ／ɡ eɣ／g ig
随唐音：「蘇」s uo／s u／s uo／s uo／s uo／s u
随唐音：「泰」tʰ ɑi／tʰ ɑi／tʰ ɑi／tʰ ɑi／th âi／tʰ ai","アイヌ語：「省大兮（県）」
＝「シル・エ・エン・テュ・アッ・キル・エ・エン(sir-e-en-tu-at-kir-e-en)」＝「山が・そこで・突き出ている・峰が・たくさんある・山脚が・そこで・突き出ている（ところ）」
アイヌ語：「蘇泰（県）」
＝「シル・オ・テュ・アィ(sir-o-tu-ay)」＝「山が・たくさんある・峰の・矢、カジキマグロの顎（のように突き出たもの）」","jomon2_bnum63.html"
"熊州","地育県","忠清南道 瑞山市 地谷面","地育県","知六県","懐仁県／北谷県","上古音：「知」t i̯ĕɡ／t ǐe／t jeɡ／t ieɣ／t rig
上古音：「六」l／l ǐuk／l jok／l iəwk／l jəkw
随唐音：「地」dʰ i／d i／dʰ jei／d iɪi／d ji／dʰ ǐe
随唐音：「育」0 i̯uk／j ǐuk／0 juk／0 iuk／ji uk／0 ǐok
随唐音：「北」p ək／p ək／p ək／p ək／p ək／p ək
随唐音：「谷」k uk／k uk／k uk／k uk／k uk／k ok
随唐音：「谷」0 i̯wok／j ǐwok／0 juok／0 iuok／ji wok／0 ǐuk","アイヌ語：「知六（県）」＝「テュ・エ・エン・ル・イ・ウ・ク(tu-e-en-ru-i-u-ku)」＝「峰が・そこで・突き出ている・消えかかっている・その・互いに重なるような・矢（先のような形の峰）」
アイヌ語：「地育（県）」＝「テュ・エ・エン・イ・ウ・ク(tu-e-en-i-u-ku)」＝「峰が・そこで・突き出ている・その・互いに重なるような・矢（先のような形の峰）」
アイヌ語：「北谷（県）」
＝「パケ・ク・ク(pake-ku-ku)」＝「岬の・矢（先のような形の峰）・矢」","jomon2_bnum63.html"
"熊州","湯井郡","忠清南道 牙山市","湯井郡","湯井郡","温水郡","上古音：「湯」ɕ i̯aŋ／ɕ ǐaŋ／ɕ jaŋ／stʰ jaŋ／sth jang
上古音：「湯」tʰ ɑŋ／tʰ aŋ／tʰ ɑŋ／tʰ aŋ／th ang
上古音：「井」- -／ts ǐeŋ／ts jeŋ／ts jieŋ／ts jingx
随唐音：「温」ʔ uən 0 uən ʔ uən ʔ uən · uən ʔ uən
随唐音：「水」ɕ wi／ɕ wi／ɕ juei／ɕ iuɪi／ś jwi／s ǐue
上古音：「川」ȶʰ i̯wan／ȶʰ ǐwən／- -／- -／th jiən
上古音：「泉」dzʰ i̯wan／d ǐwan／dzʰ juæn／dz jiwan／dz juan","アイヌ語：「湯井（郡）」
＝「テュ・アン・チゥ・エ・エン(tu-an-ciw-e-en)」＝「峰・がある・水流、水脈が・そこで・突き出ている（ところ）」
or「チ（※1）(ci)・アン・チゥ・エ・エン(an-ciw-e-en)」＝「沸いている（もの）・がある・水流、水脈が・そこで・突き出ている（ところ）」 ※内陸に大きく湾入しているところ。
アイヌ語：「温水（郡）」
＝「ウェン・スィ・エ・エン(wen-suy-e-en)」＝「難所の・穴、泉が・そこで・突き出ている（ところ）」
アイヌ語：「川、泉」＝「チゥ・ワ・アン(ciw-wa-an)」＝「水流、水脈・に・ある（ところ）」
アイヌ語：「井」＝「チゥ・エ・エン(ciw-e-en)」＝「水流、水脈が・そこで・突出している（ところ）」","jomon2_bnum63.html"
"熊州","陰峯県","忠清南道 牙山市 霊仁面","陰峯県／陰岑県","牙述県","懐仁県／牙州","上古音：「牙」ŋ ɔ／ŋ ea／ŋ ăɡ／ŋ raɣ／ng rag
上古音：「述」i̯wət／ȡ ǐwət／ȡʰ juət／zd jiwət／d jət
随唐音：「陰」ʔ i̯əm／0 ǐěm／ʔ jĕm／ʔ iem／· jəm／ʔ ǐəm
随唐音：「峯」- -／pʰ ǐwoŋ／pʰ juoŋ／pʰ iuoŋ／ph jwong／pfʰ ǐuŋ
随唐音：「岑」dʐʰ i̯əm／dʒ ǐěm／dʒʰ jem／dʐ iɪm／dẓ jəm／dʒʰ ǐəm
随唐音：「牙」ŋ a／ŋ a／ŋ a／ŋ a／ng a／ŋ a","アイヌ語：「牙述（県）」
＝「キル・アク・テュ・アッ(kir-ak-tu-at)」＝「山脚の・弟の（ように小さい）or矢を射る・峰が・たくさんある（ところ）」
or「キル・アゥ・ウン・テュ・アッ(kir-aw-un-tu-at)」＝「山脚の・角、枝分かれ・にある・峰が・たくさんある（ところ）」
アイヌ語：「陰峯（県）」＝「イ・アム・ピル・アゥ・ウン(i-am-pir-aw-un)」＝「その・爪の（ような鋭い峰の）・傷の（ように切り刻まれた）・角、枝分かれ・にある（ところ）」
アイヌ語：「陰岑（県）」＝「イ・アム・テュ・イ・アム(i-am-tu-i-am)」＝「その・爪の（ような鋭い峰の）・峰・その・爪」
アイヌ語：「牙（洲）」
＝「キル・アゥ(kir-aw)」＝「山脚の・角、枝分かれ」","jomon2_bnum63.html"
"熊州","祁梁県","忠清南道 牙山市 新昌面","祁梁県／新昌県","屈直県","祁梁県","上古音：「屈」kʰ i̯wət／kʰ ǐwət／kʰ juə̆t／kʰ jwət／khw jət
上古音：「直」dʰ i̯ək／d ǐək／dʰ jək／d iək／d rjək
随唐音：「祁」ɡʰ ji／g i／ɡʰ jĕi／ɡ iei／g ji／ɡʰ ǐe
随唐音：「梁」l i̯aŋ／l ǐaŋ／l jɑŋ／l iɑŋ／l jang／l ǐɑŋ
随唐音：「新」s i̯ĕn／s ǐěn／s jen／s iɪn／s jĕn／s ǐen
随唐音：「昌」tɕʰ i̯aŋ／tɕʰ ǐaŋ／tɕʰ jɑŋ／tɕʰ iɑŋ／tśh jang／tɕʰ ǐɑŋ","アイヌ語：「屈直（県）」
＝「キル・アッ・テュ・アク(kir-at-tu-ak)」＝「山脚が・たくさんある・峰の・弟（のように小さいもの）or矢を射る（ところ）」
アイヌ語：「祁梁（県）」＝「キル・エ・エン・リ・アゥ・ウン(kir-e-en-ri-aw-un)」＝「山脚が・そこで・突き出ている・高い・角、枝分かれ・にある（ところ）」
アイヌ語：「新昌（県）」＝「シル・エ・エン・テュ・アゥ・ウン(sir-e-en-tu-aw-un)」＝「山が・そこで・突き出ている・峰の・角、枝分かれ・にある（ところ）」","jomon2_bnum63.html"
"尚州","尚州","慶尚北道 尚州市","尚州","沙伐国","尚州","上古音：「沙」s a／ʃ eai／s a／s ra／s rar
上古音：「伐」bʰ i̯wăt／b ǐwat／bʰ juăt／b jwat／b jat
随唐音：「上」ʑ i̯aŋ／ʑ ǐaŋ／ʑ jɑŋ／dʑ iɑŋ／ź jang／ʑ ǐɑŋ
随唐音：「尚」ʑ i̯aŋ／ʑ ǐaŋ／ʑ jɑŋ／dʑ iɑŋ／ź jang／ʑ ǐɑŋ","アイヌ語：「沙伐（国）」＝
「サ・アプ・イ・ワ・アッ(sa-ap-i-wa-at)」＝「浜の・釣り針の（ように曲がった）・その・岸が・たくさんある（ところ）」
アイヌ語：「上（州）」＝
「チゥ・アゥ・ウン(ciw-aw-un)」＝「水流、水脈の・角、枝分かれ・にある（ところ）」
アイヌ語：「尚（州）」＝
「チゥ・アゥ・ウン(ciw-aw-un)」＝「水流、水脈の・角、枝分かれ・にある（ところ）」","jomon2_bnum64.html"
"尚州","青驍県","慶尚北道 尚州市 青里面","青驍県","青里火県（or音里火県）／青里火県／音里火県","新豊県／青里県","上古音：「青」tsʰ ieŋ／tsʰ ieŋ／tsʰ ieŋ／tsʰ eŋ／tsh ing
上古音：「里」l i̯əɡ／l ǐə／l jəɡ／l iəɣ／l jəgx
上古音：「火」x wɑr／h uəi／x uə̂r／x wə／hw ərx
上古音：「音」ʔ i̯əm／0 ǐəm／ʔ jəm／ʔ iəm／· jəm
随唐音：「青」tsʰ ieŋ／tsʰ ieŋ／tsʰ ieŋ／tsʰ iɛŋ／tsh ieng／tsʰ ieŋ
随唐音：「驍」- -／k ieu／k iɛu／k iɛu／k ieu／k ieu
随唐音：「里」l ji／l ǐə／l i／l i／l ï／l ǐə","アイヌ語：「青里火（県）」
＝「テュ・エ・エン・リク・ハィ(tu-e-en-rik-hay)」＝「峰が・そこで・突き出ている・高台の・カジキマグロの顎（のように鋭く突き出た峰）」
or「テュ・エ・エン・リ・エン・ハィ(tu-e-en-ri-en-hay)」＝「峰が・そこで・突き出ている・高く・突き出ている・カジキマグロの顎（のように鋭く突き出た峰）」
アイヌ語：「音里火（県）」
＝「イ・アム・リク・ハィ(i-am-rik-hay)」＝「その・爪の（ように平べったく鋭い）・高台の・カジキマグロの顎（のように鋭く突き出た峰）」
or「イ・アム・リ・エン・ハィ(i-am-ri-en-hay)」＝「その・爪の（ように平べったく鋭い）・高く・突き出ている・カジキマグロの顎（のように鋭く突き出た峰）」
アイヌ語：「青驍（県）」
＝「テュ・エ・エン・キル・エ・ウン(tu-e-en-kir-e-un)」＝「峰が・そこで・突き出ている・山脚の・頭、岬・にある（ところ）」
アイヌ語：「青里（県）」
＝「テュ・エ・エン・リ・エ(tu-e-en-ri-e)」＝「峰が・そこで・突き出ている・高い・頭」","jomon2_bnum64.html"
"尚州","多仁県","慶尚北道 義城郡 多仁面","多仁県","達己県／多己県","多仁県","上古音：「達」ʰ ɑt／- -／tʰ ɑt／- -／th at
上古音：「達」dʰ ɑt／d at／dʰ ɑt／d at／d at
上古音：「己」k i̯əɡ／k ǐə／k jəɡ／k iəɣ／k jəgx
上古音：「多」t ɑ／t ai／t ɑ／t a／t ar
随唐音：「多」t ɑ／t ɑ／t ɑ／t ɑ／t â／t ɑ
随唐音：「仁」ȵʑ i̯ĕn／ɽ ǐěn／ȵ jen／ȵ iɪn／ńź jĕn／nʑ ǐen","アイヌ語：「達己（県）」
＝「テュ・アッ・キル・ケ(tu-at-kir-ke)」＝「峰が・たくさんある・山脚・のところ」
or「テュ・アッ・キル・エ・エン(tu-at-kir-e-en)」＝「峰が・たくさんある・山脚が・そこで・突き出ている（ところ）」
アイヌ語：「多己（県）」
＝「テュ・アゥ・キル・ケ(tu-aw-kir-ke)」＝「峰の・角、枝分かれの・山脚・のところ」
or「テュ・アゥ・キル・エ・エン(tu-aw-kir-e-en)」＝「峰の・角、枝分かれの・山脚が・そこで・突き出ている（ところ）」
アイヌ語：「多仁（県）」
＝「テュ・アゥ・ニ・エ・エン(tu-aw-ni-e-en)」＝「峰の・角、枝分かれの・棒が・そこで・突き出ている（ところ）」
or「テュ・アゥ・ニ・テュ・エ・エン(tu-aw-ni-tu-e-en)」＝「峰の・角、枝分かれの・棒の・峰が・そこで・突き出ている（ところ）」","jomon2_bnum64.html"
"尚州","化昌県","慶尚北道 尚州市 化西面","化昌県","知乃彌知県","未詳","上古音：「知」t i̯ĕɡ／t ǐe／t jeɡ／t ieɣ／t rig
上古音：「乃」n əɡ／n ə／n ə̂ɡ／n əɣ／n əgx
上古音：「彌」m i̯ăr／m ǐei／- -／m jie／- -
随唐音：「化」x wa／h wa／x ua／x ua／x wa／x ua
随唐音：「昌」tɕʰ i̯aŋ／tɕʰ ǐaŋ／tɕʰ jɑŋ／tɕʰ iɑŋ／tśh jang／tɕʰ ǐɑŋ","アイヌ語：「知乃彌知（県）」
＝「テュ・エ・エン・ニ・エ・エン・ムィ・エ・エン・テュ・エ・エン(tu-e-en-ni-e-en-muy-e-en-tu-e-en)」＝「峰が・そこで・突き出ている（ところ）・棒（のように細長い峰）が・そこで・突き出ている（ところ）・頂が・そこで・突き出ている（ところ）・峰が・そこで・突き出ている（ところ）」
アイヌ語：「化昌（県）」
＝「ホ・アゥ・テュ・アゥ・ウン(ho-aw-tu-aw-un)」＝「尻、山裾の・角、枝分かれ・峰の・角、枝分かれ・にある（ところ）」","jomon2_bnum64.html"
"尚州","醴泉郡","慶尚北道 醴泉郡 醴泉邑","醴泉郡","水酒郡","甫州","上古音：「水」ɕ i̯wər／ɕ ǐwei／ç jued／stʰ jiwer／h rjidx
上古音：「酒」ts／ts ǐu／ts jŏɡ／ts jəw／ts jəgwx
随唐音：「醴」l iei／l iei／l iɛi／l iɛi／l iei／l iei
随唐音：「泉」dzʰ i̯wɛn／dz ǐwɛn／dzʰ juæn／dz iuæn／dz jwän／dzʰ ǐuɛn
随唐音：「甫」p i̯u／p ǐu／p juo／p iuo／p ju／pf ǐu","アイヌ語：「水酒（郡）」
＝「シル・エ・エン・テュ・エ・エン(sir-e-en-tu-e-en)」＝「山が・そこで・突き出ている（ところ）・峰が・そこで・突き出ている（ところ）」
アイヌ語：「醴泉（郡）」
＝「リ・エ・エン・テュ・エ・エン(ri-e-en-tu-e-en)」＝「高い・頭が・突き出ている（ところ）・峰が・そこで・突き出ている（ところ）」
アイヌ語：「甫（州）」
＝「ピル・オ(pir-o)」＝「傷（のように切り刻まれたもの）が・多い（ところ）」","jomon2_bnum64.html"
"尚州","永安県","尚北道 安東市 豊山邑","永安県","下枝県","豊山県","上古音：「下」ɡʰ ɔ／ɣ ea／ɣ ăɡ／ɡ raɣ／g ragx
上古音：「枝」ȶ i̯ĕɡ／ȶ ǐe／c jeɡ／t jieɣ／k rjig
随唐音：「永」j i̯wɐŋ／ɣ ǐwɐŋ／ɣ juɐŋ／j iuaŋ／j wɐng／j ǐuaŋ
随唐音：「安」ʔ ɑn／0 ɑn／ʔ ɑn／ʔ ɑn／· ân／ʔ ɑn
随唐音：「豐」pʰ i̯uŋ／pʰ ǐuŋ／pʰ juŋ／pʰ iuŋ／ph jung／pfʰ ǐoŋ
随唐音：「山」ʂ ăn／ʃ æn／ʃ æn／ʂ æn／ṣ ăn／ʃ ɐn","アイヌ語：「下枝（県）」＝「ケゥ・アゥ・ウン・テュ・エ・エン(kew-aw-un-tu-e-en)」＝「死体（墳墓）の・角、枝分かれ・にある・峰が・そこで・突き出ている（ところ）」
アイヌ語：「永安（県）」
＝「キル・アゥ・ウン・アゥ・ウン(kir-aw-un-aw-un)」＝「山脚の・角・枝分かれ・にある・角、枝分かれ・にある（ところ）」
＝「イ・アゥ・ウン・アゥ・ウン(i-aw-un-aw-un)」＝「その・角・枝分かれ・にある・角、枝分かれ・にある（ところ）」
or「イワ・ウン・アゥ・ウン(iwa-un-aw-un)」＝「先祖を祀る神聖な山・にある・角、枝分かれ・にある（ところ）」
アイヌ語：「豊山（県）」
＝「ピル・ウン・シル・エ・エン(pir-un-sir-e-en)」＝「傷（のように切り刻まれたもの）・にある・山が・そこで・突き出ている（ところ）」","jomon2_bnum64.html"
"尚州","安仁県","慶尚北道 醴泉郡 龍宮面","安仁県","蘭山県","未詳","上古音：「蘭」ɡl ɑn／l an／l ɑn／l an／gl an
上古音：「山」s ăn／ʃ ean／- -／s rian／s rian
随唐音：「安」ʔ ɑn／0 ɑn／ʔ ɑn／ʔ ɑn／· ân／ʔ ɑn
随唐音：「仁」ȵʑ i̯ĕn／ɽ ǐěn／ȵ jen／ȵ iɪn／ńź jĕn／nʑ ǐen","アイヌ語：「蘭山（県）」＝「ラン・シル・エ・エン(ran-sir-e-en)」＝「上から下に下る・山が・そこで・突き出ている（ところ）」
アイヌ語：「安仁（県）」
＝「アゥ・ウン・ニ・エ・エン(aw-un-ni-e-en)」＝「角、枝分かれ・にある・棒（のように細長い峰）が・そこで・突き出ている（ところ）」","jomon2_bnum64.html"
"尚州","嘉猷県","慶尚北道 聞慶市 山陽面","嘉猷県","近品／巾品県／近品（巾品）県","山陽県","上古音：「近」ɡʰ i̯ən／g iən／ɡʰ jə̆n／ɡ jən／g jənx
上古音：「巾」k i̯æn／k ǐən／k jən／k iən／k jiən
上古音：「品」pʰl i̯əm／pʰ ǐəm／pʰ jəm／pʰ iəm／phl jiəmx
随唐音：「嘉」k a／k a／k a／k a／k a／k a
随唐音：「猷」0 i̯ə̯u／j ǐəu／0 ju／0 iəu／ji ə̆u／0 ǐou
随唐音：「山」ʂ ăn／ʃ æn／ʃ æn／ʂ æn／ṣ ăn／ʃ ɐn
随唐音：「陽」0 i̯aŋ／j ǐaŋ／0 jɑŋ／0 iɑŋ／ji ang／0 ǐɑŋ","アイヌ語：「近品／巾品（県）」＝「キル・エ・エン・ピル・アム(kir-e-en-pir-am)」＝「山脚が・そこで・突き出ている・傷の（ように切り刻まれたものの）・爪（のように平べったく鋭いもの）」
アイヌ語：「嘉猷（県）」＝「ク・アゥ・イ・アゥ(ku-aw-i-aw)」＝「矢（先のような形の峰）の・角、枝分かれ・その・角、枝分かれ」
アイヌ語：「山陽（県）」
＝「シル・エ・エン・イ・アゥ(sir-e-en-i-aw)・ウン）(un)」＝「山が・そこで・突き出ている・その・角、枝分かれ・にある（ところ）」","jomon2_bnum64.html"
"尚州","殷正県","慶尚北道 醴泉郡 殷豊面 殷山里","殷正県","赤牙県","山陽県／殷豊県","上古音：「赤」ȶʰ i̯ăk／ȶʰ iak／cʰ jăk／tʰ jiak／kh rjiak
上古音：「牙」ŋ ɔ／ŋ ea／ŋ ăɡ／ŋ raɣ／ng rag
随唐音：「殷」ʔ i̯ən／0 ǐən／ʔ jən／ʔ iən／· jən／ʔ ǐən
随唐音：「殷」ʔ ăn／0 æn／ʔ æn／ʔ æn／· ăn／ʔ ɐn
随唐音：「正」tɕ i̯ɛŋ／tɕ ǐɛŋ／tɕ jɛŋ／tɕ iæŋ／tś jäng／tɕ ǐɛŋ
随唐音：「豐」pʰ i̯uŋ／pʰ ǐuŋ／pʰ juŋ／pʰ iuŋ／ph jung／pfʰ ǐoŋ","アイヌ語：「赤牙（県）」＝「テュ・アク・キル・アク(tu-ak-kir-ak)」＝「峰の・弟（のように小さいもの）or矢を射る（ところ）・山脚の・弟（のように小さいもの）or矢を射る（ところ）」
アイヌ語：「殷正（県）」
＝「イ・エ・エン・テュ・エ・エン(i-e-en-tu-e-en)」＝「それが・そこで・突き出ている・峰が・そこで・突き出ている（ところ）」
アイヌ語：「殷豊（県）」
＝「イ・エ・エン・ピル・ウン(i-e-en-pir-un)」＝「それが・そこで・突き出ている・傷（のように切り刻まれたもの）・にある（もの）」","jomon2_bnum64.html"
"尚州","古昌郡","慶尚北道 安東市","古昌郡","古陁耶郡","甫州／安東府","上古音：「古」k o／k a／k ɑɡ／k aɣ／k agx
上古音：「陀」- -／d ai／- -／- -／- -
上古音：「耶」z i̯ɔ／ʎ ia／- -／ɣr aɣ／- -
随唐音：「古」k uo／k u／k uo／k uo／k uo／k u
随唐音：「昌」tɕʰ i̯aŋ／tɕʰ ǐaŋ／tɕʰ jɑŋ／tɕʰ iɑŋ／tśh jang／tɕʰ ǐɑŋ
随唐音：「安」ʔ ɑn／0 ɑn／ʔ ɑn／ʔ ɑn／· ân／ʔ ɑn
随唐音：「東」t uŋ／t uŋ／t uŋ／t uŋ／t ung／t oŋ","アイヌ語：「古陁耶（郡）」
＝「ク・アゥ・ウン・テュ・アィ・イ・アゥ・ウン(ku-aw-un-tu-ay-i-aw-un)」＝「矢（先のような形）の・角、枝分かれ・にある・峰の・矢・その・角、枝分かれ・にある（ところ）」※矢先のようい鋭く突き出た峰と川の分岐。
アイヌ語：「古昌（郡）」
＝「ク・オ・テュ・アゥ・ウン(ku-o-tu-aw-un)」＝「矢（先のような形）が・たくさんある・峰の・角、枝分かれ・にある（ところ）」
アイヌ語：「安東（府）」
＝「アゥ・ウン・テュ・ウン(aw-un-tu-un)」＝「角、枝分かれ・にある・峰・にある（ところ）」","jomon2_bnum64.html"
"尚州","直寧県","慶尚北道 安東市 一直面","直寧県","一直県","一直県","上古音：「一」ʔ i̯ĕt／0 ǐet／ʔ jet／ʔ jiet／· jit
上古音：「直」dʰ i̯ək／d ǐək／dʰ jək／d iək／d rjək
随唐音：「直」ȡʰ i̯ək／ȡ ǐək／ȡʰ jək／ɖ iek／ḍ jək／ȡʰ ǐək
随唐音：「寧」n ieŋ／n ieŋ／n ieŋ／n iɛŋ／n ieng／n ieŋ","アイヌ語：「一直（県）」＝「イェ・アッ・チゥ・イク(ye-at-ciw-ik)」＝「石、岩が・たくさんある・水流の・関節（のように折れ曲がったところ）」
アイヌ語：「直寧（県）」
＝「チゥ・イク・ニ・エ・エン(ciw-ik-ni-e-en)」＝「水流の・関節の（ように折れ曲がった）・棒（のように細長い峰）が・そこで・突き出ている（ところ）」","jomon2_bnum64.html"
"尚州","日谿県","慶尚北道 義城郡 玉山面","日谿県","熱兮県（泥兮県）／熱兮県／泥兮県","未詳","上古音：「熱」ȵ i̯at／ȵ ǐat／ȵ jæt／n jiat／n jat
上古音：「兮」- -／ɣ ie／ɣ ieɡ／ɡ eɣ／g ig
上古音：「泥」n iər／n iei／n ied／n er／n id
随唐音：「日」ȵʑ i̯ĕt／ɽ ǐět／ȵ jet／ȵ iɪt／ńź jĕt／nʑ ǐet
随唐音：「谿」kʰ iei／kʰ iei／kʰ iɛi／kʰ iɛi／kh iei／kʰ iei","アイヌ語：「熱兮（県）」＝「ニ・アッ・キル・エ・エン(ni-at-kir-e-en)」＝「棒（のように細長い峰）が・たくさんある・山脚が・そこで・突き出ている（ところ）」
アイヌ語：「泥兮（県）」＝「ニ・エ・エン・キル・エ・エン(ni-e-en-kir-e-en)」＝「棒（のような細長い峰）が・そこで・突き出ている（ところ）・山脚が・そこで・突き出ている（ところ）」
アイヌ語：「日谿（県）」＝「ニ・イェ・アッ・キル・エ・エン(ni-ye-at-kir-e-en)」＝「棒（のように細長い峰）の・石、岩が・たくさんある・山脚が・そこで・突き出ている（ところ）」","jomon2_bnum64.html"
"尚州","高丘県","慶尚北道義城郡丹村面","高丘県","仇火（or高近）県／仇火県／高近県","義城府","上古音：「仇」ɡʰ／g ǐu／ɡʰ jŏɡ／ɡ jəw／g jəgw
上古音：「火」x wɑr／h uəi／x uə̂r／x wə／hw ərx
上古音：「高」k oɡ／k au／k ɔ̂ɡ／k aw／k agw
上古音：「近」ɡʰ i̯ən／g iən／ɡʰ jə̆n／ɡ jən／g jənx
随唐音：「高」k ɑu／k ɑu／k ɑu／k ɑu／k âu／k ɑu
随唐音：「丘」kʰ i̯ə̯u／kʰ ǐəu／kʰ ju／kʰ iəu／kh jə̆u／kʰ ǐou","アイヌ語：「仇火（県）」
＝「キル・アゥ・ハィ(kir-aw-hay)」＝「山脚の・角、枝分かれの・カジキマグロの顎（のように鋭く突き出た峰）」
アイヌ語：「高近（県）」
＝「ク・アゥ・キル・エ・エン(ku-aw-kir-e-en)」＝「矢（先の形）の・角、枝分かれの・山脚が・そこで・突き出ている（ところ）」
アイヌ語：「高丘（県）」
＝「ク・アゥ・キル・アゥ(ku-aw-kir-aw)」＝「矢（先の形）の・角、枝分かれ・山脚の・角、枝分かれ」","jomon2_bnum64.html"
"尚州","聞韶郡","慶尚北道 義城郡 義城邑","聞韶郡／聞韶県","召文国","義城府","上古音：「召」dʰ i̯oɡ／d ǐau／- -／d iaw／- -
上古音：「文」m i̯wən／m ǐwən／m juə̆n／m jwən／m jən
随唐音：「聞」m i̯uən／m ǐuən／m juən／m iuən／m juən／ɱ ǐuən
随唐音：「韶」ʑ i̯ɛu／ʑ ǐɛu／ʑ jæu／dʑ iæu／ź jäu／ʑ ǐɛu
随唐音：「義」ŋ jie̯ ／ŋ ǐe／ŋ jĕ／ ie／ng jĕ／ŋ ǐɛ
随唐音：「城」ʑ i̯ɛŋ／ʑ ǐɛŋ／ʑ jɛŋ／dʑ iæŋ／ź jäng／ʑ ǐɛŋ","アイヌ語：「召文（国）」＝「テュ・アゥ・ムィ・エ・エン(tu-aw-muy-e-en)」＝「峰の・角、枝分かれの・頂が・そこで・突き出ている（ところ）」
アイヌ語：「聞韶（郡）」＝「ムィ・エ・エン・テュ・アゥ(muy-e-en-tu-aw)」＝「頂が・そこで・突き出ている・峰の・角、枝分かれ」
アイヌ語：「義城（府）」
＝「キル・エ・テュ・エ・エン(kir-e-tu-e-en)」＝「山脚の・頭の・峰が・そこで・突き出ている（ところ）」","jomon2_bnum64.html"
"尚州","眞寶県","慶尚北道青松郡真宝面","眞寶県","柒巴火県","甫城","上古音：「柒」- -／tsʰ ǐet／- -／- -／- -
上古音：「巴」p ɔ／p ea／p uăɡ／p rwaɣ／p rag
上古音：「火」x wɑr／h uəi／x uə̂r／x wə／hw ərx
随唐音：「真」tɕ i̯ĕn／tɕ ǐěn／tɕ jen／tɕ iɪn／tś jĕn／tɕ ǐen
随唐音：「寶」p ɑu／p ɑu／p ɑu／p ɑu／p âu／p ɑu
随唐音：「甫」p i̯u／p ǐu／p juo／p iuo／p ju／pf ǐu
随唐音：「城」ʑ i̯ɛŋ／ʑ ǐɛŋ／ʑ jɛŋ／dʑ iæŋ／ź jäng／ʑ ǐɛŋ","アイヌ語：「柒巴火（県）」
＝「テュ・アッ・ピル・アゥ・ハィ(tu-at-pir-aw-hay)」＝「峰が・たくさんある・傷の（ように切り刻まれた）・角、枝分かれの・カジキマグロの顎（のように鋭く突き出た峰）」
or「テュ・アッ・ピル・アク・ハィ(tu-at-pir-ak-hay)」＝「峰が・たくさんある・傷の（ように切り刻まれた）・弟の（ように小さい）or矢を射る・カジキマグロの顎（のように鋭く突き出た峰）」
アイヌ語：「眞寶（県）」＝「テュ・エ・エン・パ・アゥ(tu-e-en-pa-aw)」＝「峰が・そこで・つきでている・頭、岬の・角、枝分かれ」
アイヌ語：「甫城（県）」
＝「ピル・オ・テュ・エ・エン(pir-o-tu-e-en)」＝「傷（のように切り刻まれたもの）が・たくさんある・峰が・そこで・突き出ている（ところ）」","jomon2_bnum64.html"
"尚州","比屋県","慶尚北道 義城郡 比安面","比屋県","柒巴火県（or幷屋）／阿火屋県／幷屋","比屋県","上古音：「阿」ʔ ɑ／0 ai／ʔ ɑ／ʔ a／· ar
上古音：「火」x wɑr／h uəi／x uə̂r／x wə／hw ərx
上古音：「屋」ʔ uk／0 ɔk／ʔ ûk／ʔ ewk／· uk
上古音：「幷」p i̯ĕŋ／p ǐeŋ／p jeŋ／p jieŋ／p jing
随唐音：「比」bʰ ji／b i／bʰ jei／b iɪi／b i／bʰ ǐe
随唐音：「比」p ji／p i／p jei／p iɪi／p i／bʰ ǐe
随唐音：「屋」ʔ uk／0 uk／ʔ uk／ʔ uk／· uk／ʔ ok","アイヌ語：「阿火屋（県）」＝「アゥ・ハィ・オク(aw-hay-ok)」＝「角、枝分かれた・カジキマグロの顎（のように突き出た川）の・うなじ（の盆の窪のような窪み）」※鋭角に折れ曲がった浅い川がつくる尖った地形。
アイヌ語：「幷屋」＝「ピル・エ・エン・オク(pir-e-en-ok)」＝「傷（のように刻まれた細い川）が・そこで・突き出ている・うなじ（の盆の窪のような窪み）」
アイヌ語：「比屋（県）」＝「ピル・エ・エン・オク(pir-e-en-ok)」＝「傷（のように切り裂いたような細い川）が・そこで・突き出ている・うなじ（の盆の窪のような窪み）」","jomon2_bnum64.html"
"尚州","安賢県","慶尚北道 義城郡 安渓面 安定里","安賢県","阿尸兮県（or阿乙兮）／阿尸兮県／阿乙兮","安定県","上古音：「阿」ʔ ɑ／0 ai／ʔ ɑ／ʔ a／· ar
上古音：「尸」ɕ i̯ər／ɕ ǐei／ç jed／stʰ jier／h rjid
上古音：「兮」- -／ɣ ie／ɣ ieɡ／ɡ eɣ／g ig
上古音：「乙」ʔ i̯æt／0 ǐet／ʔ jət／ʔ iət／· jət
随唐音：「安」ʔ ɑn／0 ɑn／ʔ ɑn／ʔ ɑn／· ân／ʔ ɑn
随唐音：「賢」ɣ ien／ɣ ien／ɣ iɛn／ɣ iɛn／ɣ ien／ɣ ien
随唐音：「定」dʰ ieŋ／d ieŋ／dʰ ieŋ／d iɛŋ／d ieng／dʰ ieŋ
随唐音：「定」t ieŋ／t ieŋ／t ieŋ／t iɛŋ／t ieng／t ieŋ","アイヌ語：「阿尸兮（県）」＝「アゥ・シル・エ・エン・キル・エ・エン(aw-sir-e-en-kir-e-en)」＝「角、枝分かれの・山が・そこで・突き出ている（ところ）・山脚が・そこで・突き出ている（ところ）」
アイヌ語：「阿乙兮（県）」＝「アゥ・イ・アッ・キル・エ・エン(aw-i-at-kir-e-en)」＝「角、枝分かれの・それが・たくさんある・山脚が・そこで・突き出ている（ところ）」
アイヌ語：「安賢（県）」＝「アゥ・ウン・キル・エ・エン(aw-un-kir-e-en)」＝「角、枝分かれ・にある・山脚が・そこで・突き出ている（ところ）」
アイヌ語：「安定（県）」＝「アゥ・ウン・テュ・エ・エン(aw-un-tu-e-en)」＝「角、枝分かれ・にある・峰が・そこで・突き出ている（ところ）」","jomon2_bnum64.html"
"尚州","単密県","慶尚北道 義城郡 丹密面","単密県","武冬彌知県（曷冬彌知）／武冬彌知県／曷冬彌知県","単密県","上古音：「武」m i̯wo／m ǐwa／m juaɡ／m jwaɣ／m jagx
上古音：「冬」t／t uŋ／t ôŋ／t əwŋ／t əngw
上古音：「彌」m i̯ăr／m ǐei／- -／m jie／- -
上古音：「知」t i̯ĕɡ／t ǐe／t jeɡ／t ieɣ／t rig
上古音：「曷」ɡʰ ɑt／ɣ at／ɣ ɑt／ɡ at／g at
随唐音：「單」t ɑn／t ɑn／t ɑn／t ɑn／t ân／t ɑn
随唐音：「單」- -／ʑ ǐɛn／ʑ jæn／dʑ iæn／ź jän／ʑ ǐɛn
随唐音：「密」m ǐět／m jĕt／m iet／m jĕt／m ǐet
上古音：「難」n ɑn／n an／n ɑn／n an／n an
上古音：「離」l ia／l ǐai／l ja／l ia／l jiar
上古音：「凍」t uŋ／t ɔŋ／t ûŋ／t ewŋ／t ungh","アイヌ語：「武冬彌知（県）」＝「ムィ・オ・テュ・ウン・ムィ・エ・エン・テュ・エ・エン(muy-o-tu-un-muy-e-en-tu-e-en)」＝「頂が・たくさんある・峰・にある（ところ）・頂が・そこで・突き出ている（ところ）・峰が・そこで・突き出ている（ところ）」
アイヌ語：「曷冬彌知（県）」＝「キル・アッ・テュ・ウン・ムィ・エ・エン・テュ・エ・エン」」＝「山脚が・たくさんある・峰・にある（ところ）・頂が・そこで・突き出ている（ところ）・峰が・そこで・突き出ている（ところ）」
アイヌ語：「単密（県）」＝「テュ・エ・エン・ムィ・アッ(tu-e-en-muy-at)」＝「峰が・そこで・突き出ている・頂が・たくさんある（ところ）」
アイヌ語：「難彌離彌凍」＝「ナン・ムィ・エ・エン・リ・アゥ・ムィ・エ・エン・テュ・ウン(nan-muy-e-en-ri-aw-muy-e-en-tu-un)」＝「斜面の・頂が・そこで・突き出ている・高い・角、枝分かれの・頂が・そこで・突き出ている・峰・にある（ところ）」","jomon2_bnum64.html"
"尚州","嵩善郡","慶尚北道 亀尾市 善山邑","嵩善郡","一善州","善州","随唐音：「一」ʔ i̯ĕt／0 ǐět／ʔ jet／ʔ iɪt／· jiĕt／ʔ ǐet
随唐音：「善」ʑ i̯ɛn／ʑ ǐɛn／ʑ jæn／dʑ iæn／ź jän／ʑ ǐɛn
随唐音：「嵩」s i̯uŋ／s ǐuŋ／s juŋ／s iuŋ／s jung／s ǐoŋ","アイヌ語：「一善（州）」
＝「イェ・アッ・テュ・エ・エン(ye-at-tu-e-en)」＝「石、岩が・たくさんある・峰が・そこで・突き出ている（ところ）」
アイヌ語：「嵩善（郡）」
＝「シル・ウン・テュ・エ・エン(sir-un-tu-e-en)」＝「水際の崖・にある・峰が・そこで・突き出ている（ところ）」
アイヌ語：「善（州）」
＝「テュ・エ・エン(tu-e-en)」＝「峰が・そこで・突き出ている（ところ）」","jomon2_bnum64.html"
"尚州","孝霊県","大邱広域市 軍威郡 孝令面","孝霊県","芼兮県","孝霊県","上古音：「芼」m oɡ／m au／m ɔ̂ɡ／m aw／m agw
上古音：「兮」- -／ɣ ie／ɣ ieɡ／ɡ eɣ／g ig
随唐音：「孝」x au／h au／x au／x au／x au／x ɔu
随唐音：「靈」l ieŋ／l ieŋ／l ieŋ／l iɛŋ／l ieng／l ieŋ","アイヌ語：「芼兮（県）」＝「ム・アゥ・キル・エ・エン(mu-aw-kir-e-en)」＝「ふさがった・角、枝分かれの・山脚が・そこで・突き出ている（ところ）」
アイヌ語：「孝霊（県）」＝「ホ・アゥ・リ・エン(ho-aw-ri-en)」＝「山尻の・角、枝分かれの・高く・突き出ている（ところ）」","jomon2_bnum64.html"
"尚州","軍威県","大邱広域市 軍威郡 軍威邑","軍威県","奴同覔県（or如豆覔）／奴同覔県／如豆覔県","軍威県","上古音：「奴」n o／n a／n ɑɡ／n aɣ／n ag
上古音：「同」dʰ uŋ／d ɔŋ／dʰ ûŋ／d ewŋ／d ung
上古音：「覓」- -／m iek／- -／- -／- -
上古音：「如」ȵ i̯o／ȵ ǐa／ȵ jaɡ／n jaɣ／n jag
上古音：「豆」dʰ u／d ɔ／dʰ ûɡ／d ew／d ugh
随唐音：「軍」k i̯uən／k ǐuən／k juən／k iuən／k juən／k ǐuən
随唐音：「威」ʔ jwe̯i／0 ǐwəi／ʔ juəi／ʔ iuəi／· jwĕi／ʔ ǐəi","アイヌ語：「奴同覔（県）」＝「ナン・テュ・ウン・メク(nan-tu-un-mek)」＝「斜面の・峰・にある・尾根」
アイヌ語：「如豆覔（県）」
＝「ニ・アゥ・テュ・ウン・メク(ni-aw-tu-un-mek)」＝「棒の（ように細長い）・角、枝分かれの・峰・にある・尾根」
or「ニ・オ・テュ・ウン・メク(ni-o-tu-un-mek)」＝「棒の（ように細長い）・たくさんある・峰・にある・尾根」
or「ニ・アク・テュ・ウン・メク(ni-ak-tu-un-mek)」＝「棒の（ように細長い）・弟の（ように小さい）・峰・にある・尾根」
アイヌ語：「軍威（県）」＝「キル・エ・エン・イ・エ・エン(kir-e-en-i-e-en)」＝「山脚が・そこで・突き出ている（ところ）・それが・そこで・突き出ている（ところ）」","jomon2_bnum64.html"
"尚州","開寧郡","慶尚北道 金泉市 開寧面","開寧郡","甘文小国／青州／甘文郡","開寧郡","上古音：「甘」k ɑm／k am／k ɑm／k am／k am
上古音：「文」m i̯wən／m ǐwən／m juə̆n／m jwən／m jən
随唐音：「青」tsʰ ieŋ／tsʰ ieŋ／tsʰ ieŋ／tsʰ iɛŋ／tsh ieng／tsʰ ieŋ
随唐音：「開」kʰ ɑ̆i／kʰ ɒi／kʰ Ai／kʰ əi／kh ậi／kʰ əi
随唐音：「寧」n ieŋ／n ieŋ／n ieŋ／n iɛŋ／n ieng／n ieŋ","アイヌ語：「甘文（小国）」
＝「ク・アム・ムィ・エ・エン(ku-am-muy-e-en)」＝「矢（先のような形）の・爪（のように平べったく鋭い峰）の・頂が・そこで・つきでている（ところ）」
アイヌ語：「青（州）」
＝「テュ・エ・エン(tu-e-en)」＝「峰が・そこで・突き出ている（ところ）」
or「チゥ・エ・エン(ciw-e-en)」＝「水流、水脈が・そこで・突き出ている（ところ）」
アイヌ語：「開寧（郡）」
＝「カィ・ニ・エ・エン(kay-ni-e-en)」＝「折れている・棒（のように細長い峰）が・そこで・突き出ている（ところ）」","jomon2_bnum64.html"
"尚州","禦侮県","慶尚北道 金泉市 御侮面","禦侮県","今勿県","禦侮県","上古音：「今」k i̯əm／k ǐəm／k jəm／k iəm／k jəm
上古音：「勿」m i̯wət／m ǐwət／m juə̆t／m jwət／m jə
随唐音：「禦」ŋ i̯wo／ŋ ǐo／ŋ jo／ŋ io／ng jwo／ŋ ǐo
随唐音：「侮」m i̯u／m ǐu／m juo／m iuo／m ju／ɱ ǐu","アイヌ語：「今勿（県）」
＝「キル・アム・ムィ・アッ(kir-am-muy-at)」＝「山脚の・爪の（ように平べったく鋭い）・頂が・たくさんある（ところ）」
アイヌ語：「禦侮（県）」＝「キル・オ・ムィ・オ(kir-o-muy-o)」＝「山脚が・たくさんある（・のところ）・頂が・たくさんある（・のところ）」","jomon2_bnum64.html"
"尚州","金山県","慶尚北道 金泉市","金山県","","金山県","随唐音：「金」k i̯əm／k ǐěm／k jem／k iem／k jəm／k ǐəm
随唐音：「山」ʂ ăn／ʃ æn／ʃ æn／ʂ æn／ṣ ăn／ʃ ɐn","アイヌ語：「金山（県）」＝「キル・アム・シル・エ・エン(kir-am-sir-e-en)」＝「山脚の・爪の（ように平べったく鋭い）・山が・そこで・突き出ている（ところ）」","jomon2_bnum64.html"
"尚州","知禮県","慶尚北道 金泉市 知礼面","知禮県","知品川県","知禮県","上古音：「知」t i̯ĕɡ／t ǐe／t jeɡ／t ieɣ／t rig
上古音：「品」pʰl i̯əm／pʰ ǐəm／pʰ jəm／pʰ iəm／phl jiəmx
上古音：「川」ȶʰ i̯wan／ȶʰ ǐwən- -／- -／th jiən
随唐音：「知」ȶ ie̯ ／ȶ ǐe／ȶ je／ʈ iɪ／ṭ jĕ／ȶ ǐɛ
随唐音：「禮」l iei／l iei／l iɛi／l iɛi／l iei／l iei","アイヌ語：「知品川（県）」
＝「テュ・エ・エン・ピル(tu-e-en-pir)・アム（(am)・ケ）(ke)・テュ・エ・エン(tu-e-en)」＝「峰が・そこで・突き出ている（ところ）・傷の（ように切り刻まれた）・爪（のように平べったく鋭い）・峰が・そこで・突き出ている（ところ）」
アイヌ語：「知禮（県）」＝「テュ・エ・エン・リ・エ・エン(tu-e-en-ri-e-en)」＝「峰が・そこで・突き出ている（ところ）・高い・頭が・突き出ている（ところ）」","jomon2_bnum64.html"
"尚州","茂豊県","全北特別自治道 茂朱郡 茂豊面","茂豊県","茂山県","茂豊県","上古音：「茂」m／m u／m ôɡ／m wəw／m əgwh
上古音：「山」s ăn／ʃ ean／- -／s rian／s rian
随唐音：「茂」m ə̯u／m əu／m u／m əu／m ə̆u／m ou
随唐音：「豐」pʰ i̯uŋ／pʰ ǐuŋ／pʰ juŋ／pʰ iuŋ／ph jung／pfʰ ǐoŋ","アイヌ語：「茂山（県）」＝「ム・アゥ・シル・エ・エン(mu-aw-sir-e-en)」＝「ふさがっている・角、枝分かれの・山が・そこで・突き出ている（ところ）」
アイヌ語：「茂豊（県）」＝「ム・アゥ・ピル・ウン(mu-aw-pir-un)」＝「ふさがっている・角、枝分かれの・傷（のよう切り刻まれた峰）・にある（ところ）」","jomon2_bnum64.html"
"尚州","永同郡","忠清北道 永同郡 永同邑","永同郡","吉同郡／吉同国","永同郡","上古音：「吉」k i̯ĕt／k ǐet／k jet／k jiet／k jit
上古音：「同」dʰ uŋ／d ɔŋ／dʰ ûŋ／d ewŋ／d ung
随唐音：「永」j i̯wɐŋ／ɣ ǐwɐŋ／ɣ juɐŋ／j iuaŋ／j wɐng／j ǐuaŋ
随唐音：「同」dʰ uŋ／d uŋ／dʰ uŋ／d uŋ／d ung／dʰ oŋ","アイヌ語：「吉同（国）」＝「ケィ・アッ・テュ・ウン(key-at-tu-un)」＝「頭が・たくさんある・峰・にある（ところ）」
アイヌ語：「永同（郡）」
＝「イワ・ウン・テュ・ウン(iwa-un-tu-un)」＝「祖先を祀る神聖な山の・にある・峰・にある（ところ）」
or「イ・アゥ・ウン・テュ・ウン(i-aw-un-tu-un)」＝「その・角、枝分かれ・にある・峰・にある（ところ）」
or「キル・アゥ・ウン・テュ・ウン(kir-aw-un-tu-un)」＝「山脚の・角、枝分かれ・にある・峰・にある（ところ）」","jomon2_bnum64.html"
"尚州","陽山県","忠清北道 永同郡 陽山面","陽山県","助比川県","陽山県","上古音：「助」dʐʰ i̯o／dʒ ǐa／dzʰ aɡ／dz iaɣ／dz rjagh
上古音：「比」bʰ i̯ər／b ǐei／bʰ jed／b jier／b jid
上古音：「比」p i̯ər／p ǐei／p jed／p jier／p jidx
上古音：「川」ȶʰ i̯wan／ȶʰ ǐwən- -／- -／th jiən
随唐音：「陽」0 i̯aŋ／j ǐaŋ／0 jɑŋ／0 iɑŋ／ji ang／0 ǐɑŋ
随唐音：「山」ʂ ăn／ʃ æn／ʃ æn／ʂ æn／ṣ ăn／ʃ ɐn","アイヌ語：「助比川（県）」
＝「テュ・アゥ・ウン・ピル・エ・エン・テュ・エ・エン(tu-aw-un-pir-e-en-tu-e-en)」＝「峰の・角、枝分かれ・にある・傷（のよう切り刻まれたもの）が・そこで突き出ている（ところ）・峰が・そこで突き出ている（ところ）」
アイヌ語：「陽山（県）」＝「イ・アゥ・ウン・シル・エ・エン(i-aw-un-sir-e-en)」＝「その・角、枝分かれ・にある・山が・そこで・突き出ている（ところ）」","jomon2_bnum64.html"
"尚州","黄澗県","忠清北道 永同郡 黄澗面","黄澗県","召羅県","黄澗県","上古音：「召」dʰ i̯oɡ／d ǐau／- -／d iaw／- -
上古音：「召」ȡ i̯oɡ／ʑ ǐau／- -／d jiaw／- -
上古音：「羅」l ɑ／l ai／l ɑ／l a／l ar
随唐音：「黃」ɣ wɑŋ／ɣ uɑŋ／ɣ uɑŋ／ɣ uɑn／ɣ wâng／ɣ uɑŋ
随唐音：「澗」k an／k an／k an／k an／k an／k an","アイヌ語：「召羅（県）」
＝「テュ・アゥ・ル・アゥ(tu-aw-ru-aw)」＝「峰の・角、枝分かれ・消えかけている・角、枝分かれ」
アイヌ語：「黄澗（県）」＝「キル・アゥ・ウン・ク・アン(kir-aw-un-ku-an)」＝「山脚の・角、枝分かれ・にある・矢（先のような形の峰）・がある（ところ）」","jomon2_bnum64.html"
"尚州","管城郡","忠清北道 沃川郡 沃川邑","管城郡","古尸山郡","管城郡","上古音：「古」k o／k a／k ɑɡ／k aɣ／k agx
上古音：「尸」ɕ i̯ər／ɕ ǐei／ç jed／stʰ jier／h rjid
上古音：「山」s ăn／ʃ ean／- -／s rian／s rian
随唐音：「管」k uɑn／k uɑn／k uɑn／k uɑn／k uân／k uɑn
随唐音：「城」ʑ i̯ɛŋ／ʑ ǐɛŋ／ʑ jɛŋ／dʑ iæŋ／ź jäng／ʑ ǐɛŋ","アイヌ語：「古尸山（郡）」
＝「ク・アゥ・ウン・シル・エ・エン・シル・エ・エン(ku-aw-un-sir-e-en-sir-e-en)」＝「矢（先のような形の峰）の・角、枝分かれ・にある・山が・そこで・突き出ている（ところ）・山が・そこで・突き出ている（ところ）」
アイヌ語：「管城（郡）」
＝「ク・アゥ・ウン・テュ・エ・エン(ku-aw-un-tu-e-en)」＝「矢（先のような形の峰）の・角、枝分かれ・にある・峰が・そこで・突き出ている（ところ）」","jomon2_bnum64.html"
"尚州","利山県","忠清北道 沃川郡 伊院面","利山県","所利山県","利山県","上古音：「所」ʂ i̯o／ʃ ǐa／s aɡ／s iaɣ／sk rjagx
上古音：「利」l i̯əd／l ǐei／l jed／l ier／l jidh
上古音：「山」s ăn／ʃ ean／- -／s rian／s rian
随唐音：「利」l ji／l i／l jei／l iɪi／l ji／l ǐe
随唐音：「山」ʂ ăn／ʃ æn／ʃ æn／ʂ æn／ṣ ăn／ʃ ɐn","アイヌ語：「所利山（県）」
＝「シアン・リ・エ・エン・シル・エ・エン(sian-ri-e-en-sir-e-en)」＝「大きな・高い・頭が・突き出ている（ところ）・山が・そこで・突き出ている（ところ）」
アイヌ語：「利山（県）」＝「リ・エ・エン・シル・エ・エン(ri-e-en-sir-e-en)」＝「高い・頭が・突き出ている（ところ）・山が・そこで・突き出ている（ところ）」","jomon2_bnum64.html"
"尚州","懸眞県","慶尚北道 義城郡 安渓面 安定里","懸眞県","阿冬号県","安定県／安邑県","上古音：「阿」ʔ ɑ／0 ai／ʔ ɑ／ʔ a／· ar
上古音：「冬」t／t uŋ／t ôŋ／t əwŋ／t əngw
上古音：「号」- -／ ɣ au／ɣ ɔ̂ɡ／ɡ aw／g agwh
随唐音：「懸」ɣ iwen／ ɣ iwen／ ɣ iuɛn／ ɣ iuɛn／ ɣ iwen／ ɣ iuen
随唐音：「真」tɕ i̯ĕn／tɕ ǐěn／tɕ jen／tɕ iɪn／tś jĕn／tɕ ǐen
随唐音：「安」ʔ ɑn／0 ɑn／ʔ ɑn／ʔ ɑn／· ân／ʔ ɑn
随唐音：「邑」ʔ i̯əp／0 ǐěp／ʔ jĕp／ʔ iep／· jəp／ʔ ǐəp","アイヌ語：「阿冬号（県）」
＝「アゥ・テュ・ウン・キル・アゥ(aw-tu-un-kir-aw)」＝「角、枝分かれの・峰・にある・山脚の・角、枝分かれ」
アイヌ語：「懸眞（県）」＝「キル・エ・エン・テュ・エ・エン(kir-e-en-tu-e-en)」＝「山脚が・そこで・突き出ている（ところ）・峰が・そこで・突き出ている（ところ）」
アイヌ語：「安邑（県）」＝「アゥ・ウン・イ・アプ(aw-un-i-ap)」＝「角、枝分かれ・にある・その・釣り針（のような峰）」","jomon2_bnum64.html"
"尚州","二年郡","忠清北道 報恩郡 報恩邑","二年郡","三年山郡","保齢郡","上古音：「三」s əm／s əm／s ə̂m／s əm／s əm
上古音：「年」n ien／n ien／n ien／n en／n in
上古音：「山」s ăn／ʃ ean／- -／s rian／s rian
随唐音：「二」ȵʑ i／ɽ i／ȵ jei／ȵ iɪi／ńź ji／nʑ ǐe
随唐音：「年」n ien／n ien／n iɛn／n iɛn／n ien／n ien
随唐音：「保」p ɑu／p ɑu／p ɑu／p ɑu／p âu／p ɑu
随唐音：「齡」l ieŋ／l ieŋ／l ieŋ／l iɛŋ／l ieng／l ieŋ","アイヌ語：「三年山（郡）」＝「サム・ニ・エ・エン・シル・エ・エン(sam-ni-e-en-sir-e-en)」＝「隣の・棒（のように細長い峰）が・そこで・突き出ている（ところ）・山が・そこで・突き出ている（ところ）」
アイヌ語：「二年（郡）」＝「ニ・エ・エン・ニ・エ・エン(ni-e-en-ni-e-en)」＝「棒（のように細長い峰）が・そこで・突き出ている（ところ）・棒（のように細長い峰）が・そこで・突き出ている（ところ）」
アイヌ語：「保齢（郡）」
＝「パ・アゥ・リ・エン(pa-aw-ri-en)」＝「頭、岬の・角、枝分かれの・高く・突き出ている（ところ）」","jomon2_bnum64.html"
"尚州","清川県","忠清北道 槐山郡 青川面","清川県","薩買県","清川県","随唐音：「薩」- -／s ɑt／s ɑt／s ɑt／s ât／s ɑt
随唐音：「買」m ai／m ai／m æi／m æi／m aï／m æi
※「薩」が上古音に存在しないため隋唐音で解釈。
随唐音：「清」tsʰ i̯ɛŋ／tsʰ ǐɛŋ／tsʰ jɛŋ／tsʰ iæŋ／tsh jäng／tsʰ ǐɛŋ
随唐音：「川」tɕʰ i̯wɛn／tɕʰ ǐwɛn／tɕʰ juæn／tɕʰ iuæn／tśh jwän／tɕʰ ǐuɛn","アイヌ語：「薩買（県）」
＝「サッ・ム・アィ(sat-mu-ay)」＝「涸れて・ふさがっている・矢、カジキマグロの顎（のように鋭く尖った峰）」
アイヌ語：「清川（県）」＝「テュ・エ・エン・テュ・エ・エン(tu-e-en-tu-e-en)」＝「峰が・そこで・突き出ている（ところ）・峰が・そこで・突き出ている（ところ）」","jomon2_bnum64.html"
"尚州","耆山県","忠清北道 沃川郡 青山面","耆山県","屈県","青山県","上古音：「屈」kʰ i̯wət／kʰ ǐwət／kʰ juə̆t／kʰ jwət／khw jət
随唐音：「耆」ɡʰ ji／g i／ɡʰ jĕi／ɡ iei／g ji／ɡʰ ǐe
随唐音：「山」ʂ ăn／ʃ æn／ʃ æn／ʂ æn／ṣ ăn／ʃ ɐn
随唐音：「青」tsʰ ieŋ／tsʰ ieŋ／tsʰ ieŋ／tsʰ iɛŋ／tsh ieng／tsʰ ieŋ","アイヌ語：「屈（県）」＝「キル・アッ(kir-at)」＝「山脚が・たくさんある（・もの、ところ）」
アイヌ語：「耆山（県）」＝「キル・エ・エン・シル・エ・エン(kir-e-en-sir-e-en)」＝「山脚が・そこで・突き出ている（ところ）・山が・そこで・突き出ている（ところ）」
アイヌ語：「青山（県）」＝「テュ・エ・エン・シル・エ・エン(tu-e-en-sir-e-en)」＝「峰が・そこで・突き出ている（ところ）・山が・そこで・突き出ている（ところ）」","jomon2_bnum64.html"
"尚州","古寧郡","慶尚北道 尚州市 咸昌邑","古寧郡","古寧加耶国／古冬攬郡（or古陵県）／古冬攬郡／古陵県","咸寧郡","上古音：「古」k o／k a／k ɑɡ／k aɣ／k agx
上古音：「寧」n ieŋ／n ieŋ／n ieŋ／- -／n ing
上古音：「加」k a／k eai／k a／k ra／k rar
上古音：「耶」z i̯ɔ／ʎ ia／- -／ɣr aɣ／- -
上古音：「冬」t／t uŋ／t ôŋ／t əwŋ／t əngw
上古音：「攬」ɡl ɑm／l am／- -／l am／- -
上古音：「陵」l i̯əŋ／l ǐəŋ／l jəŋ／l iəŋ／l jəng
随唐音：「古」k uo／k u／k uo／k uo／k uo／k u
随唐音：「寧」n ieŋ／n ieŋ／n ieŋ／n iɛŋ／n ieng／n ieŋ
随唐音：「咸」ɣ ăm／ɣ ɐm／ɣ ɐm／ɣ æm／ɣ ăm／x ɐm","アイヌ語：「古寧加耶（国）」
＝「ク・アゥ・ウン・ニ・エ・エン・ク・アゥ・キル・アゥ・ウン(ku-aw-un-ni-e-en-ku-aw-kir-aw-un)」＝「矢（先のような形の峰）の・角、枝分かれ・にある・棒（のように細長い峰）が・そこで・突き出ている・矢の・角、枝分かれ・山脚の・角、枝分かれ・にある（ところ）」
or「ク・アゥ・ウン・ニ・エ・エン・ク・アゥ・イ・アゥ(ku-aw-un-ni-e-en-ku-aw-i-aw)」＝「矢（先のような形の峰）の・角、枝分かれ・にある・棒（のように細長い峰）が・そこで・突き出ている・矢の・角、枝分かれ・その・角、枝分かれ」
アイヌ語：「古冬攬（郡）」
＝「ク・アゥ・ウン・テュ・ウン・ル・アム(ku-aw-un-tu-un-ru-am)」＝「矢（先のような形の峰）の・角、枝分かれ・にある・峰・にある・消えかかった・爪（のように平べったく鋭い峰）」
アイヌ語：「古陵（県）」＝「ク・アゥ・ウン・リ・エン(ku-aw-un-ri-en)」＝「矢（先のような形の峰）の・角、枝分かれ・にある・高く・突き出ている（ところ）」
アイヌ語：「古寧（郡）」＝「ク・オ・ニ・エ・エン(ku-o-ni-e-en)」＝「矢（先のような形の峰）が・たくさんある・棒（のように細長い峰）が・そこで・突き出ている（ところ）」
アイヌ語：「咸寧（郡）」＝「キル・アム・ニ・エ・エン(kir-am-ni-e-en)」＝「山脚の・爪の・棒（のように細長い峰）が・そこで・突き出ている（ところ）」","jomon2_bnum64.html"
"尚州","嘉善県","慶尚北道 聞慶市 加恩邑","嘉善県","加害県","加恩県","上古音：「加」k a／k eai／k a／k ra／k rar
上古音：「害」ɡʰ ɑd／ɣ at／- -／ɡ ar／g adh
随唐音：「嘉」k a／k a／k a／k a／k a／k a
随唐音：「善」ʑ i̯ɛn／ʑ ǐɛn／ʑ jæn／dʑ iæn／ź jän／ʑ ǐɛn
随唐音：「加」k a／k a／k a／k a／k a／k a
随唐音：「恩」ʔ ən／0 ən／ʔ ən／ʔ ən／· ən／ʔ ən
随唐音：「曦」h ǐe／x jĕ／x ie／x jĕ／x ǐɛ
随唐音：「陽」0 i̯aŋ／j ǐaŋ／0 jɑŋ／0 iɑŋ／ji ang／0 ǐɑŋ
随唐音：「山」ʂ ăn／ʃ æn／ʃ æn／ʂ æn／ṣ ăn／ʃ ɐn","アイヌ語：「加害（県）」＝「ク・アゥ・ク・アッ(ku-aw-ku-at)」＝「矢（先のような形の峰）の・角、枝分かれの・矢が・たくさんある（ところ）」
アイヌ語：「嘉善（県）」＝「ク・アゥ・テュ・エ・エン(ku-aw-tu-e-en)」＝「矢（先のような形の峰）の・角、枝分かれの・峰が・そこで・突き出ている（ところ）」
アイヌ語：「加恩（県）」＝「ク・アゥ・エン(ku-aw-en)」＝「矢（先のような形の峰）の・角、枝分かれが・突き出ている（ところ）」
アイヌ語：「曦陽山」＝「ヘ・イェ・イ・アゥ・ウン・シル・エ・エン(he-ye-i-aw-un-sir-e-en)」＝「頭の・岩・その・角、枝分かれ・にある・山が・そこで・突き出ている（ところ）」","jomon2_bnum64.html"
"尚州","冠山県","慶尚北道 聞慶市 聞慶邑","冠山県","冠（文）県","聞慶県","上古音：「冠」k wɑn／k uan／k uɑn／k wan／kw an
上古音：「文」m i̯wən／m ǐwən／m juə̆n／m jwən／m jən
随唐音：「冠」k uɑn／k uɑn／k uɑn／k uɑn／k uân／k uɑn
随唐音：「山」ʂ ăn／ʃ æn／ʃ æn／ʂ æn／ṣ ăn／ʃ ɐn
随唐音：「聞」m i̯uən／m ǐuən／m juən／m iuən／m juən／ɱ ǐuən
随唐音：「慶」kʰ i̯ɐŋ／kʰ ǐɐŋ／kʰ jɐŋ／kʰ iaŋ／kh jɐng／kʰ ǐuaŋ","アイヌ語：「冠（県）」＝「ク・アゥ・ウン(ku-aw-un)」＝「矢（先のような形の峰）の・角、枝分かれ・にある（ところ）」
アイヌ語：「冠文（県）」＝「ク・アゥ・ウン・ムィ・エ・エン(ku-aw-un-muy-e-en)」＝「矢（先のような形の峰）の・角、枝分かれ・にある・頂が・そこで・突き出ている（ところ）」
アイヌ語：「冠山（県）」＝「ク・アゥ・ウン・シル・エ・エン」
＝「矢（先のような形の峰）の・角、枝分かれ・にある・山が・そこで・突き出ている（ところ）」
アイヌ語：「聞慶」
＝「ムィ・エ・エン・キル・アゥ・ウン(muy-e-en-kir-aw-un)」＝「頂が・そこで・突き出ている・山脚の・角、枝分かれ・にある（ところ）」","jomon2_bnum64.html"
"尚州","虎渓県","慶尚北道 聞慶市 虎渓面","虎渓県","虎側県","虎渓県","上古音：「虎」x o／h a／x ɑɡ／x aɣ／h agx
上古音：「側」tʂ i̯ək／tʃ ǐək／ts ək／ts iək／ts rjək
随唐音：「虎」x uo／h u／x uo／x uo／x uo／x u
随唐音：「溪」- -／kʰ iei／kʰ iɛi／kʰ iɛi／kh iei／kʰ iei","アイヌ語：「虎側（県）」
＝「ホ・アク・テュ・アク(ho-ak-tu-ak)」＝「山尻の・弟（のように小さい峰）or矢を射る（ところ）・峰の・弟or矢を射る（ところ）」
アイヌ語：「虎渓（県）」＝「ホ・オ・キル・エ・エン(ho-o-kir-e-en)」＝「尻、山裾が・たくさんある・山脚が・そこで突き出ている（ところ）」","jomon2_bnum64.html"
"尚州","化寧郡","慶尚北道 尚州市 化西面","化寧郡","荅達匕郡（or杳達）／荅達匕郡／杳達","咸寧郡／化寧郡","上古音：「荅」t əp／- -／t ə̂p／t əp／t əp
上古音：「達」tʰ ɑt／- -／tʰ ɑt／- -／th at／
上古音：「達」dʰ ɑt／d at／dʰ ɑt／d at／d at
上古音：「匕」p i̯ər／p ǐei／p jed／p jier／p jid
上古音：「杳」ʔ ieu／0 ieu／ʔ iɛu／ʔ iɛu／· ieu／ʔ ieu
上古音：「達」tʰ ɑt／tʰ ɑt／tʰ ɑt／tʰ ɑt／th ât／tʰ ɑt
上古音：「達」dʰ ɑt／d ɑt／dʰ ɑt／d ɑt／d ât／dʰ ɑt
随唐音：「化」x wa／h wa／x ua／x ua／x wa／x ua
随唐音：「寧」n ieŋ／n ieŋ／n ieŋ／n iɛŋ／n ieng／n ieŋ","アイヌ語：「荅達匕（郡）」＝「タプ・テュ・アッ・ピル・エ・エン(tap-tu-at-pir-e-en)」＝「肩の（ように出っ張った）・峰が・たくさんある・傷（のように切り刻まれたもの）が・そこで・突き出ている（ところ）」
アイヌ語：「杳達」＝「イ・エ・エン・テュ・アッ(i-e-en-tu-at)」＝「それが・そこで・突き出ている・峰が・たくさんある（ところ）」
アイヌ語：「化寧（郡）」
＝「ホ・アゥ・ニ・エ・エン(ho-aw-ni-e-en)」＝「山尻の・角、枝分かれの・棒（のように細い峰）が・そこで・突き出ている（ところ）」","jomon2_bnum64.html"
"尚州","道安県","慶尚北道 尚州市 牟西面 道安里","道安県","刀良県","虎渓県／中牟県","上古音：「刀」t oɡ／t au／t ɔ̂ɡ／t aw／t agw
上古音：「良」l i̯aŋ／l ǐaŋ／l jaŋ／l iaŋ／l jang
随唐音：「道」dʰ ɑu／d ɑu／dʰ ɑu／d ɑu／d âu／dʰ ɑu
随唐音：「安」ʔ ɑn／0 ɑn／ʔ ɑn／ʔ ɑn／· ân／ʔ ɑn
随唐音：「中」ȶ i̯uŋ／ȶ ǐuŋ／ȶ juŋ／ʈ iuŋ／ṭ jung／ȶ ǐoŋ
随唐音：「牟」m i̯ə̯u／m ǐəu／m ju／m iəu／m jə̆u／ɱ ǐou","アイヌ語：「刀良（県）」＝「テュ・アゥ・リ・アゥ・ウン(tu-aw-ri-aw-un)」＝「峰の・角、枝分かれ・高い・角、枝分かれ・にある（ところ）」
アイヌ語：「道安（県）」＝「テュ・アゥ・アン(tu-aw-an)」＝「峰の・角、枝分かれ・がある（ところ）」
アイヌ語：「中牟（県）」＝「テュ・ウン・ムィ・アゥ(tu-un-muy-aw)」＝「峰・にある・頂の・角、枝分かれ」","jomon2_bnum64.html"
"漢州","漢州","京畿道 河南市","漢州","漢山郡","廣州","上古音：「漢」x ɑn／h an／x ɑn／x an／h anh
上古音：「山」s ăn／ʃ ean／- -／s rian／s rian
随唐音：「漢」x ɑn／h ɑn／x ɑn／x ɑn／x ân／x ɑn
随唐音：「廣」k wɑŋ／k uɑŋ／k uɑŋ／k uɑŋ／k wâng／k ɑŋ","アイヌ語：「漢山（郡）」＝
「ホ・アゥ・ウン・シル・エ・エン(ho-aw-un-sir-e-en)」＝「山尻の・角、枝分かれ・にある・山が・そこで・突き出ている（ところ）」
アイヌ語：「漢（州）」＝
「ホ・アゥ・ウン(ho-aw-un)」＝「山尻の・角、枝分かれ・にある（ところ）」
アイヌ語：「廣（州）」＝
「ク・アゥ・ウン(ku-aw-un)」＝「矢（先のような形）の・角、枝分かれ・にある（ところ）」","jomon2_bnum65.html"
"漢州","黄武県","京畿道 利川市","黄武県","南川県","利川県","上古音：「南」n əm／n əm／n ə̂m／n əm／n əm
上古音：「川」ȶʰ i̯wan／ȶʰ ǐwən／- -／- -／th jiən
随唐音：「黄」ɣ wɑŋ／ɣ uɑŋ／ɣ uɑŋ／ɣ uɑn／ɣ wâng／ɣ uɑŋ
随唐音：「武」m i̯u／m ǐu／m juo／m iuo／m ju／ɱ ǐu
随唐音：「利」l ji／l i／l jei／l iɪi／l ji／l ǐe
随唐音：「川」tɕʰ i̯wɛn／tɕʰ ǐwɛn／tɕʰ juæn／tɕʰ iuæn／tśh jwän／tɕʰ ǐuɛn","アイヌ語：「南川（県）」
＝「ナン・テュ・エ・エン(nan-tu-e-en)」＝「斜面の・峰が・そこで・突き出ている（ところ）」
アイヌ語：「黄武（県）」
＝「キル・アゥ・ウン・ムィ・オ(kir-aw-un-muy-o)」＝「山脚の・角、枝分かれ・にある・頂が・たくさんある（ところ）」
アイヌ語：「利川（県）」
＝「リ・エン・テュ・エ・エン(ri-en-tu-e-en)」＝「高く・突き出ている・峰が・そこで・突き出ている（ところ）」","jomon2_bnum65.html"
"漢州","巨秌県","京畿道 龍仁市","巨秌県","駒城県","龍駒県","上古音：「駒」k i̯u／k ǐwɔ／k juɡ／k jew／k jug
上古音：「城」ȡ i̯ĕŋ／ʑ ǐeŋ／ʑ jeŋ／d jieŋ／d jing
随唐音：「巨」ɡʰ i̯wo／g ǐo／ɡʰ jo／ɡ io／g jwo／ɡʰ ǐo
随唐音：「秌」- -／tsʰ ǐəu／tsʰ ju／tsʰ iəu／tsh jə̆u／tsʰ ǐou
随唐音：「龍」l i̯woŋ／l ǐwoŋ／l juoŋ／l iuoŋ／l jwong／l ǐuŋ
随唐音：「駒」k i̯u／k ǐu／k juo／k iuo／k ju／k ǐu","アイヌ語：「駒城（県）」
＝「キル・エ・エン・テュ・エ・エン(kir-e-en-tu-e-en)」＝「山脚が・そこで・突き出ている（ところ）・峰が・そこで・突き出ている（ところ）」
or「キル・ウン・テュ・エ・エン(kir-un-tu-e-en)」＝「山脚・にある・峰が・そこで・突き出ている（ところ）」
or「キル・オ・テュ・エ・エン(kir-o-tu-e-en)」＝「山脚が・たくさんある・峰が・そこで・突き出ている（ところ）」
アイヌ語：「巨秌（県）」
＝「キル・オ・テュ・アゥ(kir-o-tu-aw)」＝「山脚が・たくさんある・峰の・角、枝分かれ」
アイヌ語：「龍駒（県）」
＝「レル・ワ・アン・キル・オ(rer-wa-an-kir-o)」＝「山陰・に・ある・山脚が・たくさんある（ところ）」","jomon2_bnum65.html"
"漢州","中原京","忠清北道 忠州市","中原京","国原城","忠州","上古音：「国」k wək／k uək／k uə̂k／k wək／kw ək
上古音：「原」ŋ i̯wăn／ŋ ǐwan／ŋ juăn／ŋ jwan／ngw jan
随唐音：「中」ȶ i̯uŋ／ȶ ǐuŋ／ȶ juŋ／ʈ iuŋ／ṭ jung／ȶ ǐoŋ
随唐音：「原」ŋ i̯wɐn／ŋ ǐwɐn／ŋ juɐn／ŋ iuɑn／ng jwɐn／ŋ ǐuɐn
随唐音：「忠」ȶ i̯uŋ／ȶ ǐuŋ／ȶ juŋ／ʈ iuŋ／ṭ jung／ȶ ǐoŋ
随唐音：「夫」bʰ i̯u／b ǐu／bʰ juo／b iuo／b ju／bvʰ ǐu
随唐音：「夫」p i̯u／p ǐu／p juo／p iuo／p ju／pf ǐu
随唐音：「斯」s ie̯ ／s ǐe／s je／s iɪ／s jĕ／s ǐɛ
随唐音：「達」tʰ ɑt／tʰ ɑt／tʰ ɑt／tʰ ɑt／th ât／tʰ ɑt
随唐音：「達」dʰ ɑt／d ɑt／dʰ ɑt／d ɑt／d ât／dʰ ɑt","アイヌ語：「国原（城）」
＝「ク・アク・キル・アゥ・ウン(ku-ak-kir-aw-un)」＝「矢（先の形）の・弟の（ように小さい）or矢を射る・山脚の・角、枝分かれ・にある（ところ）」
アイヌ語：「中原（京）」＝「テュ・ウン・キル・アゥ・ウン(tu-un-kir-aw-un)」＝「峰・にある・山脚の・角、枝分かれ・にある（ところ）」
アイヌ語：「忠（州）」
＝「テュ・ウン(tu-un)」＝「峰・にある（ところ）」
アイヌ語：「夫斯達」
＝「ピル・シ・エテュ・アッ(pir-si-etyu-at)」＝「傷の（刻まれたような）・大きな・岬が・たくさんある（ところ）」
or「ピル・オ・シ・エテュ・アッ(pir-o-si-etyu-at)」＝「傷の（刻まれたような）・たくさんある・大きな・岬が・たくさんある（ところ）」","jomon2_bnum65.html"
"漢州","槐壌郡","忠清北道 槐山郡 槐山邑","槐壌郡","仍斤内郡","木州／槐州","上古音：「仍」ȵ i̯əŋ／ȵ ǐəŋ／ȵ jəŋ／n jiəŋ／n jəng
上古音：「斤」k i̯ən／k iən／k jə̆n／k jən／k jən
上古音：「内」n wəd／n uəi／n uə̂b,n uə̂d／n wər／n əbh
随唐音：「槐」ɣ wăin／ɣ wɐi／ɣ uɐi／ɣ uɛi／ɣ wăi／ɣ uɐi
随唐音：「壤」ȵʑ i̯aŋ／ɽ ǐaŋ／ȵ jɑŋ／ȵ iɑŋ／ńź jang／n ǐɑŋ","アイヌ語：「仍斤内（郡）」
＝「ニ・エ・エン・キル・エ・エン・ニ・アゥ・アッ(ni-e-en-kir-e-en-ni-aw-at)」＝「棒（のように細長い峰）が・そこで・突き出ている（ところ）・山脚が・そこで・突き出ている（ところ）・棒の（ような峰の）・角、枝分かれが・たくさんある（ところ）」
アイヌ語：「槐壌（郡）」＝「キル・アィ・ニ・アゥ・ウン(kir-ay-ni-aw-un)」＝「山脚の・矢、カジキマグロの顎の（ように鋭い峰）・棒の（ような峰の）・角、枝分かれ・にある（ところ）」
アイヌ語：「槐（州）」＝「キル・アィ(kir-ay)」＝「山脚の・矢、カジキマグロの顎（のように鋭い峰）」","jomon2_bnum65.html"
"漢州","泝川郡","京畿道 驪州市 興川面","泝川（or沂川）郡／泝川郡／沂川郡","述川郡","川寧郡／川寧州","上古音：「述」i̯wət／ȡ ǐwət／ȡʰ juət／zd jiwət／d jət
上古音：「川」ȶʰ i̯wan／ȶʰ ǐwən／- -／- -／th jiən
随唐音：「泝」s uo／s u／s uo／s uo／s uo／s u
随唐音：「川」tɕʰ i̯wɛn／tɕʰ ǐwɛn／tɕʰ juæn／tɕʰ iuæn／tśh jwän／tɕʰ ǐuɛn
随唐音：「沂」- -／ŋ ǐəi／ŋ jəi／ŋ iəi／ng jĕi／ŋ ǐəi
随唐音：「寧」n ieŋ／n ieŋ／n ieŋ／n iɛŋ／n ieng／n ieŋ","アイヌ語：「述川（郡）」
＝「テュ・アッ・テュ・エ・エン(tu-at-tu-e-en)」＝「峰が・たくさんある・峰が・そこで・突き出ている（ところ）」
アイヌ語：「泝川（郡）」
＝「シル・オ・テュ・エ・エン(sir-o-tu-e-en)」＝「山が・たくさんある・峰が・そこで・突き出ている（ところ）」
アイヌ語：「沂川（郡）」
＝「キル・エ・エン・テュ・エ・エン(kir-e-en-tu-e-en)」＝「山脚が・そこで・突き出ている（ところ）・峰が・そこで・突き出ている（ところ）」
アイヌ語：「川寧（州）」＝「テュ・エ・エン・ニ・エ・エン(tu-e-en-ni-e-en)」＝「峰が・そこで・突き出ている（ところ）・棒（のように細長い峰）が・そこで・突き出ている（ところ）」","jomon2_bnum65.html"
"漢州","黄驍県","京畿道 驪州市","黄驍県","骨乃斤県","黄驪県","上古音：「骨」k wət／k uət／k uə̂t／k wət／kw ət
上古音：「乃」n əɡ／n ə／n ə̂ɡ／n əɣ／n əgx
上古音：「斤」k i̯ən／k iən／k jə̆n／k jən／k jən
随唐音：「黄」ɣ wɑŋ／ɣ uɑŋ／ɣ uɑŋ／ɣ uɑn／ɣ wâng／ɣ uɑŋ
随唐音：「驍」- -／k ieu／k iɛu／k iɛu／k ieu／k ieu
随唐音：「驪」l jie̯ ／l ǐe／l je／l iɪ／l jĕ／l ǐɛ
随唐音：「驪」l iei／l iei／l iɛi／l iɛi／l iei／l iei","アイヌ語：「骨乃斤（県）」
＝「ク・アッ・ニ・アク・キル・エ・エン(ku-at-ni-ak-kir-e-en)」＝「矢（先のような形）が・たくさんある・棒の（ように細長い）・弟の（ように小さい）or矢を射る・山脚が・そこで・突き出ている（ところ）」
アイヌ語：「黄驍（県）」
＝「キル・アゥ・ウン・キル・エ・エン(kir-aw-un-kir-e-en)」＝「山脚の・角、枝分かれ・にある・山脚が・そこで・突き出ている（ところ）」
アイヌ語：「黄驪（県）」
＝「キル・アゥ・ウン・リ・エン(kir-aw-un-ri-en)」＝「山脚の・角、枝分かれ・にある・高く・突き出ている（ところ）」","jomon2_bnum65.html"
"漢州","濱陽県","京畿道 楊平郡 楊平邑","濱陽県","楊根県","楊根県","上古音：「楊」d i̯aŋ／ʎ ǐaŋ／d jaŋ／r iaŋ／r ang
上古音：「根」k ən／k ən／k ə̂n／k ən／k ən
随唐音：「濱」p i̯ĕn／p ǐěn／p jen／p iɪn／p jiĕn／p ǐen
随唐音：「陽」0 i̯aŋ／j ǐaŋ／0 jɑŋ／0 iɑŋ／ji ang／0 ǐɑŋ","アイヌ語：「楊根（県）」
＝「テュ・アゥ・ウン・ク・エン(tu-aw-un-ku-en)」＝「峰の・角、枝分かれ・にある・矢（先のような形）が・突き出ている（ところ）」
アイヌ語：「濱陽（県）」
＝「ピル・エ・エン・イ・アゥ・ウン(pir-e-en-i-aw-un)」＝「傷（のように切り刻まれた峰）が・そこで・突き出ている・その・角、枝分かれ・にある（ところ）」","jomon2_bnum65.html"
"漢州","黒壌郡","忠清北道 鎮川郡 鎮川邑","黒壌郡／黄壌郡","今勿奴郡","鎭州","上古音：「今」k i̯əm／k ǐəm／k jəm／k iəm／k jəm
上古音：「勿」m i̯wət／m ǐwət／m juə̆t／m jwət／m jət
上古音：「奴」n o／n a／n ɑɡ／n aɣ／n ag
随唐音：「黒」x ək／h ək／x ək／x ək／x ək／x ək
随唐音：「壌」ȵʑ i̯aŋ／ɽ ǐaŋ／ȵ jɑŋ／ȵ iɑŋ／ńź jang／n ǐɑŋ
随唐音：「黄」ɣ wɑŋ／ɣ uɑŋ／ɣ uɑŋ／ɣ uɑn／ɣ wâng／ɣ uɑŋ
随唐音：「壤」ȵʑ i̯aŋ／ɽ ǐaŋ／ȵ jɑŋ／ȵ iɑŋ／ńź jang／n ǐɑŋ
随唐音：「鎮」ȶ i̯ĕn／ȶ ǐěn／ȶ jen／ʈ iɪn／ṭ jĕn／ȶ ǐen","アイヌ語：「今勿奴（郡）」
＝「キル・アム・ムィ・アッ・ナン(kir-am-muy-at-nan)」＝「山脚の・爪の（ように平べったく鋭い）・頂が・たくさんある・山肌、斜面」
アイヌ語：「黒壌（郡）」
＝「ホ・アク・ニ・アゥ・ウン(ho-ak-ni-aw-un)」＝「山尻の・弟の（ように小さい）or矢を射る・棒の（ような峰の）・角、枝分かれ・にある（ところ）」
アイヌ語：「黄壌（郡）」＝「キル・アゥ・ウン・ニ・アゥ・ウン(kir-aw-un-ni-aw-un)」＝「山脚の・角、枝分かれ・にある（ところ）・棒（のように細長い峰）の・角、枝分かれ・にある（ところ）」
アイヌ語：「鎭（州）」＝「テュ・エ・エン(tu-e-en)」＝「峰が・そこで・突き出ている（ところ）」","jomon2_bnum65.html"
"漢州","都西県","忠清北道 曽坪郡 道安面","都西県","道西県","黄驪県／道安県","上古音：「道」dʰ -／d u／dʰ ô／d əw／d əgwx
上古音：「西」s iər／s iei／s ied／s er／s id
随唐音：「都」t uo／t u／t uo／t uo／t uo／t u
随唐音：「西」s iei／s iei／s iɛi／s iɛi／s iei／s iei
随唐音：「道」dʰ ɑu／d ɑu／dʰ ɑu／d ɑu／d âu／dʰ ɑu
随唐音：「安」ʔ ɑn／0 ɑn／ʔ ɑn／ʔ ɑn／· ân／ʔ ɑn","アイヌ語：「道西（県）」＝「テュ・オ・シル・エ・エン(tu-o-sir-e-en)」＝「峰が・たくさんある・山が・そこで・突き出ている（ところ）」
アイヌ語：「都西（県）」
＝「テュ・オ・シル・エ・エン(tu-o-sir-e-en)」＝「峰が・たくさんある・山が・そこで・突き出ている（ところ）」
アイヌ語：「道安（県）」＝「テュ・アゥ・アン(tu-aw-an)」＝「峰の・角、枝分かれ・がある（ところ）」","jomon2_bnum65.html"
"漢州","陰城県","忠清北道 陰城郡 陰城邑","陰城県","仍忽県","陰城県","上古音：「仍」ȵ i̯əŋ／ȵ ǐəŋ／ȵ jəŋ／n jiəŋ／n jəng
上古音：「忽」xm wət／h uət／m̥ uə̂t／xm wət／hm ət
随唐音：「陰」ʔ i̯əm／0 ǐěm／ʔ jĕm／ʔ iem／· jəm／ʔ ǐəm
随唐音：「城」ʑ i̯ɛŋ／ʑ ǐɛŋ／ʑ jɛŋ／dʑ iæŋ／ź jäng／ʑ ǐɛŋ","アイヌ語：「仍忽（県）」＝「ニ・エ・エン・ムィ・アッ(ni-e-en-muy-at)」＝「棒（のように細長い峰）が・そこで・突き出ている・頭、頂が・たくさんある（ところ）」
アイヌ語：「陰城（県）」
＝「イ・アム・テュ・エ・エン(i-am-tu-e-en)」＝「その・爪の（ように平べったく鋭い）・峰が・そこで・突き出ている（ところ）」","jomon2_bnum65.html"
"漢州","介山郡","京畿道 安城市 竹山面 竹山里","介山郡","皆次山郡","竹州","上古音：「皆」k ær／k ei／k ed／k rer／k rid
上古音：「次」tsʰ i̯ər／tsʰ ǐei／tsʰ jed／tsʰ jier／tsh jidh
上古音：「山」s ăn／ʃ ean／- -／s rian／s rian
随唐音：「介」k ăi／k ɐi／k ɐi／k ɛi／k ăi／k ɐi
随唐音：「山」ʂ ăn／ʃ æn／ʃ æn／ʂ æn／ṣ ăn／ʃ ɐn
随唐音：「竹」ȶ i̯uk／ȶ ǐuk／ȶ juk／ʈ iuk／ṭ juk／ȶ ǐok
随唐音：「飛」p jwe̯i／p ǐwəi／p juəi／p iəi／p jwĕi／pf ǐəi
随唐音：「鳳」bʰ i̯uŋ／b ǐuŋ／bʰ uŋ／b iuŋ／b jung／bvʰ ǐoŋ","アイヌ語：「皆次山（郡）」
＝「ク・エ・エン・テュ・エ・エン・シル・エ・エン(ku-e-en-tu-e-en-sir-e-en)」＝「矢（先のような形の峰）が・そこで・つきでている（ところ）・峰が・そこで・つきでている（ところ）・山が・そこで・突き出ている（ところ）」
アイヌ語：「介山（郡）」＝「カィ・シル・エ・エン(kay-sir-e-en)」＝「折れ曲がっている・山が・そこで・突き出ている（ところ）」
アイヌ語：「竹（州）」＝「テュ・イク(tu-ik)」＝「峰の・関節（のような折れ曲がり）」
アイヌ語：「飛鳳山（州）」＝「ピル・エ・エン・ピル・ウン・シル・エ・エン(pir-e-en-pir-un-sir-e-en)」＝「傷の（ように切り刻まれた峰が）・そこで・突き出ている（ところ）・傷・にある・山が・そこで・突き出ている（ところ）」","jomon2_bnum65.html"
"漢州","陰竹県","京畿道 利川市 長湖院邑","陰竹県","奴音竹県","陰竹県","上古音：「奴」n o／n a／n ɑɡ／n aɣ／n ag
上古音：「音」ʔ i̯əm／0 ǐəm／ʔ jəm／ʔ iəm／· jəm
上古音：「竹」t／t ǐuk／t jok／t iəwk／t rjəkw
随唐音：「陰」ʔ i̯əm／0 ǐěm／ʔ jĕm／ʔ iem／· jəm／ʔ ǐəm
随唐音：「竹」ȶ i̯uk／ȶ ǐuk／ȶ juk／ʈ iuk／ṭ juk／ȶ ǐok","アイヌ語：「奴音竹（県）」＝「ナン・イ・アム・テュ・イク(nan-i-am-tu-ik)」＝「斜面・その・爪の（ように平べったく鋭い）・峰の・関節（のような折れ曲がり）」
アイヌ語：「陰竹（県）」
＝「イ・アム・テュ・イク(i-am-tu-ik)」＝「その・爪の（ように平べったく鋭い）・峰の・関節（のような折れ曲がり）」","jomon2_bnum65.html"
"漢州","白城郡","京畿道 安城市","白城郡","奈兮忽郡","安城郡","上古音：「奈」- -／n at／- -／- -／- -
上古音：「兮」- -／ɣ ie／ɣ ieɡ／ɡ eɣ／g ig
上古音：「忽」xm wət／h uət／m̥ uə̂t／xm wət／hm ət
随唐音：「白」bʰ ɐk／b ɐk／bʰ ɐk／b ak／b ɐk／bʰ ak
随唐音：「城」ʑ i̯ɛŋ／ʑ ǐɛŋ／ʑ jɛŋ／dʑ iæŋ／ź jäng／ʑ ǐɛŋ
随唐音：「安」ʔ ɑn／0 ɑn／ʔ ɑn／ʔ ɑn／· ân／ʔ ɑn","アイヌ語：「奈兮忽（郡）」
＝「ノッ・キル・エ・エン・ムィ・アッ(not-kir-e-en-muy-at)」＝「岬の・山脚が・そこで・突き出ている・頂が・たくさんある（ところ）」
アイヌ語：「白城（郡）」＝「パ・アク・テュ・エ・エン(pa-ak-tu-e-en)」＝「岬の・弟の（ように小さい）or矢を射る・峰が・そこで・突き出ている（ところ）」
アイヌ語：「安城（郡）」＝「アゥ・ウン・テュ・エ・エン(aw-un-tu-e-en)」＝「角、枝分かれ・にある・峰が・そこで・突き出ている（ところ）」","jomon2_bnum65.html"
"漢州","赤城県","京畿道 安城市 陽城面","赤城県","沙伏忽県","陽城県","上古音：「沙」s a／ʃ eai／s a／s ra／s rar
上古音：「伏」bʰ i̯ŭk／b ǐwək／bʰ juə̆k／b jwək／b jək
上古音：「忽」xm wət／h uət／m̥ uə̂t／xm wət／hm ət
随唐音：「赤」tɕʰ i̯ɛk／tɕ ǐɛk／tɕʰ jɛk／tɕʰ iæk／tśh jäk／tɕʰ ǐɛk
随唐音：「城」ʑ i̯ɛŋ／ʑ ǐɛŋ／ʑ jɛŋ／dʑ iæŋ／ź jäng／ʑ ǐɛŋ
随唐音：「陽」0 i̯aŋ／j ǐaŋ／0 jɑŋ／0 iɑŋ／ji ang／0 ǐɑŋ","アイヌ語：「沙伏忽（県）」＝「サル・ピル・アク・ムィ・アッ(sar-pir-ak-muy-at)」＝「湿原の・傷の（ように切り刻まれた）・弟の（ように小さい）or矢を射る・頂が・たくさんある（ところ）」
アイヌ語：「赤城（県）」
＝「テュ・アク・テュ・エ・エン(tu-ak-tu-e-en)」＝「峰の・弟の（ように小さい）or矢を射る・峰が・そこで・突き出ている（ところ）」
アイヌ語：「陽城（県）」＝「イ・アゥ・ウン・テュ・エ・エン(i-aw-un-tu-e-en)」＝「その・角、枝分かれ・にある・峰が・そこで・突き出ている（ところ）」","jomon2_bnum65.html"
"漢州","虵山県","忠清南道 天安市 西北区 稷山邑","虵山県","虵山県","稷山県","上古音：「山」s ăn／ʃ ean／- -／s rian／s rian
随唐音：「稷」ts i̯ək／ts ǐək／ts jək／ts iek／ts jək／ts ǐək
随唐音：「山」ʂ ăn／ʃ æn／ʃ æn／ʂ æn／ṣ ăn／ʃ ɐn","アイヌ語：「虵山（県）」
＝「テュ・アゥ・シル・エ・エン(tu-aw-sir-e-en)」＝「峰の・角、枝分かれの・山が・そこで・突き出ている（ところ）」
or「イ・エ・エン・シル・エ・エン(i-e-en-sir-e-en)」＝「それが・そこで・突き出ている（ところ）・山が・そこで・突き出ている（ところ）」
アイヌ語：「稷山（県）」＝「テュ・アク・シル・エ・エン(tu-ak-sir-e-en)」＝「峰の・弟の（ように小さい）or矢を射る・山が・そこで・突き出ている（ところ）」","jomon2_bnum65.html"
"漢州","水城郡","京畿道 水原市","水城郡","買忽郡","水州","上古音：「買」- -／m e／m eɡ／m reɣ／m rigx
上古音：「忽」xm wət／h uət／m̥ uə̂t／xm wət／hm ət
随唐音：「水」ɕ wi／ɕ wi／ɕ juei／ɕ iuɪi／ś jwi s ǐue
随唐音：「城」ʑ i̯ɛŋ／ʑ ǐɛŋ／ʑ jɛŋ／dʑ iæŋ／ź jäng／ʑ ǐɛŋ","アイヌ語：「買忽（郡）」
＝「メク・ムィ・アッ(mek-muy-at)」＝「尾根の・頂が・たくさんある（ところ）」
アイヌ語：「水城（郡）」
＝「シル・エ・エン・テュ・エ・エン(sir-e-en-tu-e-en)」＝「山が・そこで・突き出ている（ところ）・峰・そこで・突き出ている（ところ）」
アイヌ語：「水（州）」＝「シル・エ・エン(sir-e-en)」＝「山が・そこで・突き出ている（ところ）」","jomon2_bnum65.html"
"漢州","唐恩郡","京畿道 華城市 万歳区 南陽邑","唐恩郡","唐城郡","唐城郡","上古音：「唐」dʰ ɑŋ／d aŋ／dʰ ɑŋ／d aŋ／d ang
上古音：「城」ȡ i̯ĕŋ／ʑ ǐeŋ／ʑ jeŋ／d jieŋ／d jing
随唐音：「唐」dʰ ɑŋ／d ɑŋ／dʰ ɑŋ／d ɑn／d âng／dʰ ɑŋ
随唐音：「恩」ʔ ən／0 ən／ʔ ən／ʔ ən／· ən／ʔ ən","アイヌ語：「唐城（郡）」
＝「テュ・アゥ・ウン・テュ・エ・エン(tu-aw-un-tu-e-en)」＝「峰の・角、枝分かれ・にある・峰が・そこで・突き出ている（ところ）」
アイヌ語：「唐恩（郡）」＝「テュ・アゥ・ウン・エン(tu-aw-un-en)」＝「峰の・角、枝分かれ・にある・突き出ている（ところ）」","jomon2_bnum65.html"
"漢州","車城県","京畿道 平沢市 安仲邑 龍城里","車城県","上忽県（or車忽県）／上忽県","龍城県","上古音：「上」ȡ i̯aŋ／ʑ ǐaŋ／ʑ jaŋ／d jaŋ／d jangx
上古音：「車」k i̯o／k ǐa／k jaɡ／k jaɣ／k jag
上古音：「車」ȶʰ i̯ɔ／ȶʰ ia／cʰ jăɡ／tʰ jiaɣ／kh rjiag
上古音：「忽」xm wət／h uət／m̥ uə̂t／xm wət／hm ət
随唐音：「車」k i̯wo／k ǐo／k jo／k io／k jwo／k ǐo
随唐音：「車」tɕʰ i̯a／tɕʰ ǐa／tɕʰ ja／tɕʰ ia／tśh ja／tɕʰ ǐa
随唐音：「城」ʑ i̯ɛŋ／ʑ ǐɛŋ／ʑ jɛŋ／dʑ iæŋ／ź jäng／ʑ ǐɛŋ
随唐音：「龍」l i̯woŋ／l ǐwoŋ／l juoŋ／l iuoŋ／l jwong／l ǐuŋ","アイヌ語：「上忽（県）」＝「車忽（県）」＝「テュ・アゥ・ウン・ムィ・アッ(tu-aw-un-muy-at)」＝「峰の・角、枝分かれ・にある・頭、頂が・たくさんある（ところ）」
アイヌ語：「車城（県）」＝「テュ・アゥ・テュ・エ・エン(tu-aw-tu-e-en)」＝「峰の・角、枝分かれの・峰が・そこで・突き出ている（ところ）」
アイヌ語：「龍城（県）」＝「レル・ワ・アン・テュ・エ・エン(rer-wa-an-tu-e-en)」＝「山陰・に・ある（ところ）・峰が・そこで・突き出ている（ところ）」","jomon2_bnum65.html"
"漢州","振威県","京畿道 平沢市 振威面","振威県","釜山県","振威県","上古音：「釜」bʰ i̯wo／b ǐwa／bʰ juaɡ／b jwaɣ／b jagx
上古音：「山」s ăn／ʃ ean／- -／s rian／s rian
随唐音：「振」tɕ i̯ĕn／tɕ ǐěn／tɕ jen／tɕ iɪn／tś jĕn／tɕ ǐen
随唐音：「威」ʔ jwe̯i／0 ǐwəi／ʔ juəi／ʔ iuəi／· jwĕi／ʔ ǐəi","アイヌ語：「釜山（県）」
＝「ピル・アゥ・ウン・シル・エ・エン(pir-aw-un-sir-e-en)」＝「傷の（ように切り刻まれた）・角、枝分かれ・にある・山が・そこで・突き出ている（ところ）」
or「ピル・アク・シル・エ・エン(pir-ak-sir-e-en)」＝「傷の（ように切り刻まれた）・弟の（ように小さい）or矢を射る・山が・そこで・突き出ている（ところ）」
アイヌ語：「振威（県）」＝「テュ・エ・エン・イ・エ・エン(tu-e-en-i-e-en)」＝「峰が・そこで・突き出ている・それが・そこで・突き出ている」","jomon2_bnum65.html"
"漢州","栗津郡","京畿道 果川市","栗津郡","栗木郡","菓州","上古音：「栗」l i̯ĕt／l ǐet／l jet／l iet／l jit
上古音：「木」m uk／m ɔk／m ûk／m ewk／m uk／m uk
随唐音：「栗」l i̯ĕtɡ／l ǐětɡ／l jetɡ／l iɪtɡ／l jĕtɡ／l ǐet
随唐音：「津」ts i̯ĕn／ts ǐěn／ts jen／ts iɪn／ts jĕn／ts ǐen
随唐音：「菓」- -／k uɑ／k uɑ／k uɑ／k uâ／k uɑ","アイヌ語：「栗木（郡）」
＝「リッ・ム・ク(rit-mu-ku)」＝「筋（のような伸びた峰）が・ふさがっている・矢（先のような形の峰）」
アイヌ語：「栗津（郡）」
＝「リッ・ク・テュ・エ・エン(rit-ku-tu-e-en)」＝「筋の（ような伸びた）・矢（先のような形）の・峰が・そこで・突き出ている（ところ）」
アイヌ語：「菓（州）」＝「ク・アゥ(ku-aw)」＝「矢（先のような形）の・角、枝分かれ」","jomon2_bnum65.html"
"漢州","穀壌県","ソウル特別市 衿川区 始興洞","穀壌県","仍伐奴県","黔州","上古音：「仍」ȵ i̯əŋ／ȵ ǐəŋ／ȵ jəŋ／n jiəŋ／n jəng
上古音：「伐」bʰ i̯wăt／b ǐwat／bʰ juăt／b jwat／b jat
上古音：「奴」n o／n a／n ɑɡ／n aɣ／n ag
随唐音：「穀」k uk／k uk／k uk／k uk／k uk／k ok
随唐音：「壌」ȵʑ i̯aŋ／ɽ ǐaŋ／ȵ jɑŋ／ȵ iɑŋ／ńź jang／n ǐɑŋ
随唐音：「黔」ɡʰ i̯əm／g ǐěm／ɡʰ jem／ɡ iem／g jəm／ɡʰ ǐəm
随唐音：「黔」ɡʰ i̯ɛm／g ǐɛm／ɡʰ jæm／ɡ iam／g jäm／ɡʰ ǐɛm","アイヌ語：「仍伐奴（県）」＝「ニ・エ・エン・ピル・アッ・ナン(ni-e-en-pir-at-nan)」＝「棒（のような細長い峰）が・そこで、突き出ている・傷（のように切り刻まれた峰）が・たくさんある・斜面」
アイヌ語：「穀壌（県）」
＝「ク・ク・ニ・アゥ・ウン(ku-ku-ni-aw-un)」＝「矢（先のような形）の・矢の・棒（のような細長い峰）の・角、枝分かれ・にある（ところ）」※たくさんの矢先のような細長い峰の枝分かれ。
アイヌ語：「黔（州）」＝「キル・アム(kir-am)」＝「山脚の・爪（のように平べったく鋭い峰）」","jomon2_bnum65.html"
"漢州","孔巖県","ソウル特別市 陽川区 木洞","孔巖県","濟次巴衣県","孔巖県","上古音：「濟」ts iər／ts iei／ts ied／ts er／ts idx
上古音：「次」tsʰ i̯ər／tsʰ ǐei／tsʰ jed／tsʰ jier／tsh jidh
上古音：「巴」p ɔ／p ea／p uăɡ／p rwaɣ／p rag
上古音：「衣」ʔ i̯ər／0 ǐəi／ʔ jə̆d／ʔ jər／· jəd
随唐音：「孔」kʰ uŋ／kʰ uŋ／kʰ uŋ／kʰ uŋ／kh ung／kʰ oŋ
随唐音：「巖」ŋ am／ŋ am／ŋ am／ŋ am／ng am／ŋ am","アイヌ語：「濟次巴衣（県）」＝「テュ・エ・エン・テュ・エ・エン・プ・アク・エ・エン(tu-e-en-tu-e-en-pu-ak-e-en)」＝「峰が・そこで・突き出ている（ところ）・峰が・そこで・突き出ている（ところ）・倉の（屋根のような三角山の）・弟（のように小さいもの）がor矢を射る（ところが）・そこで・突き出ている（ところ）」※たくさんの峰が突き出ているところ。
アイヌ語：「孔巖（県）」＝「ク・ウン・キル・アム(ku-un-kir-am)」＝「矢（先の形の峰）・にある・山脚の・爪（のように平べったく鋭い峰）」","jomon2_bnum65.html"
"漢州","邵城県","仁川広域市","邵城県","売召忽県（or弥鄒忽県）／売召忽県／弥鄒忽県","仁州（or慶原）／仁州／慶原","上古音：「賣」m righ／m ai／m ai／m æi／m æi／m waï m
上古音：「召」ȡ i̯oɡ／ʑ ǐau／- -／d jiaw／- -
上古音：「忽」xm wət／h uət／m̥ uə̂t／xm wət／hm ət
上古音：「彌」m i̯ăr／m ǐei／- -／m jie／- -
上古音：「鄒」- -／tʃ ǐɔ／ts uɡ／- -／ts rjug
随唐音：「邵」ʑ i̯ɛu／ʑ ǐɛu／ʑ jæu／dʑ iæu／ź jäu／ʑ ǐɛu
随唐音：「城」ʑ i̯ɛŋ／ʑ ǐɛŋ／ʑ jɛŋ／dʑ iæŋ／ź jäng／ʑ ǐɛŋ
随唐音：「仁」ȵʑ i̯ĕn／ɽ ǐěn／ȵ jen／ȵ iɪn／ńź jĕn／nʑ ǐen
随唐音：「慶」kʰ i̯ɐŋ／kʰ ǐɐŋ／kʰ jɐŋ／kʰ iaŋ／kh jɐng／kʰ ǐuaŋ
随唐音：「原」ŋ i̯wɐn／ŋ ǐwɐn／ŋ juɐn／ŋ iuɑn／ng jwɐn／ŋ ǐuɐn","アイヌ語：「売召忽（県）」＝「ム・アィ・テュ・アゥ・ムィ・アッ(mu-ay-tu-aw-muy-at)」＝「ふさがっている・矢、カジキマグロの顎（のように鋭い峰）・峰の・角、枝分かれの・頂が・たくさんある（ところ）」
アイヌ語：「弥鄒忽（県）」＝「ムィ・エ・エン・テュク・ムィ・アッ(muy-e-en-tuk-muy-at)」＝「頭、頂が・そこで・突き出ている・小山の・頂が・たくさんある（ところ）」
アイヌ語：「邵城（県）」＝「テュ・エ・エン・テュ・エ・エン(tu-e-en-tu-e-en)」＝「峰が・そこで・突き出ている（ところ）・峰が・そこで・突き出ている（ところ）」※たくさん峰が突き出ているところ。
アイヌ語：「仁（州）」
＝「ニ・エ・エン(ni-e-en)」＝「棒（のような細長い峰）が・そこで・突き出ている（ところ）」
or「ニ・テュ・エ・エン(ni-tu-e-en)」＝「棒の（ような細長い）・峰、岬が・そこで・突き出ている（ところ）」
アイヌ語：「慶原」＝「キル・アゥ・ウン・キル・アゥ・ウン(kir-aw-un-kir-aw-un)」＝「山脚の・角、枝分かれ・にある（ところ）・山脚の・角、枝分かれ・にある（ところ）」※たくさんの枝分かれた山脚。","jomon2_bnum65.html"
"漢州","獐口郡","京畿道 安山市","獐口郡","獐項口県（or弥鄒忽県）／獐項口県","安山県","上古音：「獐」ȶ i̯aŋ／- -／- -／- -／- -
上古音：「項」ɡʰ ŭŋ／ɣ eɔŋ／ɣ uŋ／ɡ rewŋ／g rungx
上古音：「口」kʰ u／kʰ ɔ／kʰ ûɡ／kʰ ew／kh ugx
随唐音：「獐」tɕ i̯aŋ／tɕ ǐaŋ／tɕ jɑŋ／tɕ iɑŋ／tś jang／tɕ ǐɑŋ
随唐音：「口」kʰ ə̯u／kʰ əu／kʰ u／kʰ əu／kh ə̆u／kʰ ou
随唐音：「安」ʔ ɑn／0 ɑn／ʔ ɑn／ʔ ɑn／· ân／ʔ ɑn
随唐音：「山」ʂ ăn／ʃ æn／ʃ æn／ʂ æn／ṣ ăn／ʃ ɐn","アイヌ語：「獐項口（県）」＝「テュ・アゥ・ウン・キル・ウン・ケゥ(tu-aw-un-kir-un-kew)」＝「峰の・角、枝分かれ・にある・山脚・にある・死体（墳墓）」
アイヌ語：「獐口（郡）」＝「テュ・アゥ・ウン・ケゥ(tu-aw-un-kew)」＝「峰の・角、枝分かれ・にある・死体（墓）」
アイヌ語：「安山（県）」＝「アゥ・ウン・シル・エ・エン(aw-un-sir-e-en)」＝「角、枝分かれ・にある・山が・そこで・突き出ている（ところ）」","jomon2_bnum65.html"
"漢州","長堤郡","仁川広域市 富平区 富平洞","長堤郡","主夫吐郡","樹州","上古音：「主」ȶ i̯u／ȶ ǐwɔ／ȶ juɡ／t jew／t jugx
上古音：「夫」bʰ i̯wo／b ǐwa／bʰ juaɡ／b jwaɣ／b jag
上古音：「夫」p i̯wo／p ǐwa／p juaɡ／p jwaɣ／p jag
上古音：「吐」tʰ o／tʰ a／tʰ ɑɡ／tʰ aɣ／th agx
随唐音：「長」ȡʰ i̯aŋ／ȡ ǐaŋ／ȡʰ jɑŋ／ɖ iɑŋ／ḍ jang／ȡʰ ǐɑŋ
随唐音：「長」ȶ i̯aŋ／ȶ ǐaŋ／ȶ jɑŋ／ʈ iɑŋ／ṭ jang／ȶ ǐɑŋ
随唐音：「堤」- -／ʑ ǐe／ʑ je／dʑ iɪ／ź jĕ／ʑ ǐɛ
随唐音：「堤」- -／t iei／t iɛi／t iɛi／t iei／t iei
随唐音：「樹」ʑ i̯u／ʑ ǐu／ʑ juo／dʑ iuo／ź ju／ʑ ǐu","アイヌ語：「主夫吐（郡）」＝「テュ・ウン・ピル・アゥ・ウン・テュ・アゥ・ウン(tu-un-pir-aw-un-tu-aw-un)」＝「峰・にある・傷の（ように切り刻まれた）・角、枝分かれ・にある（ところ）・峰の・角、枝分かれ・にある（ところ）」
アイヌ語：「長堤（郡）」
＝「テュ・アゥ・ウン・テュ・エ・エン(tu-aw-un-tu-e-en)」＝「峰の・角、枝分かれ・にある・峰が・そこで・突き出ている（ところ）」
アイヌ語：「樹（州）」＝「テュ・オ(tu-o)」＝「峰が・たくさんある（ところ）」","jomon2_bnum65.html"
"漢州","戌城県","京畿道 金浦市 大串面","戌城県","首尒忽県","守安県","上古音：「首」ɕ／ɕ ǐu／ç jŏɡ／stʰ jəw／h rjəgwx
上古音：「尒」- -／- -／ȵ jer／n jie／n jidx
上古音：「忽」xm wət／h uət／m̥ uə̂t／xm wət／hm ət
随唐音：「戌」s i̯uĕt／s ǐuět／s juet／s iuɪt／s juĕt／s ǐuet
随唐音：「城」ʑ i̯ɛŋ／ʑ ǐɛŋ／ʑ jɛŋ／dʑ iæŋ／ź jäng／ʑ ǐɛŋ
随唐音：「守」ɕ i̯ə̯u／ɕ ǐəu／ɕ ju／ɕ iəu／ś jə̆u／ɕ ǐou
随唐音：「安」ʔ ɑn／0 ɑn／ʔ ɑn／ʔ ɑn／· ân／ʔ ɑn","アイヌ語：「首尒忽（県）」＝「シル・ニ・エ・エン・ムィ・アッ(sir-ni-e-en-muy-at)」＝「山の・棒（のように細長い峰）が・そこで・突き出ている・頂が・たくさんある（ところ）」
アイヌ語：「戌城（県）」＝「シル・エ・アッ・テュ・エ・エン(sir-e-at-tu-e-en)」＝「山の・頭が・たくさんある・峰が・そこで・突き出ている（ところ）」
アイヌ語：「守安（県）」＝「シル・アゥ・アン(sir-aw-an)」＝「山の・角、枝分かれ・がある（ところ）」","jomon2_bnum65.html"
"漢州","金浦県","京畿道 金浦市","金浦県","黔浦県","金浦県","上古音：「黔」ɡʰ i̯æm／g ǐəm／ɡʰ jɐm／ɡ iam／g jiəm
上古音：「浦」pʰ wo／pʰ ua／pʰ uɑɡ／pʰ waɣ／ph agx
随唐音：「金」k i̯əm／k ǐěm／k jem／k iem／k jəm／k ǐəm
随唐音：「浦」pʰ uo／pʰ u／pʰ uo／pʰ uo／ph uo／pʰ u","アイヌ語：「黔浦（県）」
＝「キル・アム・プ・アゥ・ウン(kir-am-pu-aw-un)」＝「山脚の・爪の・倉の（屋根のような三角山の）・角、枝分かれ・にある（ところ）」
or「キル・アム・プ・アク(kir-am-pu-ak)」＝「山脚の・爪の・倉の（屋根のような三角山の）・弟（のように小さい峰）、矢を射る（ところ）」
アイヌ語：「金浦（県）」＝「キル・アム・プ・オ(kir-am-pu-o)」＝「山脚の・爪の・倉（の屋根のような三角山）が・たくさんある（ところ）」","jomon2_bnum65.html"
"漢州","童城県","京畿道 金浦市 霞城面","童城県","童子忽県（or㠉山県）／童子忽県／㠉山県","童城県","上古音：「童」dʰ uŋ／d ɔŋ／dʰ ûŋ／d ewŋ／d ung
上古音：「子」ts i̯əɡ／ts ǐə／ts jəɡ／ts jiəɣ／ts jəgx
上古音：「忽」xm wət／h uət／m̥ uə̂t／xm wət／hm ət
上古音：「山」s ăn／ʃ ean／- -／s rian／s rian
随唐音：「童」dʰ uŋ／d uŋ／dʰ uŋ／d uŋ／d ung／dʰ oŋ
随唐音：「城」ʑ i̯ɛŋ／ʑ ǐɛŋ／ʑ jɛŋ／dʑ iæŋ／ź jäng／ʑ ǐɛŋ","アイヌ語：「童子忽（県）」＝「テュ・ウン・テュ・イク・ムィ・アッ(tu-un-tu-ik-muy-at)」＝「峰・にある・峰の・関節の（ように曲がった）・頂が・たくさんある（ところ）」
アイヌ語：「㠉山（県）」＝「テュ・ウン・シル・エ・エン(tu-un-sir-e-en)」＝「峰・にある・山が・そこで・突き出ている（ところ）」
アイヌ語：「童城（県）」＝「テュ・ウン・テュ・エ・エン(tu-un-tu-e-en)」＝「峰・にある・峰が・そこで・突き出ている（ところ）」","jomon2_bnum65.html"
"漢州","分津県","京畿道 金浦市 通津邑","分津県","乎唯押県","通津県","上古音：「乎」ɡʰ o／ɣ a／ɣ uɑɡ／ɡ aɣ／g ag
上古音：「唯」d i̯wər／ʎ ǐwəi／d juəd／r iwər／r əd
上古音：「押」ʔ ap／0 eap／- -／ʔ rap／- -
随唐音：「分」p i̯uən／p ǐuən／p juən／p iuən／p juən／pf ǐuən
随唐音：「分」bʰ i̯uən／b ǐuən／bʰ juən／b iuən／b juən／bvʰ ǐuən
随唐音：「津」ts i̯ĕn／ts ǐěn／ts jen／ts iɪn／ts jĕn／ts ǐen
随唐音：「通」tʰ uŋ／tʰ uŋ／tʰ uŋ／tʰ uŋ／th ung／tʰ oŋ","アイヌ語：「乎唯押（県）」
＝「キル・アゥ・ウン・テュ・エ(kir-aw-un-tu-e)・エン（(en)・イ）(i)・アプ(ap)」＝「山脚の・角、枝分かれ・にある・峰が・そこで・突き出ている（・その）・釣り針（のような形のもの）」
or「キル・アク・テュ・エ(kir-ak-tu-e)・エン（(en)・イ）(i)・アプ(ap)」＝「山脚の・弟の（ように小さい）or矢を射る・峰が・そこで・突き出ている（・その）・釣り針（のような形のもの）」
or「キル・アゥ・ウン・イ・エ・エン・イ・アプ(kir-aw-un-i-e-en-i-ap)」＝「山脚の・角、枝分かれ・にある・それが・そこで・突き出ている・その・釣り針（のような形のもの）」
or「キル・アク・イ・エ・エン・イ・アプ(kir-ak-i-e-en-i-ap)」＝「山脚の・弟の（ように小さい）or矢を射る・それが・そこで・突き出ている・その・釣り針（のような形のもの）」
アイヌ語：「分津（県）」＝「ピル・エ・エン・テュ・エ・エン(pir-e-en-tu-e-en)」＝「傷（のように切り刻まれたもの）が・そこで・突き出ている（ところ）・峰が・そこで・突き出ている（ところ）」
アイヌ語：「通津（県）」＝「テュ・ウン・テュ・エ・エン(tu-un-tu-e-en)」＝「峰・にある・峰が・そこで・突き出ている（ところ）」","jomon2_bnum65.html"
"漢州","漢陽郡","ソウル特別市広津区峨嵯山城周辺","漢陽郡","北漢山郡（〔南〕平壌）／南平壌／北漢山郡／（南）平壌","楊州","上古音：「北」p ək／p ək／p uə̂k／p wək／p ək
上古音：「漢」x ɑn／h an／x ɑn／x an／h anh
上古音：「山」s ăn／ʃ ean／- -／s rian／s rian
上古音：「南」n əm／n əm／n ə̂m／n əm／n əm
上古音：「平」bʰ i̯ĕŋ／b ǐeŋ／bʰ jĕŋ／b ieŋ／b jing
上古音：「壌」ȵʑ i̯aŋ／ɽ ǐaŋ／ȵ jɑŋ／ȵ iɑŋ／ńź jang／n ǐɑŋ
随唐音：「漢」x ɑn／h ɑn／x ɑn／x ɑn／x ân／x ɑn
随唐音：「陽」0 i̯aŋ／j ǐaŋ／0 jɑŋ／0 iɑŋ／ji ang／0 ǐɑŋ
随唐音：「楊」0 i̯aŋ／j ǐaŋ／0 jɑŋ／0 iɑŋ／ji ang／0 ǐɑŋ","アイヌ語：「北漢山（郡）」＝
「プ・アク・ホ・アゥ・ウン・シル・エ・エン(pu-ak-ho-aw-un-sir-e-en)」＝「倉の（屋根のような三角山）の・弟（のように小さい）or矢を射る・山尻の・角、枝分かれ・にある・山が・そこで・突き出ている（ところ）」
アイヌ語：「（南）平壌」＝「（ナン(nan)・）ピ・エ・エン・ニ・アゥ・ウン(pi-e-en-ni-aw-un)」＝「（斜面の・）石が・そこで・突き出ている（ところ）・棒の（ような細長い峰の）・角、枝分かれ・にある（ところ）」
アイヌ語：「漢陽（郡）」
＝「ホ・アゥ・ウン・イ・アゥ・ウン(ho-aw-un-i-aw-un)」＝「山裾の・角、枝分かれ・にある（ところ）・その・角、枝分かれ・にある（ところ）」
アイヌ語：「楊（州）」＝「イ・アゥ・ウン(i-aw-un)」＝「その・角、枝分かれ・にある（ところ）」","jomon2_bnum65.html"
"漢州","荒壌県","京畿道 南楊州市 榛接邑","荒壌県","骨衣奴県","通津県／豊壌県","上古音：「骨」k wət／k uət／k uə̂t／k wət／kw ət
上古音：「衣」ʔ i̯ər／0 ǐəi／ʔ jə̆d／ʔ jər／· jəd
上古音：「奴」n o／n a／n ɑɡ／n aɣ／n ag
随唐音：「荒」x wɑŋ／h uɑŋ／x uɑŋ／x uɑn／x wâng／x uɑŋ
随唐音：「壌」ȵʑ i̯aŋ／ɽ ǐaŋ／ȵ jɑŋ／ȵ iɑŋ／ńź jang／n ǐɑŋ
随唐音：「豐」pʰ i̯uŋ／pʰ ǐuŋ／pʰ juŋ／pʰ iuŋ／ph jung／pfʰ ǐoŋ","アイヌ語：「骨衣奴（県）」＝「ク・アッ・イ・エ・エン・ナン(ku-at-i-e-en-nan)」＝「矢（先のような形の峰）が・たくさんある・それが・そこで・突き出ている・斜面、山肌」
アイヌ語：「荒壌（県）」
＝「ホ・アゥ・ウン・ニ・アゥ・ウン(ho-aw-un-ni-aw-un)」＝「山裾の・角、枝分かれ・にある・棒の（ように細長い峰の）・角、枝分かれ・にある（ところ）」
or「ホ・アゥ・ウン・ニ・テュ・アゥ・ウン(ho-aw-un-ni-tu-aw-un)」＝「山裾の・角、枝分かれ・にある・棒の（ように細長い）・峰の・角、枝分かれ・にある（ところ）」
アイヌ語：「豊壌（県）」
＝「ピル・ウン・ニ・アゥ・ウン(pir-un-ni-aw-un)」＝「傷（のような切り刻まれたもの）・にある・棒の（ように細長い峰の）・角、枝分かれ・にある（ところ）」
or「ピル・ウン・ニ・テュ・アゥ・ウン(pir-un-ni-tu-aw-un)」＝「傷（のような切り刻まれたもの）・にある・棒の（ように細長い）・峰の・角、枝分かれ・にある（ところ）」","jomon2_bnum65.html"
"漢州","遇王県","京畿道 高陽市 徳陽区","遇王県","皆伯県","幸州","上古音：「皆」k ær／k ei／k ed／k rer／k rid
上古音：「伯」p ăk／p eak／p uăk／p rwak／p rak
随唐音：「遇」ŋ i̯u／ŋ ǐu／ŋ juo／ŋ iuo／ng ju／ŋ ǐu
随唐音：「王」j i̯waŋ／ɣ ǐwaŋ／ɣ juɑŋ／j iuɑŋ／j wang／j ǐuɑŋ
随唐音：「幸」ɣ æŋ／ɣ æŋ／ɣ æŋ／ɣ æŋ／ɣ ɛng／ɣ æŋ","アイヌ語：「皆伯（県）」
＝「ク・エ・エン・パ・アク(ku-e-en-pa-ak)」＝「矢（先のような形の峰）が・そこで・突き出ている・岬の・弟（のように小さい峰）or矢を射る（ところ）」
or「ク・エ・エン・プ・アク(ku-e-en-pu-ak)」＝「矢（先のような形の峰）が・そこで・突き出ている・倉の（屋根のような三角山の）・弟（のように小さい峰）or矢を射る（ところ）」
アイヌ語：「遇王（県）」
＝「キル・オ・イ・アゥ・ウン(kir-o-i-aw-un)」＝「山脚が・たくさんある・その・角、枝分かれ・にある（ところ）」
or「キル・オ・キル・アゥ・ウン(kir-o-kir-aw-un)」＝「山脚が・たくさんある・山脚の・角、枝分かれ・にある（ところ）」
アイヌ語：「幸（州）」＝「キル・エ・エン(kir-e-en)」＝「山脚が・そこで・突き出ている（ところ）」","jomon2_bnum65.html"
"漢州","來蘇郡","京畿道 議政府市","來蘇郡","買省郡","見州","上古音：「買」- -／m e／m eɡ／m reɣ／m rigx
上古音：「省」ʂ i̯ĕŋ／ʃ eŋ／s eŋ／s reŋ／s ringx
随唐音：「來」l ɑ̆i／l ɒi／l Ai／l əi／l ậi／l əi
随唐音：「蘇」s uo／s u／s uo／s uo／s uo／s u
随唐音：「見」k ien／k ien／k iɛn／k iɛn／k ien／k ien
随唐音：「見」ɣ ien／ɣ ien／ɣ iɛn／ɣ iɛn／ɣ ien／ɣ ien","アイヌ語：「買省（郡）」
＝「メク・シル・エ・エン(mek-sir-e-en)」＝「背筋の（ように長く伸びた）・山が・そこで・突き出ている（ところ）」
アイヌ語：「來蘇（郡）」
＝「ラィ・シル・オ(ray-sir-o)」＝「死んでいる・山が・たくさんある（ところ）」※植物の生えない岩山。
アイヌ語：「見（州）」＝「キル・エ・エン(kir-e-en)」＝「山脚が・そこで・突き出ている（ところ）」","jomon2_bnum65.html"
"漢州","重城県","京畿道 坡州市 積城面","重城県","七重県（or難隱別）／七重県／難隱別","積城県","上古音：「七」tsʰ i̯ĕt／tsʰ ǐet／tsʰ jet／tsʰ jiet／tsh jit
上古音：「重」dʰ i̯uŋ／d ǐwɔŋ／dʰ juŋ／d iewŋ／d rjung
上古音：「難」n ɑn／n an／n ɑn／n an／n an
上古音：「隱」i̯ən／0 iən／ʔ jə̆n／ʔ jən／· jənx
上古音：「別」bʰ i̯at／b ǐat／bʰ juat／b iwat／b jiat
上古音：「別」p i̯at／p ǐat／p juat／p iwat／p jiat
随唐音：「重」ȡʰ i̯woŋ／ȡ ǐwoŋ／ȡʰ juoŋ／ɖ iuoŋ／ḍ jwong／ȡʰ ǐuŋ
随唐音：「城」ʑ i̯ɛŋ／ʑ ǐɛŋ／ʑ jɛŋ／dʑ iæŋ／ź jäng／ʑ ǐɛŋ
随唐音：「積」ts ie̯ ／ts ǐe／ts je／ts iɪ／ts jĕ／ts ǐɛ
随唐音：「積」ts i̯ɛk／ts ǐɛk／ts jɛk／ts iæk／ts jäk／ts ǐɛk","アイヌ語：「七重（県）」＝「テュ・エ・アッ・テュ・ウン(tu-e-at-tu-un)」＝「峰の・頭が・たくさんある・峰・にある（ところ）」
アイヌ語：「七重（県）」＝「ナン・イ・エ・エン・ピル・アッ(nan-i-e-en-pir-at)」＝「斜面・それが・そこで・突き出ている・傷（のように切り刻まれた峰）が・たくさんある（ところ）」
アイヌ語：「重城（県）」＝「テュ・アゥ・ウン・テュ・エ・エン(tu-aw-un-tu-e-en)」＝「峰の・角、枝分かれ・にある・峰が・そこで・突き出ている（ところ）」
アイヌ語：「積城（県）」＝「テュ・エ・テュ・エ・エン(tu-e-tu-e-en)」＝「峰の・頭・峰の・頭が・突き出ている（ところ）」※たくさんの峰の頭が突き出ているところ。","jomon2_bnum65.html"
"漢州","波平県","京畿道 坡州市","波平県","波害平吏県","波平県","上古音：「波」p wa／p uai／p uɑ／p wa／p ar
上古音：「害」ɡʰ ɑd／ɣ at／- -／ɡ ar／g adh
上古音：「平」bʰ i̯ĕŋ／b ǐeŋ／bʰ jĕŋ／b ieŋ／b jing
上古音：「吏」l i̯əɡ／l ǐə／l jəɡ／l iəɣ／l jəgh
随唐音：「波」p uɑ／p uɑ／p uɑ／p uɑ／p uâ／p uɑ
随唐音：「平」bʰ i̯wɐŋ／b ǐɐŋ／bʰ jɐŋ／b iaŋ／b jɐng／bʰ ǐaŋ","アイヌ語：「波害平吏（県）」
＝「プ・アゥ・キル・アッ・ピ・エ・エン・リ・アク(pu-aw-kir-at-pi-e-en-ri-ak)」＝「倉の（屋根のような三角山の）・角、枝分かれの・山脚が・たくさんある・石が・そこで・突き出ている・高い・弟（のように小さい峰）or矢を射る（ところ）」
アイヌ語：「波平（県）」＝「プ・アゥ・ピ・アゥ・ウン(pu-aw-pi-aw-un)」＝「倉の（屋根のような三角山の）・角、枝分かれの・石の・角、枝分かれ・がある（ところ）」","jomon2_bnum65.html"
"漢州","交河郡","京畿道 坡州市 交河洞","交河郡","泉井口郡","交河郡","上古音：「泉」dzʰ i̯wan／d ǐwan／dzʰ juæn／dz jiwan／dz juan
上古音：「井」- -／ts ǐeŋ／ts jeŋ／ts jieŋ／ts jingx
上古音：「口」kʰ u／kʰ ɔ／kʰ ûɡ／kʰ ew／kh ugx
随唐音：「交」k au／k au／k au／k au／k au／k ɔu
随唐音：「河」ɣ ɑ／ɣ ɑ／ɣ ɑ／ɣ ɑ／ɣ â／ɣ ɑ","アイヌ語：「泉井口（郡）」＝「テュ・ワ・アン・チゥ・エ・エン・ケゥ(tu-wa-an-ciw-e-en-kew)」＝「峰・に・ある・水流が・そこで・突き出ている・骨（墳墓）」
アイヌ語：「交河（郡）」
＝「ク・アゥ・キル・アゥ(ku-aw-kir-aw)」＝「矢（先のような形）の・角、枝分かれ・山脚の・角、枝分かれ」","jomon2_bnum65.html"
"漢州","峯城県","京畿道 坡州市 坡州邑 坡州里","峯城県","述尒忽県","峯城県","上古音：「述」i̯wət／ȡ ǐwət／ȡʰ juət／zd jiwət／d jət
上古音：「尒」- -／- -／ȵ jer／n jie／n jidx
上古音：「忽」xm wət／h uət／m̥ uə̂t／xm wət／hm ət
随唐音：「峯」- -／pʰ ǐwoŋ／pʰ juoŋ／pʰ iuoŋ／ph jwong／pfʰ ǐuŋ
随唐音：「城」ʑ i̯ɛŋ／ʑ ǐɛŋ／ʑ jɛŋ／dʑ iæŋ／ź jäng／ʑ ǐɛŋ","アイヌ語：「述尒忽（県）」＝「テュ・アッ・ニ・エ・エン・ムィ・アッ(tu-at-ni-e-en-muy-at)」＝「峰が・たくさんある・棒の（ように細長い峰）が・そこで・突き出ている・頂が・たくさんある（ところ）」
アイヌ語：「峯城（県）」＝「ピル・アゥ・ウン・テュ・エ・エン(pir-aw-un-tu-e-en)」＝「傷の（ように切り刻まれた峰の）・角、枝分かれ・にある・峰が・そこで・突き出ている（ところ）」","jomon2_bnum65.html"
"漢州","高烽県","京畿道 高陽市 徳陽区 元堂洞","高烽県","達乙省県","高烽県","上古音：「達」tʰ ɑt／- -／tʰ ɑt／- -／th at
上古音：「達」dʰ ɑt／d at／dʰ ɑt／d at／d at
上古音：「乙」ʔ i̯æt／0 ǐet／ʔ jət／ʔ iət／· jət
上古音：「省」ʂ i̯ĕŋ／ʃ eŋ／s eŋ／s reŋ／s ringx
随唐音：「高」k ɑu／k ɑu／k ɑu／k ɑu／k âu／k ɑu
随唐音：「烽」pʰ i̯woŋ／pʰ ǐwoŋ／pʰ juoŋ／pʰ iuoŋ／ph jwong／pfʰ ǐuŋ","アイヌ語：「達乙省（県）」＝「テュ・アッ・イ・アッ・シル・エ・エン(tu-at-i-at-sir-e-en)」＝「峰が・たくさんある・それが・たくさんある・山が・そこで・突き出ている（ところ）」
アイヌ語：「高烽（県）」＝「ク・アゥ・ピル・アゥ・ウン(ku-aw-pir-aw-un)」＝「矢（先のような形）の・角、枝分かれの・傷の（ように切り刻まれた峰の）・角、枝分かれ・にある（ところ）」","jomon2_bnum65.html"
"漢州","堅城郡","京畿道 抱川市","堅城郡","馬忽郡","堅城郡／抱州","上古音：「馬」m ɔ／m ea／m uăɡ／m rwaɣ／m ragx
上古音：「忽」xm wət／h uət／m̥ uə̂t／xm wət／hm ət
随唐音：「堅」k ien／k ien／k iɛn／k iɛn／k ien／k ien
随唐音：「城」ʑ i̯ɛŋ／ʑ ǐɛŋ／ʑ jɛŋ／dʑ iæŋ／ź jäng／ʑ ǐɛŋ
随唐音：「抱」bʰ ɑu／b ɑu／bʰ ɑu／b ɑu／b âu／bʰ ɑu","アイヌ語：「馬忽（郡）」
＝「ム・アク・ムィ・アッ(mu-ak-muy-at)」＝「ふさがっている・弟の（ように小さい）or矢を射る・頂が・たくさんある（ところ）」
アイヌ語：「堅城（郡）」
＝「キル・エ・エン・テュ・エ・エン(kir-e-en-tu-e-en)」＝「山脚が・そこで・突き出ている（ところ）・峰が・そこで・突き出ている（ところ）」
アイヌ語：「抱（州）」
＝「パ・アゥ(pa-aw)」＝「頭、岬の・角、枝分かれ」","jomon2_bnum65.html"
"漢州","沙川県","京畿道 楊州市 檜岩洞","沙川県","内乙買県","沙川県","上古音：「内」n wəd／n uəi／n uə̂b,n uə̂d／n wər／n əbh
上古音：「乙」ʔ i̯æt／0 ǐet／ʔ jət／ʔ iət／· jət
上古音：「買」- -／m e／m eɡ／m reɣ／m rigx
随唐音：「沙」ʂ a／ʃ a／ʃ a／ʂ a／ṣ a／ʃ a
随唐音：「川」tɕʰ i̯wɛn／tɕʰ ǐwɛn／tɕʰ juæn／tɕʰ iuæn／tśh jwän／tɕʰ ǐuɛn","アイヌ語：「内乙買（県）」
＝「ニ・アゥ・アッ・イ・アッ・メク(ni-aw-at-i-at-mek)」＝「棒の（ような峰の）・角、枝分かれが・たくさんある・それが・たくさんある・尾根」
アイヌ語：「沙川（県）」＝「シル・アゥ・テュ・エ・エン(sir-aw-tu-e-en)」＝「山の・角、枝分かれの・峰が・そこで・突き出ている（ところ）」","jomon2_bnum65.html"
"漢州","洞陰県","京畿道 抱川市 永中面 永平里","洞陰県","梁骨県","洞陰県","上古音：「梁」l i̯aŋ／l ǐaŋ／l jaŋ／l iaŋ／l jang
上古音：「骨」k wət／k uət／k uə̂t／k wət／kw ət
随唐音：「洞」dʰ uŋ／d uŋ／dʰ uŋ／d uŋ／d ung／dʰ oŋ
随唐音：「陰」ʔ i̯əm／0 ǐěm／ʔ jĕm／ʔ iem／· jəm／ʔ ǐəm","アイヌ語：「梁骨（県）」＝「リ・アゥ・ウン・ク・アッ(ri-aw-un-ku-at)」＝「高い・角、枝分かれ・にある・矢（先のような形の峰）が・たくさんある（ところ）」
アイヌ語：「洞陰（県）」＝「テュ・ウン・イ・アム(tu-un-i-am)」＝「峰・にある・その・爪（のような平べったい峰先）」","jomon2_bnum65.html"
"漢州","鐵城郡","江原特別自治道 鉄原郡 鉄原邑","鐵城郡","鐵圓郡","交河郡／東州","上古音：「鐵」- -／tʰ iet／tʰ iet／tʰ et／th it
上古音：「圓」ɡ i̯wan／ɣ ǐwə／- -／ɣ iwan／- -
随唐音：「鐵」tʰ iet／tʰ iet／tʰ iɛt／tʰ iɛt／th iet／tʰ iet
随唐音：「城」ʑ i̯ɛŋ／ʑ ǐɛŋ／ʑ jɛŋ／dʑ iæŋ／ź jäng／ʑ ǐɛŋ
随唐音：「東」t uŋ／t uŋ／t uŋ／t uŋ／t ung／t oŋ","アイヌ語：「鐵圓（郡）」
＝「チッ・キル・ワ・アン(cit-kir-wa-an)」＝「膣の（ような袋状の）・山脚・に・ある（ところ）」※両脇に峰が伸びる谷。
アイヌ語：「鐵城（郡）」＝「チッ・テュ・エ・エン(cit-tu-e-en)」＝「膣の（ような袋状の）・峰が・そこで・突き出ている（ところ）」
アイヌ語：「東（州）」
＝「テュ・ウン(tu-un)」＝「峰・にある（ところ）」","jomon2_bnum65.html"
"漢州","㠉梁県","京畿道 漣川郡 中面","㠉梁県","僧梁県","僧嶺県","上古音：「僧」- -／s əŋ／- -／- -／- -
上古音：「梁」l i̯aŋ／l ǐaŋ／l jaŋ／l iaŋ／l jang
随唐音：「童」dʰ uŋ／d uŋ／dʰ uŋ／d uŋ／d ung／dʰ oŋ
随唐音：「梁」l i̯aŋ／l ǐaŋ／l jɑŋ／l iɑŋ／l jang／l ǐɑŋ
随唐音：「僧」- -／s əŋ／s əŋ／s əŋ／s əng／s əŋ
随唐音：「嶺」- -／l ǐɛŋ／l jɛŋ／l iæŋ／l jäng／l ǐɛŋ","アイヌ語：「僧梁（県）」＝「サン・リ・アゥ・ウン(san-ri-aw-un)」＝「前にある・高い・角、枝分かれ・にある（ところ）」
アイヌ語：「㠉梁（県）」＝「テュン・リ・アゥ・ウン(tun-ri-aw-un)」＝「山間の・高い・角、枝分かれ・にある（ところ）」
アイヌ語：「僧嶺（県）」＝「サン・リ・アゥ・ウン(san-ri-aw-un)」＝「前にある・高い・角、枝分かれ・にある（ところ）」","jomon2_bnum65.html"
"漢州","功成県","京畿道 漣川郡 漣川邑","功成県","功木達県","獐州","上古音：「功」k uŋ／k ɔŋ／k ûŋ／k ewŋ／k ung
上古音：「木」m uk／m ɔk／m ûk／m ewk／m uk／m uk
上古音：「達」tʰ ɑt／- -／tʰ ɑt／- -／th at
上古音：「達」dʰ ɑt／d at／dʰ ɑt／d at／d at
随唐音：「功」k uŋ／k uŋ／k uŋ／k uŋ／k ung／k oŋ
随唐音：「成」ʑ i̯ɛŋ／ʑ ǐɛŋ／ʑ jɛŋ／dʑ iæŋ／ź jäng／ʑ ǐɛŋ
随唐音：「獐」tɕ i̯aŋ／tɕ ǐaŋ／tɕ jɑŋ／tɕ iɑŋ／tś jang／tɕ ǐɑŋ","アイヌ語：「功木達（県）」
＝「ク・ウン・ムク・テュ・アッ(ku-un-muk-tu-at)」＝「矢（先のような形の峰）・にある・ふさがっている・峰が・たくさんある（ところ）」
アイヌ語：「功成（県）」＝「ク・ウン・テュ・エ・エン(ku-un-tu-e-en)」＝「矢（先のような形の峰）・にある・峰が・そこで・突き出ている（ところ）」
アイヌ語：「獐（州）」＝「テュ・アゥ・ウン(tu-aw-un)」＝「峰の・角、枝分かれ・にある（ところ）」","jomon2_bnum65.html"
"漢州","富平郡","江原特別自治道 鉄原郡 金化邑","富平郡","夫如郡","金化郡／金化県","上古音：「夫」bʰ i̯wo／b ǐwa／bʰ juaɡ／b jwaɣ／b jag
上古音：「夫」p i̯wo／p ǐwa／p juaɡ／p jwaɣ／p jag
上古音：「如」ȵ i̯o／ȵ ǐa／ȵ jaɡ／n jaɣ／n jag
随唐音：「富」p i̯ə̯u／p ǐəu／p ju／p iəu／p jə̆u／pf ǐou
随唐音：「平」bʰ i̯wɐŋ／b ǐɐŋ／bʰ jɐŋ／b iaŋ／b jɐng／bʰ ǐaŋ
随唐音：「金」k i̯əm／k ǐěm／k jem／k iem／k jəm／k ǐəm
随唐音：「化」x wa／h wa／x ua／x ua／x wa／x ua","アイヌ語：「夫如（郡）」
＝「ピル・アゥ・ウン・ニ・アゥ・ウン(pir-aw-un-ni-aw-un)」＝「傷の（ように切り刻まれた峰の）・角、枝分かれ・にある（ところ）・棒の（ような峰の）・角、枝分かれ・にある（ところ）」
アイヌ語：「富平（郡）」＝「ピル・アゥ・ウン・ピル・アゥ・ウン(pir-aw-un-pir-aw-un)」＝「傷の（ように切り刻まれた峰の）・角、枝分かれ・にある（ところ）・傷の（ように切り刻まれた峰の）・角、枝分かれ・にある（ところ）」
アイヌ語：「金化（県）」 ＝「キル・アム・ホ・アゥ(kir-am-ho-aw)」＝「山脚の・爪の・山尻の・角、枝分かれ」","jomon2_bnum65.html"
"漢州","廣平県","北朝鮮江原道平康郡","廣平県","斧壌県（or於斯内）／斧壌県／於斯内","平康県","上古音：「斧」p i̯wo／p ǐwa／p juaɡ／p jwaɣ／p jagx
上古音：「壌」ȵʑ i̯aŋ／ɽ ǐaŋ／ȵ jɑŋ／ȵ iɑŋ／ńź jang／n ǐɑŋ
上古音：「於」ʔ i̯o／0 ǐa／ʔ jaɡ／ʔ jaɣ／· jag
上古音：「斯」s i̯ĕɡ／s ǐe／s jeɡ／s jieɣ／s jig
上古音：「内」n wəd／n uəi／n uə̂b,n uə̂d／n wər／n əbh
随唐音：「廣」k wɑŋ／k uɑŋ／k uɑŋ／k uɑŋ／k wâng／k ɑŋ
随唐音：「平」bʰ i̯wɐŋ／b ǐɐŋ／bʰ jɐŋ／b iaŋ／b jɐng／bʰ ǐaŋ
随唐音：「康」kʰ ɑŋ／kʰ aŋ／kʰ ɑŋ／kʰ aŋ／kh ang","アイヌ語：「斧壌（県）」
＝「ピ・アゥ・ウン(pi-aw-un)・二・アゥ・ウン(aw-un)」＝「石の・角、枝分かれ・にある・棒の（ように細長い）・角、枝分かれ・にある（ところ）」
アイヌ語：「於斯内（県）」＝「イェ・アゥ・ウン・シル・エ・エン・ニ・アゥ・アッ(ye-aw-un-sir-e-en-ni-aw-at)」＝「石、岩の・角、枝分かれ・にある・山が・そこで・突き出ている・棒の（ように細長い）・角、枝分かれが・たくさんある（ところ）」
アイヌ語：「廣平（県）」＝「ク・アゥ・ウン・ピ・アゥ・ウン(ku-aw-un-pi-aw-un)」＝「矢（先のような形）の・角、枝分かれ・にある・石の・角、枝分かれ・にある（ところ）」
アイヌ語：「平康（県）」＝「ピ・アゥ・ウン・ク・アゥ・ウン(pi-aw-un-ku-aw-un)」＝「石の・角、枝分かれ・にある・矢（先のような形）の・角、枝分かれ・にある（ところ）」","jomon2_bnum65.html"
"漢州","兎山郡","北朝鮮黄海北道兎山郡","兎山郡","烏斯含達郡","兎山郡","上古音：「烏」ʔ o／0 a／ʔ ɑɡ／ʔ aɣ／· ag
上古音：「斯」s i̯ĕɡ／s ǐe／s jeɡ／s jieɣ／s jig
上古音：「含」ɡʰ əm／ɣ əm／ɣ ə̂m／ɡ əm／g əm
上古音：「達」tʰ ɑt／- -／tʰ ɑt／- -／th at
上古音：「達」dʰ ɑt／d at／dʰ ɑt／d at／d at
随唐音：「兎」tʰ uo／tʰ u／tʰ uo／tʰ uo／th uo／tʰ u
随唐音：「山」ʂ ăn／ʃ æn／ʃ æn／ʂ æn／ṣ ăn／ʃ ɐn","アイヌ語：「烏斯含達（郡）」
＝「アゥ・シル・エ・エン・キル・アム・テュ・アッ(aw-sir-e-en-kir-am-tu-at)」＝「角、枝分かれた・山が・そこで・突き出ている・山脚の・爪の（ように平べったく鋭い）・峰が・たくさんある（ところ）」
アイヌ語：「兎山（郡）」＝「テュ・オ・シル・エ・エン(tu-o-sir-e-en)」＝「峰が・たくさんある・山が・そこで・突き出ている（ところ）」","jomon2_bnum65.html"
"漢州","安峡県","北朝鮮江原道鉄原郡安峡里","安峡県","阿珍押県","安峡県","上古音：「阿」ʔ ɑ／0 ai／ʔ ɑ／ʔ a／· ar
上古音：「珍」t i̯ən／t ǐen／t jen／t ien／t rjin
上古音：「押」ʔ ap／0 eap／- -／ʔ rap／- -
随唐音：「安」ʔ ɑn／0 ɑn／ʔ ɑn／ʔ ɑn／· ân／ʔ ɑn
随唐音：「峡」- -／ɣ ɐp／ɣ ɐp／ɣ æp／ɣ ăp／ɣ ɐp","アイヌ語：「阿珍押（県）」＝「アゥ・テュ・エ(aw-tu-e)・エン（(en)・イ）(i)・アプ(ap)」＝「枝分かれた・峰が・そこで・突きでている（・その）・釣り針（のように湾曲する川）」
アイヌ語：「安峡（県）」＝「アゥ・ウン・キル・アプ(aw-un-kir-ap)」＝「枝分かれ・にある・山脚の・釣り針（のように湾曲する川）」","jomon2_bnum65.html"
"漢州","朔邑県","北朝鮮の江原道鉄原郡、韓国漣川郡中面の一部","朔邑県","所邑豆県","朔寧県","上古音：「所」ʂ i̯o／ʃ ǐa／s aɡ／s iaɣ／sk rjagx
上古音：「邑」ʔ i̯əp／0 ǐəp／ʔ jəp／ʔ iəp／· jəp
上古音：「豆」dʰ u／d ɔ／dʰ ûɡ／d ew／d ugh
随唐音：「朔」s ɔk／ʃ ɔk／ʃ ɔk／ʂ ok／ṣ åk／ʃ ɔk
随唐音：「邑」ʔ i̯əp／0 ǐěp／ʔ jĕp／ʔ iep／· jəp／ʔ ǐəp
随唐音：「寧」n ieŋ／n ieŋ／n ieŋ／n iɛŋ／n ieng／n ieŋ","アイヌ語：「所邑豆（県）」
＝「シル・アク・イ・アプ・テュク(sir-ak-i-ap-tuk)」＝「山の・弟の（ように小さいもの）or矢を射る・その・釣り針の（ように湾曲した）・小山」
or「シル・アゥ・ウン・イ・アプ・テュ・ウン(sir-aw-un-i-ap-tu-un)」＝「山の・角、枝分かれ・にある・その・釣り針の（ように湾曲した）・峰・にある（ところ）」
アイヌ語：「朔邑（県）」＝「シル・アク・イ・アプ(sir-ak-i-ap)」＝「山の・弟の（ように小さい）or矢を射る・その・釣り針（のように湾曲したもの）」
アイヌ語：「朔寧（県）」＝「シル・アク・ニ・エ・エン(sir-ak-ni-e-en)」＝「山の・弟の（ように小さい）or矢を射る・棒（のように細長い峰）が・そこで・突き出ている（ところ）」","jomon2_bnum65.html"
"漢州","伊川県","北朝鮮江原道伊川郡伊川邑","伊川県","伊珍買県","伊川県","上古音：「伊」ʔ i̯ær／0 ǐei／ʔ jed／ʔ jier／· jid
上古音：「珍」t i̯ən／t ǐen／t jen／t ien／t rjin
上古音：「買」- -／m e／m eɡ／m reɣ／m rigx
随唐音：「伊」ʔ i／0 i／ʔ jei／ʔ iɪi／· i／ʔ ǐe
随唐音：「川」tɕʰ i̯wɛn／tɕʰ ǐwɛn／tɕʰ juæn／tɕʰ iuæn／tśh jwän／tɕʰ ǐuɛn","アイヌ語：「伊珍買（県）」＝「イェ・アッ・テュ・エ・エン・メク(ye-at-tu-e-en-mek)」＝「石、岩が・たくさんある・峰が・そこで・突き出ている・尾根」
アイヌ語：「伊川（県）」＝「イェ・エ・エン・テュ・エ・エン(ye-e-en-tu-e-en)」＝「石、岩が・そこで・突き出ている（ところ）・峰が・そこで・突き出ている（ところ）」","jomon2_bnum65.html"
"漢州","牛峯郡","北朝鮮黄海北道金川郡峴内里","牛峯郡","牛岑郡（or牛嶺or首知衣）／牛岑郡／牛嶺／首知衣","牛峯郡","上古音：「牛」ŋ i̯ŭɡ／ŋ ǐwə／ŋ juə̆ɡ／ŋ jwəɣ／ng jəg
上古音：「岑」- -／dʒ ǐəm／dzʰ əm／dz iəm／dz rjəm
上古音：「嶺」- -／l ǐeŋ／- -／- -／- -
上古音：「首」ɕ／ɕ ǐu／ç jŏɡ／stʰ jəw／h rjəgwx
上古音：「知」t i̯ĕɡ／t ǐe／t jeɡ／t ieɣ／t rig
上古音：「衣」ʔ i̯ər／0 ǐəi／ʔ jə̆d／ʔ jər／· jəd
随唐音：「牛」ŋ i̯ə̯u／ŋ ǐəu／ŋ ju／ŋ iəu／ng jə̆u／ŋ ǐou
随唐音：「峯」- -／pʰ ǐwoŋ／pʰ juoŋ／pʰ iuoŋ／ph jwong／pfʰ ǐuŋ","アイヌ語：「牛岑（郡）」
＝「キル・アク・テュ・イ・アム(kir-ak-tu-i-am)」＝「山脚の・弟の（ように小さい）or矢を射る・峰の・その・爪（のように平べったく鋭いもの）」
or「キル・アゥ・ウン・テュ・イ・アム(kir-aw-un-tu-i-am)」＝「山脚の・角、枝分かれ・にある・峰の・その・爪（のように平べったく鋭いもの）」
アイヌ語：「牛嶺」
＝「キル・アク・リー・エン(kir-ak-ri-en)」＝「山脚の・弟の（ように小さい）or矢を射る・高く・突き出ている（ところ）」
or「キル・アゥ・ウン・リー・エン(kir-aw-un-ri-en)」＝「山脚の・角、枝分かれ・にある・高く・突き出ている（ところ）」
アイヌ語：「首知衣」
＝「シル・アク・テュ・アク・イェ・アッ(sir-ak-tu-ak-ye-at)」＝「山の・弟（のように小さい）or矢を射る・峰の・弟or矢を射る・岩、石が・たくさんある（ところ）」
or「シル・アク・テュ・エ・エン・イェ・エ・エン(sir-ak-tu-e-en-ye-e-en)」＝「山の・弟の（ように小さい）or矢を射る・峰が・そこで・突き出ている（ところ）・岩、石が・そこで・突き出ている（ところ）」
アイヌ語：「牛峯（郡）」＝「キル・アゥ・ピル・アゥ・ウン(kir-aw-pir-aw-un)」＝「山脚の・角、枝分かれの・傷の・角、枝分かれ・にある（ところ）」","jomon2_bnum65.html"
"漢州","臨江県","京畿道坡州市民間人統制区域","臨江県","獐項県","臨江県","上古音：「獐」ȶ i̯aŋ／- -／- -／- -／- -
上古音：「項」ɡʰ ŭŋ／ɣ eɔŋ／ɣ uŋ／ɡ rewŋ／g rungx
随唐音：「臨」bl i̯əm／l ǐəm／l jəm／l iəm／bl jəm
随唐音：「江」k ɔŋ／k ɔŋ／k ɔŋ／k oŋ／k ång／k ɔŋ","アイヌ語：「獐項（県）」＝「テュ・アゥ・ウン・キル・ウン(tu-aw-un-kir-un)」＝「峰の・角、枝分かれ・にある（ところ）・山脚・にある（ところ）」
アイヌ語：「臨江（県）」＝「リ・アム・ク・アゥ・ウン(ri-am-ku-aw-un)」＝「高い・爪の（ように平べったく鋭い）・矢（先のような形の峰）の・角、枝分かれ・にある（ところ）」","jomon2_bnum65.html"
"漢州","長湍県","大韓民国京畿道坡州市長湍面","長湍県","長淺県","長湍県","上古音：「長」dʰ i̯aŋ／d ǐaŋ／dʰ jaŋ／d iaŋ／d rjang
上古音：「長」t i̯aŋ／t ǐaŋ／t jaŋ／t iaŋ／t rjangx
上古音：「淺」ts i̯an／- -／ts iæn／ts ean／ts ian
上古音：「淺」tsʰ i̯an／tsʰ ǐan／tsʰ jæn／tsʰ jian／tsh jan
随唐音：「長」ȡʰ i̯aŋ／ȡ ǐaŋ／ȡʰ jɑŋ／ɖ iɑŋ／ḍ jang／ȡʰ ǐɑŋ
随唐音：「長」ȶ i̯aŋ／ȶ ǐaŋ／ȶ jɑŋ／ʈ iɑŋ／ṭ jang／ȶ ǐɑŋ
随唐音：「湍」tʰ uɑn／tʰ uɑn／tʰ uɑn／tʰ uɑn／th uân／tʰ uɑn
随唐音：「湍」- -／tɕ ǐwɛn／tɕ juæn／tɕ iuæn／tś jwän／tɕ ǐuɛn","アイヌ語：「長淺（県）」＝「テュ・アン・テュ・イ・アン(tu-an-tu-i-an)」＝「峰が・ある（ところ）・峰・それが・ある（ところ）」
アイヌ語：「長湍（県）」＝「テュ・アン・テュ・アン(tu-an-tu-an)」＝「峰が・ある（ところ）・峰が・ある（ところ）」","jomon2_bnum65.html"
"漢州","臨端県","京畿道漣川郡嵋山面麻田里","臨端県","麻田淺県","麻田県","上古音：「麻」m a／m eai／m ua／m rwa／m rar
上古音：「田」dʰ ien／d ien／dʰ ien／d en／d in
上古音：「淺」ts i̯an／- -／ts iæn／ts ean／ts ian
上古音：「淺」tsʰ i̯an／tsʰ ǐan／tsʰ jæn／tsʰ jian／tsh jan
随唐音：「臨」bl i̯əm／l ǐəm／l jəm／l iəm／bl jəm
随唐音：「端」t uɑn／t uɑn／t uɑn／t uɑn／t uân／t uɑn
随唐音：「麻」m a／m a／m a／m a／m a／m a
随唐音：「田」dʰ ien／d ien／dʰ iɛn／d iɛn／d ien／dʰ ien","アイヌ語：「麻田淺（県）」＝「ム・アゥ・テュ・エ・エン・テュ・イ・アン(mu-aw-tu-e-en-tu-i-an)」＝「ふさがっている・角、枝分かれの・峰が・そこで・突き出ている・峰・それが・ある（ところ）」
アイヌ語：「臨端（県）」＝「リ・アム・テュ・アン(ri-am-tu-an)」＝「高い・爪の（ように平べったく鋭い）・峰・がある（ところ）」
アイヌ語：「麻田（県）」＝「ム・アゥ・テュ・エ・エン(mu-aw-tu-e-en)」＝「ふさがった・角、枝分かれの・峰が・そこで・突き出ている（ところ）」","jomon2_bnum65.html"
"漢州","松岳郡","北朝鮮開城市","松岳郡","扶蘇岬","松岳郡","上古音：「扶」bʰ i̯wo／b ǐwa／bʰ juaɡ／b jew／b jag
上古音：「扶」- -／- -／p juaɡ／p jwaɣ／p jag
上古音：「蘇」s o／s a／s ɑɡ／s aɣ／s ag
上古音：「押」ʔ ap／0 eap／- -／ʔ rap／- -
随唐音：「松」z i̯woŋ／z ǐwoŋ／z juoŋ／z iuoŋ／z jwong／z ǐuŋ
随唐音：「岳」ŋ ɔk／ŋ ɔk／ŋ ɔk／ŋ ok／ng åk／ŋ ɔk
随唐音：「鎮山」ȶ i̯ĕn／ȶ ǐěn／ȶ jen／ʈ iɪn／ṭ jĕn／ȶ ǐen
随唐音：「山」ʂ ăn／ʃ æn／ʃ æn／ʂ æn／ṣ ăn／ʃ ɐn","アイヌ語：「扶蘇岬」＝「ピ・アゥ・ウン(pi-aw-un)・サン（(san)・イ）(i)・アプ(ap)」＝「石の・角、枝分かれ・にある・平山、出崎（・その）・釣り針（のように湾曲したもの）」
アイヌ語：「松岳（郡）」＝「チン・アゥ・ウン・ク・アク(cin-aw-un-ku-ak)」＝「崖の・角、枝分かれ・にある・矢（先のような形）の・弟（のように小さい峰）or矢を射る（ところ）」
アイヌ語：「鎮山（郡）」＝「チン・シル・エ・エン(cin-sir-e-en)」＝「崖の・山が・そこで・突き出ている（ところ）」","jomon2_bnum65.html"
"漢州","如羆県","北朝鮮開城市長豊郡、韓国漣川郡百学面","如羆県","若豆恥県","松林県","上古音：「若」ȵ i̯ak／ȵ ǐak／ȵ jak／n jak／n jak
上古音：「豆」dʰ u／d ɔ／dʰ ûɡ／d ew／d ugh
上古音：「恥」tʰ i̯əɡ／tʰ ǐə／tʰ jəɡ／tʰ iəɣ／hn rjəgx
随唐音：「如」ȵʑ i̯wo／ɽ ǐo／ȵ jo／ȵ io／ńź jwo／nʑ ǐo
随唐音：「羆」p jie̯ ／p ǐe／p jĕ／p ie／p jĕ／p ǐɛ","アイヌ語：「若豆恥（県）」
＝「ニ・アク・テュク・テュ・アク(ni-ak-tuk-tu-ak)」＝「棒の（ような細長い）・弟（のように小さい）or矢を射る（ところ）・小山の・峰の・弟or矢を射る（ところ）」
アイヌ語：「如羆（県）」＝「ニ・テュ・オ・ピ・エ(ni-tu-o-pi-e)」＝「棒の（ような細長い）・峰が・たくさんある・石の・頭、岬」","jomon2_bnum65.html"
"漢州","江陰県","北朝鮮黄海北道鳳川郡連紅里","江陰県","屈押県","江陰県","上古音：「屈」kʰ i̯wət／kʰ ǐwət／kʰ juə̆t／kʰ jwət／khw jət
上古音：「押」ʔ ap／0 eap／- -／ʔ rap／- -
随唐音：「江」k ɔŋ／k ɔŋ／k ɔŋ／k oŋ／k ång／k ɔŋ
随唐音：「陰」ʔ i̯əm／0 ǐěm／ʔ jĕm／ʔ iem／· jəm／ʔ ǐəm","アイヌ語：「屈押（県）」＝「キル(kir)・アッ（(at)・イ）(i)・アプ(ap)」＝「山脚が・たくさんある（・その）・釣り針（のような形の川）」
アイヌ語：「江陰（県）」＝「ク・アゥ・ウン・イ・アム(ku-aw-un-i-am)」＝「矢（先のような形）の・角、枝分かれ・にある・その・爪（のように鋭く突き出た峰）」","jomon2_bnum65.html"
"漢州","開城郡","北朝鮮開城市","開城郡／開城府","冬比忽","開城府／開城郡","上古音：「冬」t／t uŋ／t ôŋ／t əwŋ／t əngw
上古音：「比」bʰ i̯ər／b ǐei／bʰ jed／b jier／b jid
上古音：「忽」xm wət／h uət／m̥ uə̂t／xm wət／hm ət
随唐音：「開」kʰ ɑ̆i／kʰ ɒi／kʰ Ai／kʰ əi／kh ậi／kʰ əi
随唐音：「城」ʑ i̯ɛŋ／ʑ ǐɛŋ／ʑ jɛŋ／dʑ iæŋ／ź jäng／ʑ ǐɛŋ","アイヌ語：「冬比忽」
＝「テュ・ウン・ピ・エ・エン・ムィ・アッ(tu-un-pi-e-en-muy-at)」＝「峰・にある・石が・そこで・突き出ている・頂が・たくさんある（ところ）」
アイヌ語：「開城（郡／府）」＝「カィ・テュ・エ・エン(kay-tu-e-en)」＝「折れ曲がった・峰が・そこで・突き出ている（ところ）」","jomon2_bnum65.html"
"漢州","徳水県","北朝鮮開城特別市開豊区域徳水里","徳水県","徳勿県","徳水県","上古音：「徳」t ək／t ək／t ə̂k／t ək／t ək
上古音：「勿」m i̯wət／m ǐwət／m juə̆t／m jwət／m jə
随唐音：「徳」t ək／t ək／t ək／t ək／t ək／t ək
随唐音：「水」ɕ wi／ɕ wi／ɕ juei／ɕ iuɪi／ś jwi／s ǐue","アイヌ語：「徳勿（県）」＝「テク・ムィ・アッ(tek-muy-at)」＝「腕の（ように伸びた）・頂が・たくさんある（ところ）」
アイヌ語：「徳水（県）」＝「テク・シル・エ・エン(tek-sir-e-en)」＝「腕の（ように伸びた）・山が・そこで・突き出ている（ところ）」","jomon2_bnum65.html"
"漢州","臨津県","京畿道 坡州市 汶山邑 臨津里","臨津県","津臨県","臨津県","上古音：「津」ts i̯ĕn／ts ǐen／ts jen／ts jien／ts jin
上古音：「臨」bl i̯əm／l ǐəm／l jəm／l iəm／bl jəm
随唐音：「臨」l i̯əm／l ǐěm／l jem／l iɪm／l jəm／l ǐəm
随唐音：「津」ts i̯ĕn／ts ǐěn／ts jen／ts iɪn／ts jĕn／ts ǐen","アイヌ語：「津臨（県）」＝「テュ・エ・エン・リ・アム(tu-e-en-ri-am)」＝「峰が・そこで・突き出ている・高い・爪（のように鋭いもの）」
アイヌ語：「臨津（県）」＝「リ・アム・テュ・エ・エン(ri-am-tu-e-en)」＝「高い・爪の（ように鋭い）・峰が・そこで・突き出ている（ところ）」","jomon2_bnum65.html"
"漢州","海口郡","仁川広域市江華郡江華邑","海口郡","穴口郡","江華郡","上古音：「穴」ɡʰ iwet／ɣ iwet／ɣ iuet／ɡ wet／gw it
上古音：「口」kʰ u／kʰ ɔ／kʰ ûɡ／kʰ ew／kh ugx
随唐音：「海」x ɑ̆i／h ɒi／x Ai／x əi／x ậi／x əi
随唐音：「口」kʰ ə̯u／kʰ əu／kʰ u／kʰ əu／kh ə̆u／kʰ ou
随唐音：「江」k ɔŋ／k ɔŋ／k ɔŋ／k oŋ／k ång／k ɔŋ
随唐音：「華」ɣ wa／ɣ wa／ɣ ua／ɣ ua／ɣ wa／ɣ ua
随唐音：「華」- -／h wa／x ua／x ua／x wa／x ua","アイヌ語：「穴口（郡）」＝「キル・アッ・ケゥ(kir-at-kew)」＝「山脚が・たくさんある・骨（墳墓）」
アイヌ語：「海口（郡）」＝「ハィ・ケゥ(hay-kew)」＝「カジキマグロの顎の（ように鋭く尖った峰の）・骨（墳墓）」
アイヌ語：「江華（郡）」
＝「ク・アゥ・ウン・キル・アゥ(ku-aw-un-kir-aw)」＝「矢（先のような形の峰）・角、枝分かれ・にある・山脚の・角、枝分かれ」
or「ク・アゥ・ウン・ホ・アゥ(ku-aw-un-ho-aw)」＝「矢（先のような形の峰）・角、枝分かれ・にある・山尻の・角、枝分かれ」","jomon2_bnum65.html"
"漢州","沍陰県","仁川広域市江華郡河岾面","沍陰県","冬音奈県","河陰県","上古音：「冬」t／t uŋ／t ôŋ／t əwŋ／t əngw
上古音：「音」ʔ i̯əm／0 ǐəm／ʔ jəm／ʔ iəm／· jəm
上古音：「奈」- -／n at／- -／- -／- -
随唐音：「沍」- -／ɣ u／ɣ uo／ɣ uo／ɣ uo／ɣ u
随唐音：「陰」ʔ i̯əm／0 ǐěm／ʔ jĕm／ʔ iem／· jəm／ʔ ǐəm
随唐音：「河」ɣ ɑ／ɣ ɑ／ɣ ɑ／ɣ ɑ／ɣ â／ɣ ɑ","アイヌ語：「冬音奈（県）」＝「テュ・ウン・イ・アム・ノッ(tu-un-i-am-not)」＝「峰・にある・その・爪の（ように平べったく鋭い）・岬」
アイヌ語：「沍陰（県）」＝「キル・オ・イ・アム(kir-o-i-am)」＝「山脚が・たくさんある・その・爪（のように平べったく鋭いもの）」
アイヌ語：「河陰（県）」＝「キル・アゥ・イ・アム(kir-aw-i-am)」＝「山脚の・角、枝分かれ・その・爪（のように平べったく鋭いもの）」","jomon2_bnum65.html"
"漢州","喬桐県","仁川広域市 江華郡 喬桐面","喬桐県","高木根県","喬桐県","上古音：「高」k oɡ／k au／k ɔ̂ɡ／k aw／k agw
上古音：「木」m uk／m ɔk／m ûk／m ewk／m uk／m uk
上古音：「根」k ən／k ən／k ə̂n／k ən／k ən
随唐音：「喬」- -／k i̯oɡ／k jɔ̆ɡ／k iaw／k jagw
随唐音：「桐」dʰ uŋ／d uŋ／dʰ uŋ／d uŋ／d ung／dʰ oŋ","アイヌ語：「高木根（県）」＝「ク・アク・ム・アク・ク・エン(ku-ak-mu-ak-ku-en)」＝「矢（先のような形）の・弟（のように小さいもの）or矢を射る・ふさがっている・弟のor矢を射る・矢が・突き出ている（ところ）」
アイヌ語：「喬桐（県）」＝「キル・アク・テュ・ウン(kir-ak-tu-un)」＝「山脚の・弟の（ように小さい）or矢を射る・峰・にある（ところ）」","jomon2_bnum65.html"
"漢州","守鎭県","仁川広域市 江華郡 良道面","守鎭県","首知県","鎭江県","上古音：「首」ɕ／ɕ ǐu／ç jŏɡ／stʰ jəw／h rjəgwx
上古音：「知」t i̯ĕɡ／t ǐe／t jeɡ／t ieɣ／t rig
随唐音：「守」ɕ i̯ə̯u／ɕ ǐəu／ɕ ju／ɕ iəu／ś jə̆u／ɕ ǐou
随唐音：「鎮」ȶ i̯ĕn／ȶ ǐěn／ȶ jen／ʈ iɪn／ṭ jĕn／ȶ ǐen
随唐音：「江」k ɔŋ／k ɔŋ／k ɔŋ／k oŋ／k ång／k ɔŋ","アイヌ語：「首知（県）」＝「シル・アク・テュ・エ・エン(sir-ak-tu-e-en)」＝「山の・弟（のように小さい）or矢を射る・峰が・そこで・突き出ている（ところ）」
アイヌ語：「守鎭（県）」＝「シル・アゥ・テュ・エ・エン(sir-aw-tu-e-en)」＝「山の・角、枝分かれの・峰が・そこで・突き出ている（ところ）」
アイヌ語：「鎭江（県）」＝「テュ・エ・エン・ク・アク(tu-e-en-ku-ak)」＝「峰が・そこで・突き出ている・矢（先のような形）の・弟（のように小さいもの）or矢を射る（ところ）」","jomon2_bnum65.html"
"漢州","永豊郡","北朝鮮黄海北道平山郡","永豊郡","大谷郡","平州","上古音：「大」tʰ, dʰ ɑd／d at／dʰ ɑd／d ar／d adh
上古音：「谷」k uk／k ɔk／k ûk／k ewk／k uk
上古音：「谷」ɡ i̯uk／ʎ ǐwɔk／ɡ juk／ɣr iewk／g rjuk
随唐音：「永」j i̯wɐŋ／ɣ ǐwɐŋ／ɣ juɐŋ／j iuaŋ／j wɐng／j ǐuaŋ
随唐音：「豐」pʰ i̯uŋ／pʰ ǐuŋ／pʰ juŋ／pʰ iuŋ／ph jung／pfʰ ǐoŋ
随唐音：「平」bʰ i̯wɐŋ／b ǐɐŋ／bʰ jɐŋ／b iaŋ／b jɐng／bʰ ǐaŋ","アイヌ語：「大谷（郡）」
＝「テュ・アッ・ク・ク(tu-at-ku-ku)」＝「峰が・たくさんある・矢（先のような形の峰）・矢」※たくさんの矢先の形の峰。
アイヌ語：「永豊（郡）」
＝「キル・アゥ・ウン・ピル・ウン(kir-aw-un-pir-un)」＝「山脚の・角、枝分かれ・にある・傷（のように切り刻まれた峰）・にある（ところ）」
or「イ・アゥ・ウン・ピル・ウン(i-aw-un-pir-un)」＝「その・角、枝分かれ・にある・傷（のように切り刻まれた峰）・にある（ところ）」
or「イワ・ウン・ピル・ウン(iwa-un-pir-un)」＝「祖先を祀る神聖な山・にある・傷（のように切り刻まれた峰）・にある（ところ）」
アイヌ語：「平（州）」
＝「ピル・アゥ・ウン(pir-aw-un)」＝「傷の（ように切り刻まれた）・角、枝分かれ・にある（ところ）」","jomon2_bnum65.html"
"漢州","檀渓県","北朝鮮黄海北道新渓郡針校里、歌舞里","檀渓県","水谷城県","侠渓県","上古音：「水」ɕ i̯wər／ɕ ǐwei／ç jued／stʰ jiwer／h rjidx
上古音：「谷」k uk／k ɔk／k ûk／k ewk／k uk
上古音：「谷」ɡ i̯uk／ʎ ǐwɔk／ɡ juk／ɣr iewk／g rjuk
上古音：「城」ȡ i̯ĕŋ／ʑ ǐeŋ／ʑ jeŋ／d jieŋ／d jing
随唐音：「檀」dʰ ɑn／d ɑn／dʰ ɑn／d ɑn／d ân／dʰ ɑn
随唐音：「溪」- -／kʰ iei／kʰ iɛi／kʰ iɛi／kh iei／kʰ iei
随唐音：「侠」ɣ iep／ɣ iep／ɣ iɛp／ɣ iɛp／ɣ iep／ɣ iep","アイヌ語：「水谷城（県）」＝「シル・エ・エン・ク・ク・テュ・エ・エン(sir-e-en-ku-ku-tu-e-en)」＝「山が・そこで・突き出ている・矢（先のような形の峰）・矢の・峰が・そこで・突き出ている（ところ）」
アイヌ語：「檀渓（県）」＝「テュ・アゥ・ウン・キル・エ・エン(tu-aw-un-kir-e-en)」＝「山脚の・角、枝分かれ・にある・山脚が・そこで・突き出ている（ところ）」
アイヌ語：「侠渓（県）」＝「キル・イ・アプ・キル・エ・エン(kir-i-ap-kir-e-en)」＝「山脚・その・釣り針の（ように曲がった峰の）・山脚が・そこで・突き出ている（ところ）」","jomon2_bnum65.html"
"漢州","鎭湍県","北朝鮮黄海北道谷山郡谷山邑","鎭湍県","十谷城県（or頓忽）／十谷城県／頓忽","谷州","上古音：「十」ȡ i̯əp／ʑ ǐəp／ʑ jəp／d jiəp／d jəp
上古音：「谷」k uk／k ɔk／k ûk／k ewk／k uk
上古音：「谷」ɡ i̯uk／ʎ ǐwɔk／ɡ juk／ɣr iewk／g rjuk
上古音：「城」ȡ i̯ĕŋ／ʑ ǐeŋ／ʑ jeŋ／d jieŋ／d jing
上古音：「頓」t wən／t uən／t uə̂n／t wən／t ənh
上古音：「忽」xm wət／h uət／m̥ uə̂t／xm wət／hm ət
随唐音：「鎮」ȶ i̯ĕn／ȶ ǐěn／ȶ jen／ʈ iɪn／ṭ jĕn／ȶ ǐen
随唐音：「湍」tʰ uɑn／tʰ uɑn／tʰ uɑn／tʰ uɑn／th uân／tʰ uɑn
随唐音：「湍」- -／tɕ ǐwɛn／tɕ juæn／tɕ iuæn／tś jwän／tɕ ǐuɛn
随唐音：「谷」k uk／k uk／k uk／k uk／k uk／k ok
随唐音：「谷」0 i̯wok／j ǐwok／0 juok／0 iuok／ji wok／0 ǐuk","アイヌ語：「十谷城（県）」＝「テュ・イ・アプ・ク・ク・テュ・エ・エン(tu-i-ap-ku-ku-tu-e-en)」＝「峰・その・釣り針の（ように曲がったものの）・矢（先のような形の峰）・矢の・峰が・そこで・突き出ている（ところ）」
アイヌ語：「頓忽（県）」＝「テュ・エ・エン・ムィ・アッ(tu-e-en-muy-at)」＝「峰が・そこで・突き出ている・頂が・たくさんある（ところ）」
アイヌ語：「鎭湍（県）」
＝「テュ・エ・エン・テュ・エ・エン(tu-e-en-tu-e-en)」＝「峰が・そこで・突き出ている（ところ）・峰が・そこで・突き出ている（ところ）」※たくさんの峰がそこで突き出ているところ。
アイヌ語：「谷（州）」＝「ク・ク(ku-ku)」＝「矢（先のような形の峰）・矢」※たくさんの矢先の形の峰。","jomon2_bnum65.html"
"漢州","海皐郡","北朝鮮黄海南道延安郡延安邑","海皐郡","冬彡忽郡（冬音忽郡）／冬彡忽郡／冬音忽郡","鹽州","上古音：「冬」t／t uŋ／t ôŋ／t əwŋ／t əngw
上古音：「彡」- -／s əm／s jiəm／s rəm／- -
上古音：「忽」xm wət／h uət／m̥ uə̂t／xm wət／hm ət
上古音：「音」ʔ i̯əm／0 ǐəm／ʔ jəm／ʔ iəm／· jəm
随唐音：「海」x ɑ̆i／h ɒi／x Ai／x əi／x ậi／x əi
随唐音：「皐」- -／k ɑu／k ɑu／k ɑu／k âu／k ɑu
随唐音：「鹽」0 i̯ɛm／j ǐɛm／0 jæm／0 iæm／ji äm／0 ǐɛm
随唐音：「延」0 i̯ɛn／j ǐɛn／0 jæn／0 iæn／ji än／0 ǐɛn
随唐音：「安」ʔ ɑn／0 ɑn／ʔ ɑn／ʔ ɑn／· ân／ʔ ɑn","アイヌ語：「冬彡忽（郡）」＝「テュ・ウン・シル・アム・ムィ・アッ(tu-un-sir-am-muy-at)」＝「峰・にある・山の・爪の（ように平べったく鋭い）・頂が・たくさんある（ところ）」
アイヌ語：「冬音忽（郡）」＝「テュ・ウン・イ・アム・ムィ・アッ(tu-un-i-am-muy-at)」＝「峰・にある・その・爪の（ように平べったく鋭い）・頂が・たくさんある（ところ）」
アイヌ語：「海皐（郡）」＝「ハィ・ク・アゥ(hay-ku-aw)」＝「カジキマグロの顎の（ような鋭く突き出た峰の）・矢（先のような形）の・角、枝分かれ」
アイヌ語：「鹽（州）」＝「イ・アム(i-am)」＝「その・爪（のように平べったく鋭い峰）」
アイヌ語：「延安」＝「イ・エ・エン・アゥ・ウン(i-e-en-aw-un)」＝「それが・そこで・突き出た・角、枝分かれ・にある（ところ）」","jomon2_bnum65.html"
"漢州","雊澤県","北朝鮮海南道白川郡白川邑","雊澤県","刀臘県（or雉嶽城）／刀臘県／雉嶽城","白州","上古音：「刀」t oɡ／t au／t ɔ̂ɡ／t aw／t agw
上古音：「臘」l ɑp／l ap／l ɑp／l ap／l ap
上古音：「雉」dʰ i̯ər／d ǐei／dʰ jed／d ier／d rjidx
上古音：「嶽」ŋ ŭk／ŋ eɔk／ŋ uk／ŋ rewk／ng ruk
上古音：「城」ȡ i̯ĕŋ／ʑ ǐeŋ／ʑ jeŋ／d jieŋ／d jing
随唐音：「雊」k ə̯up／k əup／k up／k əup／k ə̆up／k ou
随唐音：「澤」ȡʰ ɐk／ȡ ɐk／ȡʰ ɐk／ɖ ak／ḍ ɐk／ȡʰ ak
随唐音：「白」bʰ ɐk／b ɐk／bʰ ɐk／b ak／b ɐk／bʰ ak","アイヌ語：「刀臘（県）」
＝「タク・ラプ(tak-rap)」＝「石の・翼を広げたような峰」
or「テュ・アク・ラプ(tu-ak-rap)」＝「峰の・弟（のように小さい）・翼を広げたような峰」
or「テュ・アゥ・ラプ(tu-aw-rap)」＝「峰の・角、枝分かれの・翼を広げたような峰」
アイヌ語：「雉嶽城」＝「テュ・エ・エン・キル・ク・テュ・エ・エン(tu-e-en-kir-ku-tu-e-en)」＝「峰が・そこで・突き出ている（ところ）・山脚の・矢（先のような形）の・峰が・そこで・突き出ている（ところ）」
アイヌ語：「雊澤（県）」＝「ク・アプ・タク(ku-ap-tak)」＝「矢（先のような形の峰）の・釣り針の（ような形の）・石」
アイヌ語：「白（州）」＝「パ・アク(pa-ak)」＝「頭、岬の・弟（のように小さい峰）or矢を射る（ところ）」","jomon2_bnum65.html"
"漢州","瀑池郡","北朝鮮黄海南道海州市","瀑池郡","内米忽郡","鹽州／海州","上古音：「内」n wəd／n uəi／n uə̂b,n uə̂d／n wər／n əbh
上古音：「米」m iər／m iei／m ied／m er／m idx
上古音：「忽」xm wət／h uət／m̥ uə̂t／xm wət／hm ət
随唐音：「瀑」bʰ ɑu／b ɑu／bʰ ɑu／b ɑu／b âu／bʰ ɑu
随唐音：「瀑」- -／b uk／bʰ uk／b uk／b uk／bʰ ok
随唐音：「池」ȡʰ ie̯ ／ȡ ǐe／ȡʰ je／ɖ iɪ／ḍ jĕ／ȡʰ ǐɛ
随唐音：「海」x ɑ̆i／h ɒi／x Ai／x əi／x ậi／x əi","アイヌ語：「内米忽（郡）」
＝「ニ・アゥ・アッ・メム・エ・エン・メム・アッ(ni-aw-at-mem-e-en-mem-at)」＝「棒の（ように細長い）・角、枝分かれが・たくさんある（ところ）・泉が・そこで・突き出ている（ところ）・泉が・たくさんある（ところ）」
or「ニ・アゥ・アッ・ムィ・エ・エン・ムィ・アッ(ni-aw-at-muy-e-en-muy-at)」＝「棒の（ように細長い）・角、枝分かれが・たくさんある（ところ）・頂が・そこで・突き出ている（ところ）・頂が・たくさんある（ところ）」
アイヌ語：「瀑池（郡）」
＝「パ・アゥ・チゥェ(pa-aw-ciwe)」＝「岬の・角、枝分かれの・その水流、水脈」
or「パ・アゥ・テュ・エ(pa-aw-tu-e)」＝「岬の・角、枝分かれの・峰の・頭」
アイヌ語：「海（州）」
＝「ハ・イ(ha-i)」＝「水が・引いたところ」
or「ハィ(hay)」＝「カジキマグロの顎（のような鋭く尖った岬）」","jomon2_bnum65.html"
"漢州","重盤郡","北朝鮮黄海南道載寧郡載寧邑","重盤郡","息城郡","安州","上古音：「息」s i̯ək／s ǐək／s jək／s jiək／s jək
上古音：「城」ȡ i̯ĕŋ／ʑ ǐeŋ／ʑ jeŋ／d jieŋ／d jing
随唐音：「重」ȡʰ i̯woŋ／ȡ ǐwoŋ／ȡʰ juoŋ／ɖ iuoŋ／ḍ jwong／ȡʰ ǐuŋ
随唐音：「盤」bʰ uɑn／b uɑn／bʰ uɑn／b uɑn／b uân／bʰ uɑn
随唐音：「安」ʔ ɑn／0 ɑn／ʔ ɑn／ʔ ɑn／· ân／ʔ ɑn","アイヌ語：「息城（郡）」＝「シル・アク・テュ・エ・エン(sir-ak-tu-e-en)」＝「山の・弟の（ように小さい）・峰が・そこで・突き出ている（ところ）」
アイヌ語：「重盤（郡）」＝「テュ・アゥ・ウン・プ・アゥ・ウン(tu-aw-un-pu-aw-un)」＝「峰の・角、枝分かれ・にある（ところ）・倉の（屋根のような三角山の）・角、枝分かれ・にある（ところ）」
アイヌ語：「安（州）」＝「アゥ・ウン(aw-un)」＝「角、枝分かれ・にある（ところ）」","jomon2_bnum65.html"
"漢州","拪嵒郡","北朝鮮黄海北道銀波郡銀波邑","拪嵒郡","鵂嵒郡","鳳州","上古音：「鵂」x／h ǐu／- -／x jəw／- -
上古音：「巖」ŋ am／ŋ eam／ŋ am／ŋ ram／ng ram　※嵒の異体字。
随唐音：「遷」tsʰ i̯ɛn／tsʰ ǐɛn／tsʰ jæn／tsʰ iæn／tsh jän／tsʰ ǐɛn　※拪の異体字。
随唐音：「巖」ŋ am／ŋ am／ŋ am／ŋ am／ng am／ŋ am　※嵒の異体字。
随唐音：「鳳」bʰ i̯uŋ／b ǐuŋ／bʰ uŋ／b iuŋ／b jung／bvʰ ǐoŋ","アイヌ語：「鵂嵒（郡）」＝「フル・キル・アム(hur-kir-am)」＝「丘の・山脚の・爪（のように平べったく鋭いもの）」
アイヌ語：「拪嵒（郡）」＝「テュ・エ・エン・キル・アム(tu-e-en-kir-am)」＝「峰が・そこで・突き出ている・山脚の・爪（のように平べったく鋭いもの）」
アイヌ語：「鳳（州）」＝「ピル・ウン(pir-un)」＝「傷（のように切り刻まれた峰）・にある（ところ）」","jomon2_bnum65.html"
"漢州","五關郡","北朝鮮黄海北道瑞興郡瑞興邑","五關郡","五谷郡（or于次呑忽）／五谷郡／于次呑忽","洞州","上古音：「五」ŋ o／ŋ a／ŋ ɑɡ／ŋ aɣ／ng agx
上古音：「谷」k uk／k ɔk／k ûk／k ewk／k uk
上古音：「谷」ɡ i̯uk／ʎ ǐwɔk／ɡ juk／ɣr iewk／g rjuk
上古音：「于」ɡ i̯wo／ɣ ǐwa／ɣ juaɡ／ɣ jwaɣ／gw jag
上古音：「次」tsʰ i̯ər／tsʰ ǐei／tsʰ jed／tsʰ jier／ tsh jidh
上古音：「呑」tʰ ən／tʰ ən／tʰ ə̂n／tʰ ən／th ən
上古音：「忽」xm wət／h uət／m̥ uə̂t／xm wət／hm ət
随唐音：「五」ŋ uo／ŋ u／ŋ uo／ŋ uo／ng uo／ŋ u
随唐音：「關」k wan／k wan／k uan／k uan／k wan／k uan
随唐音：「洞」dʰ uŋ／d uŋ／dʰ uŋ／d uŋ／d ung／dʰ oŋ","アイヌ語：「五谷（郡）」
＝「キル・アク・ク・ク(kir-ak-ku-ku)」＝「山脚の・弟の（ように小さい）or矢を射る・矢（先のような形の峰）・矢」
or「キル・アゥ・ク・ク(kir-aw-ku-ku)」＝「山脚の・角、枝分かれの・矢（先のような形の峰）・矢」 ※たくさんの矢先の形の峰。
アイヌ語：「于次呑忽」
＝「キル・アク・テュ・エ・エン・テュ・エ・エン・ムィ・アッ(kir-ak-tu-e-en-tu-e-en-muy-at)」＝「山脚の・弟の（ように小さい）or矢を射る・峰が・そこで・突き出ている（ところ）・峰が・そこで・突き出ている（ところ）・頂が・たくさんある（ところ）」
or「キル・アゥ・ウン・テュ・エ・エン・テュ・エ・エン・ムィ・アッ(kir-aw-un-tu-e-en-tu-e-en-muy-at)」＝「山脚の・角、枝分かれ・にある・峰が・そこで・突き出ている（ところ）・峰が・そこで・突き出ている（ところ）・頂が・たくさんある（ところ）」
アイヌ語：「五關（郡）」＝「キル・オ・ク・アゥ・ウン(kir-o-ku-aw-un)」＝「山脚が・たくさんある・矢（先のような形の峰）の・角、枝分かれ・にある（ところ）」
アイヌ語：「洞（州）」＝「テュ・ウン(tu-un)」＝「峰・にある（ところ）」","jomon2_bnum65.html"
"漢州","獐塞県","北朝鮮黄海北道遂安郡石潭里周辺","獐塞県","獐塞県","遂安県","上古音：「獐」ȶ i̯aŋ／- -／- -／- -／- -
上古音：「塞」s əɡ／s ə／s ə̂ɡ／s əɣ／s əgh
上古音：「塞」s ək／s ək／s ə̂k／s ək／s ək
随唐音：「遂」z wi／z wi／z juei／z iuɪi／z jwi／z ǐue
随唐音：「安」ʔ ɑn／0 ɑn／ʔ ɑn／ʔ ɑn／· ân／ʔ ɑn","アイヌ語：「獐塞（県）」＝「テュ・アゥ・ウン・ソ・アク(tu-aw-un-so-ak)」＝「峰の・角、枝分かれ・にある・岩壁の・弟（のように小さいもの）or矢を射る（ところ）」
アイヌ語：「遂安（県）」＝「チン・エ・エン・アゥ・ウン(cin-e-en-aw-un)」＝「崖が・そこで・突き出ている・角、枝分かれ・にある（ところ）」","jomon2_bnum65.html"
"漢州","取城郡","北朝鮮黄海北道黄州郡黄州邑","取城郡","冬忽","黄州","上古音：「冬」t／t uŋ／t ôŋ／t əwŋ／t əngw
上古音：「忽」xm wət／h uət／m̥ uə̂t／xm wət／hm ət
随唐音：「取」tsʰ i̯u／tsʰ ǐu／tsʰ juo／tsʰ iuo／tsh ju／tsʰ ǐu
随唐音：「城」ʑ i̯ɛŋ／ʑ ǐɛŋ／ʑ jɛŋ／dʑ iæŋ／ź jäng／ʑ ǐɛŋ
随唐音：「黄」ɣ wɑŋ／ɣ uɑŋ／ɣ uɑŋ／ɣ uɑn／ɣ wâng／ɣ uɑŋ","アイヌ語：「冬忽」＝「テュ・ウン・ムィ・アッ(tu-un-muy-at)」＝「峰・にある・頂が・たくさんある（ところ）」
アイヌ語：「取城（郡）」＝「テュ・オ・テュ・エ・エン(tu-o-tu-e-en)」＝「峰が・たくさんある・峰が・そこで・突き出ている（ところ）」
アイヌ語：「黄（州）」＝「キル・アゥ・ウン(kir-aw-un)」＝「山脚の・角、枝分かれ・にある（ところ）」","jomon2_bnum65.html"
"漢州","土山県","北朝鮮黄海北道 祥原郡","土山県","息達","谷州／土山県","上古音：「息」s i̯ək／s ǐək／s jək／s jiək／s jək
上古音：「達」tʰ ɑt／- -／tʰ ɑt／- -／th at
上古音：「達」dʰ ɑt／d at／dʰ ɑt／d at／d at
随唐音：「土」ȶ i̯ĕn／ȶ ǐěn／ȶ jen／ʈ iɪn／ṭ jĕn／ȶ ǐen
上古音：「山」s ăn／ʃ ean／- -／s rian／s rian","アイヌ語：「息達」＝「シル・アク・テュ・アッ(sir-ak-tu-at)」＝「山の・弟の（ように小さい）or矢を射る・峰が・たくさんある（ところ）」
アイヌ語：「土山（県）」＝「テュ・エ・エン・シル・エ・エン(tu-e-en-sir-e-en)」＝「峰が・そこで・突き出ている（ところ）・山が・そこで・突き出ている（ところ）」","jomon2_bnum65.html"
"漢州","唐嶽県","北朝鮮黄海北道中和郡中和邑","唐嶽県","加火押","中和県","上古音：「加」k a／k eai／k a／k ra／k rar
上古音：「火」x wɑr／h uəi／x uə̂r／x wə／hw ərx
上古音：「押」ʔ ap／0 eap／- -／ʔ rap／- -
随唐音：「唐」dʰ ɑŋ／d ɑŋ／dʰ ɑŋ／d ɑn／d âng／dʰ ɑŋ
随唐音：「嶽」ŋ ɔk／ŋ ɔk／ŋ ɔk／ŋ ok／ng åk／ŋ ɔk
随唐音：「中」ȶ i̯uŋ／ȶ ǐuŋ／ȶ juŋ／ʈ iuŋ／ṭ jung／ȶ ǐoŋ
随唐音：「和」ɣ uɑ／ɣ uɑ／ɣ uɑ／ɣ uɑ／ɣ uâ／ɣ uɑ","アイヌ語：「加火押」＝「ク・アゥ(ku-aw)・ハィ（(hay)・イ）(i)・アプ(ap)」＝「矢（先のような形の峰）の・角、枝分かれの・カジキマグロの顎の（ように突き出た）（・その）・釣り針（のように曲がっている峰）」
アイヌ語：「唐嶽（県）」＝「テュ・アゥ・ウン・ク・アク(tu-aw-un-ku-ak)」＝「峰の・角、枝分かれ・にある・矢（先のような形の峰）の・弟（のように小さいもの）or矢を射る（ところ）」
アイヌ語：「中和（県）」＝「テュ・ウン・キル・アゥ(tu-un-kir-aw)」＝「峰・にある・山脚の・角、枝分かれ」","jomon2_bnum65.html"
"漢州","松峴県","北朝鮮黄海北道 中和郡東山里周辺","松峴県","夫斯波衣県","中和県","上古音：「夫」bʰ i̯wo／b ǐwa／bʰ juaɡ／b jwaɣ／b jag
上古音：「夫」p i̯wo／p ǐwa／p juaɡ／p jwaɣ／p jag
上古音：「斯」s i̯ĕɡ／s ǐe／s jeɡ／s jieɣ／s jig
上古音：「波」p wa／p uai／p uɑ／p wa／p ar
上古音：「衣」ʔ i̯ər／0 ǐəi／ʔ jə̆d／ʔ jər／· jəd
随唐音：「松」z i̯woŋ／z ǐwoŋ／z juoŋ／z iuoŋ／z jwong／z ǐuŋ
随唐音：「峴」- -／ɣ ien／ɣ iɛn／ɣ iɛn／ɣ ien／ɣ ien","アイヌ語：「夫斯波衣（県）」＝「ピル・アゥ・シル・エ・エン・プ・アゥ・イェ・エ・エン(pir-aw-sir-e-en-pu-aw-ye-e-en)」＝「傷（が刻まれたようなもの）の・角、枝分かれの・山が・そこで・突き出ている（ところ）・倉の（屋根のような三角山の）・角、枝分かれの・岩が・そこで・突き出ている（ところ）」
アイヌ語：「松峴（県）」＝「チン・アゥ・ウン・キル・エ・エン(cin-aw-un-kir-e-en)」＝「崖の・角、枝分かれ・にある・山脚が・そこで・突き出ている（ところ）」","jomon2_bnum65.html"
"溟州","溟州","江原特別自治道 江陵市","溟州","河西良（or何瑟羅）／河西良／何瑟羅","溟州","上古音：「河」ɡʰɑ／ɣai／ɣɑ／ɡa／gar
上古音：「西」s iər／s iei／s ied／s er／s id
上古音：「良」l i̯aŋ／l ǐaŋ／l jaŋ／l iaŋ／l jang
上古音：「何」ɡʰɑ／ɣai／ɣɑ／ɡa／garx
上古音：「瑟」ʂ i̯ĕt／lʃ et／ls et／ls iet／ls rjit
上古音：「羅」l ɑ／l ai／l ɑ／l a／l ar
随唐音：「溟」m ieŋ／m ieŋ／m ieŋ／m iɛŋ／m ieng／m ieŋ","アイヌ語：「河西良」＝
「キル・アゥ・シル・エ・エン・リ・アゥ・ウン(kir-aw-sir-e-en-ri-aw-un)」＝「山脚の・角、枝分かれの・山が・そこで・突き出ている・高い・角、枝分かれ・にある（ところ）」
アイヌ語：「何瑟羅」＝
「キル・アゥ・シル・アッ・ル・アゥ(kir-aw-sir-at-ru-aw)」＝「山脚の・角、枝分かれの・山が・たくさんある・消えかかっている・角、枝分かれ」
アイヌ語：「溟（州）」＝
「ムィ・エ・エン(muy-e-en)」＝「頭が・そこで・突き出ている（ところ）」","jomon2_bnum66.html"
"溟州","旌善県","江原特別自治道 旌善郡 旌善邑","旌善県","仍買県","旌善県","上古音：「仍」ȵ i̯əŋ／ȵ ǐəŋ／ȵ jəŋ／n jiəŋ／n jəng
上古音：「買」- -／m e／m eɡ／m reɣ／m rigx
随唐音：「旌」ts i̯ɛŋ／ts ǐɛŋ／ts jɛŋ／ts iæŋ／ts jäng／ts ǐɛŋ
随唐音：「善」ʑ i̯ɛn／ʑ ǐɛn／ʑ jæn／dʑ iæn／ź jän／ʑ ǐɛn","アイヌ語：「仍買（県）」
＝「ニ・エ・エン・メク(ni-e-en-mek)」＝「棒（のように細長い峰）が・そこで・突き出ている・尾根」
アイヌ語：「旌善（県）」
＝「チゥ・エ・エン・チゥ・エ・エン(ciw-e-en-ciw-e-en)」＝「水流、水脈が・そこで・突き出ている（ところ）水流、水脈が・そこで・突き出ている（ところ）」
or「テュ・エ・エン・テュ・エ・エン(tu-e-en-tu-e-en)」＝「峰が・そこで・突き出ている（ところ）・峰が・そこで・突き出ている（ところ）」","jomon2_bnum66.html"
"溟州","梀隄県","江原特別自治道 旌善郡 臨渓面","梀隄県（棟隄県）／梀隄県","束吐県","未詳","上古音：「束」ɕ i̯uk／ɕ ǐwɔk／ɕ juk／stʰ jewk／sth juk
上古音：「吐」tʰ o／tʰ a／tʰ ɑɡ／tʰ aɣ／th agx
随唐音：「梀」- -／ʃ æk／ʃ æk／ʂ æk／ṣ ɛk／ʃ æk
随唐音：「梀」- -／s uk／s uk／s uk／s uk／s ok
随唐音：「梀」- -／tsʰ uk／tsʰ uk／tsʰ uk／tsh uk／tsʰ ok
随唐音：「梀」- -／ȶʰ ǐwok／ȶʰ juok／ʈʰ iuok／ṭh jwok／ȶʰ ǐuk
随唐音：「棟」t uŋ／t uŋ／t uŋ／t uŋ／t ung／t oŋ
随唐音：「隄」t iei／t iei／t iɛi／t iɛi／t iei／t iei","アイヌ語：「束吐（県）」
＝「シル・アク・タク(sir-ak-tak)」＝「山の・弟の（ように小さいもの）or矢を射る・石」
or「シル・アク・タ(sir-ak-ta)」＝「山の・弟の（ように小さいもの）or矢を射る（ところ）・の方」
アイヌ語：「梀隄（県）」
＝「テュ・オク・テュ・エ・エン(tu-ok-tu-e-en)」＝「峰の・うなじの（盆の窪のような窪みの）・峰が・そこで・突き出ている（ところ）」
アイヌ語：「棟隄（県）」
＝「テュン・テュ・エ・エン(tun-tu-e-en)」＝「山間の・峰が・そこで・突き出ている（ところ）」","jomon2_bnum66.html"
"溟州","支山県","江原特別自治道 江陵市 連谷面","支山県","支山県","連谷県","上古音：「支」ȶ i̯ĕɡ／ȶ ǐe／c jeɡ／t jieɣ／k rjig
上古音：「山」s ăn／ʃ ean／- -／s rian／s rian
随唐音：「連」l i̯ɛn／l ǐɛn／l jæn／l iæn／l jän／l ǐɛn
随唐音：「谷」k uk／k uk／k uk／k uk／k uk／k ok
随唐音：「谷」0 i̯wok／j ǐwok／0 juok／0 iuok／ji wok／0 ǐuk","アイヌ語：「支山（県）」
＝「テュ・イク・シル・エ・エン(tu-ik-sir-e-en)」＝「峰の・関節の（ように曲がった）・山が・そこで・突き出ている（ところ）」
アイヌ語：「連谷（県）」＝「リ・エン・ク・ク(ri-en-ku-ku)」＝「高く・突き出ている・矢（先のような形の峰）の・矢」※たくさんの矢先のような峰。","jomon2_bnum66.html"
"溟州","洞山県","江原特別自治道 襄陽郡 県南面 銅山里","洞山県","穴山県","洞山県","上古音：「穴」ɡʰ iwet／ɣ iwet／ɣ iuet／ɡ wet／gw it
上古音：「山」s ăn／ʃ ean／- -／s rian／s rian
随唐音：「洞」dʰ uŋ／d uŋ／dʰ uŋ／d uŋ／d ung／dʰ oŋ
随唐音：「山」ʂ ăn／ʃ æn／ʃ æn／ʂ æn／ṣ ăn／ʃ ɐn","アイヌ語：「穴山（県）」＝「キル・ウッ・シル・エ・エン(kir-ut-sir-e-en)」＝「山脚の・肋骨、枝分かれの・山が・そこで・突き出ている（ところ）」
アイヌ語：「洞山（県）」＝「テュン・シル・エ・エン(tun-sir-e-en)」＝「間の・山が・そこで・突き出ている（ところ）」※南北に並んだ間の出崎。","jomon2_bnum66.html"
"溟州","曲城郡","慶尚北道 安東市 臨河面","曲城郡","屈火郡","臨河郡","上古音：「屈」kʰ i̯wət／kʰ ǐwət／kʰ juə̆t／kʰ jwət／khw jət
上古音：「火」x wɑr／h uəi／x uə̂r／x wə／hw ərx
随唐音：「曲」kʰ i̯wok／kʰ ǐwok／kʰ juok／kʰ iuok／kh jwok／kʰ ǐuk
随唐音：「城」ʑ i̯ɛŋ／ʑ ǐɛŋ／ʑ jɛŋ／dʑ iæŋ／ź jäng／ʑ ǐɛŋ
随唐音：「臨」bl i̯əm／l ǐəm／l jəm／l iəm／bl jəm
随唐音：「河」ɣ ɑ／ɣ ɑ／ɣ ɑ／ɣ ɑ／ɣ â／ɣ ɑ","アイヌ語：「屈火（郡）」
＝「キル・アッ・ハィ(kir-at-hay)」＝「山脚が・たくさんある・カジキマグロの顎（のように鋭く突き出した峰）」
アイヌ語：「曲城（郡）」
＝「キル・オク・テュ・エ・エン(kir-ok-tu-e-en)」＝「山脚の・うなじの（盆の窪のような窪みの）・峰が・そこで・突き出ている（ところ）」
アイヌ語：「臨河（郡）」＝「リ・アム・キル・アゥ(ri-am-kir-aw)」＝「高い・爪の（ように平べったく鋭い）・山脚の・角、枝分かれ」","jomon2_bnum66.html"
"溟州","縁武県","慶尚北道 青松郡 安徳面","縁武県（or椽武県）／縁武県／椽武県","伊火兮県","安徳県","上古音：「伊」ʔ i̯ær／0 ǐei／ʔ jed／ʔ jier／· jid
上古音：「火」x wɑr／h uəi／x uə̂r／x wə／hw ərx
上古音：「兮」- -／ɣ ie／ɣ ieɡ／ɡ eɣ／g ig
随唐音：「縁」0 i̯wɛn／j ǐwɛn／0 juæn／0 iuæn／ji wän／0 ǐuɛn
随唐音：「武」m i̯u／m ǐu／m juo／m iuo／m ju／ɱ ǐu
随唐音：「椽」ȡʰ i̯wɛn／ȡ ǐwɛn／ȡʰ juæn／ɖ iuæn／ḍ jwän／ȡʰ ǐuɛn
随唐音：「安」ʔ ɑn／0 ɑn／ʔ ɑn／ʔ ɑn／· ân／ʔ ɑn
随唐音：「徳」t ək／t ək／t ək／t ək／t ək／t ək","アイヌ語：「伊火兮（県）」
＝「イェ・エ・エン・ハィ・キル・エ・エン(ye-e-en-hay-kir-e-en)」＝「岩、石が・そこで・突き出ている・カジキマグロの顎の（ように鋭く突き出た）・山脚が・そこで・突き出ている（ところ）」
アイヌ語：「縁武（県）」
＝「イェ・エ・エン・ムィ・オ(ye-e-en-muy-o)」＝「岩、石が・そこで・突き出ている・頂が・たくさんある（ところ）」
アイヌ語：「椽武（県）」
＝「テュ・エ・エン・ムィ・オ(tu-e-en-muy-o)」＝「峰が・そこで・突き出ている・頂が・たくさんある（ところ）」
アイヌ語：「安徳（県）」
＝「アゥ・ウン・テク(aw-un-tek)」＝「角、枝分かれ・にある・腕（のように伸びた峰）」","jomon2_bnum66.html"
"溟州","野城郡","大韓民国 慶尚北道 盈徳郡 盈徳邑","野城郡（or城城郡）／野城郡／城城郡","也尸忽郡","盈徳郡","上古音：「也」d i̯a／ʎ iai／d jăɡ／r aɣ／r iagx
上古音：「尸」ɕ i̯ər／ɕ ǐei／ç jed／stʰ jier／h rjid
上古音：「忽」xm wət／h uət／m̥ uə̂t／xm wət／hm ət
随唐音：「野」ʑ i̯wo／ʑ ǐo／ʑ jo／dʑ io／ź jwo／ʑ ǐo
随唐音：「野」0 i̯a／j ǐa／0 ja／0 ia／ji a／0 ǐa
随唐音：「城」ʑ i̯ɛŋ／ʑ ǐɛŋ／ʑ jɛŋ／dʑ iæŋ／ź jäng／ʑ ǐɛŋ
随唐音：「盈」0 i̯ɛŋ／j ǐɛŋ／0 jɛŋ／0 iæŋ／ji äng／0 ǐɛŋ
随唐音：「徳」t ək／t ək／t ək／t ək／t ək／t ək","アイヌ語：「也尸忽（郡）」
＝「テュ・アゥ・ウン・シル・エ・エン・ムィ・アッ(tu-aw-un-sir-e-en-muy-at)」＝「峰の・角、枝分かれ・にある・山が・そこで・突き出ている・頂が・たくさんある（ところ）」
アイヌ語：「野城（郡）」
＝「テュ・オ・テュ・エ・エン(tu-o-tu-e-en)」＝「峰が・たくさんある・峰が・そこで・突き出ている（ところ）」
or「イ・アゥ・テュ・エ・エン(i-aw-tu-e-en)」＝「その・角、枝分かれの・峰が・そこで・突き出ている（ところ）」
アイヌ語：「城城（郡）」
＝「テュ・エ・エン・テュ・エ・エン(tu-e-en-tu-e-en)」＝「峰が・そこで・突き出ている（ところ）・峰が・そこで・突き出ている（ところ）」※峰がたくさん突き出ているところ。
アイヌ語：「盈徳（郡）」＝「イ・エ・エン・テク(i-e-en-tek)」＝「それが・そこで・突き出ている・腕（のように伸びた峰）」","jomon2_bnum66.html"
"溟州","眞安県","慶尚北道青松郡真宝面","眞安県","助攬県","甫城府","上古音：「助」dʐʰ i̯o／dʒ ǐa／dzʰ aɡ／dz iaɣ／dz rjagh
上古音：「攬」ɡl ɑm／l am／- -／l am／- -
随唐音：「真」tɕ i̯ĕn／tɕ ǐěn／tɕ jen／tɕ iɪn／tś jĕn／tɕ ǐen
随唐音：「安」ʔ ɑn／0 ɑn／ʔ ɑn／ʔ ɑn／· ân／ʔ ɑn
随唐音：「甫」p i̯u／p ǐu／p juo／p iuo／p ju／pf ǐu
随唐音：「城」ʑ i̯ɛŋ／ʑ ǐɛŋ／ʑ jɛŋ／dʑ iæŋ／ź jäng／ʑ ǐɛŋ","アイヌ語：「助攬（県）」
＝「テュ・アゥ・ウン・ル・アム(tu-aw-un-ru-am)」＝「峰の・角、枝分かれ・にある・消えかかっている・爪（のように平べったく鋭い峰）」
or「テュ・アク・ル・アム(tu-ak-ru-am)」＝「峰の・弟の（ように小さいものの）or矢を射る・消えかかっている・爪（のように平べったく鋭い峰）」
アイヌ語：「眞安（県）」
＝「テュ・エ・エン・アゥ・ウン(tu-e-en-aw-un)」＝「峰が・そこで・突き出ている・角、枝分かれ・にある（ところ）」
アイヌ語：「甫城（府）」
＝「ピル・オ・テュ・エ・エン(pir-o-tu-e-en)」＝「傷（のように切り刻まれたもの）が・たくさんある・峰が・そこで・突き出ている（ところ）」","jomon2_bnum66.html"
"溟州","積善県","慶尚北道 青松郡青松邑","積善県","青己県","青宝県／青鳧県／青宝県／青鳧県","上古音：「青」tsʰ ieŋ／tsʰ ieŋ／tsʰ ieŋ／tsʰ eŋ／tsh ing
上古音：「己」k i̯əɡ／k ǐə／k jəɡ／k iəɣ／k jəgx
随唐音：「積」ts ie̯ ／ts ǐe／ts je／ts iɪ／ts jĕ／ts ǐɛ
随唐音：「積」ts i̯ɛk／ts ǐɛk／ts jɛk／ts iæk／ts jäk／ts ǐɛk
随唐音：「善」ʑ i̯ɛn／ʑ ǐɛn／ʑ jæn／dʑ iæn／ź jän／ʑ ǐɛn
随唐音：「青」tsʰ ieŋ／tsʰ ieŋ／tsʰ ieŋ／tsʰ iɛŋ／tsh ieng／tsʰ ieŋ
随唐音：「寶」p ɑu／p ɑu／p ɑu／p ɑu／p âu／p ɑu
随唐音：「鳧」bʰ i̯u／b ǐu／bʰ juo／b iuo／b ju／bvʰ ǐu","アイヌ語：「青己（県）」
＝「テュ・エ・エン・キル・エ・エン(tu-e-en-kir-e-en)」＝「峰が・そこで・突き出ている・山脚が・そこで・突き出ている（ところ）」
or「テュ・エ・エン・キル・エ・ケ(tu-e-en-kir-e-ke)」＝「峰が・そこで・突き出ている・山脚の・頭・のところ」
アイヌ語：「積善（県）」＝「テュ・エ・テュ・エ・エン(tu-e-tu-e-en)」＝「峰の・頭・峰の・頭が・突き出ている（ところ）」
アイヌ語：「青宝（県）」
＝「テュ・エ・エン・パ・アゥ(tu-e-en-pa-aw)」＝「峰が・そこで・突き出ている・頭、岬の・角、枝分かれ」
アイヌ語：「青鳧（県）」
＝「テュ・エ・エン・ピル・オ(tu-e-en-pir-o)」＝「峰が・そこで・突き出ている・傷（のように切り刻まれた峰）が・たくさんある（ところ）」","jomon2_bnum66.html"
"溟州","有鄰郡","大韓民国 慶尚北道 盈徳郡 寧海面","有鄰郡","于尸郡","禮州","上古音：「于」ɡ i̯wo／ɣ ǐwa／ɣ juaɡ／ɣ jwaɣ／gw jag
上古音：「尸」ɕ i̯ər／ɕ ǐei／ç jed／stʰ jier／h rjid
随唐音：「有」j i̯ə̯u／ɣ ǐəu／ɣ ju／j iəu／j ə̆u／j ǐou
随唐音：「鄰」l i̯ĕn／l ǐěn／l jen／l iɪn／l jĕn／l ǐen
随唐音：「禮」l iei／l iei／l iɛi／l iɛi／l iei／l iei","アイヌ語：「于尸（郡）」
＝「キル・アゥ・ウン・シル・エ・エン(kir-aw-un-sir-e-en)」＝「山脚の・角、枝分かれ・にある・山が・そこで・突き出ている（ところ）」
アイヌ語：「有鄰（郡）」
＝「キル・アゥ・リ・エン(kir-aw-ri-en)」＝「山脚の・角、枝分かれが・高く・突き出ている（ところ）」
or「イ・アゥ・リ・エン(i-aw-ri-en)」＝「それの・角、枝分かれが・高く・突き出ている（ところ）」
アイヌ語：「禮（郡）」＝「リー・エン(ri-en)」＝「高く・突き出ている（ところ）」","jomon2_bnum66.html"
"溟州","海阿県","大韓民国 慶尚北道 浦項市 北区 清河面市場里","海阿県","阿兮県","清河県","上古音：「阿」ʔ ɑ／0 ai／ʔ ɑ／ʔ a／· ar
上古音：「兮」- -／ɣ ie／ɣ ieɡ／ɡ eɣ／g ig
随唐音：「海」x ɑ̆i／h ɒi／x Ai／x əi／x ậi／x əi
随唐音：「阿」ʔ ɑ／0 ɑ／ʔ ɑ／ʔ ɑ／· ／ ʔ ɑ
随唐音：「清」tsʰ i̯ɛŋ／tsʰ ǐɛŋ／tsʰ jɛŋ／tsʰ iæŋ／tsh jäng／tsʰ ǐɛŋ
随唐音：「河」ɣ ɑ／ɣ ɑ／ɣ ɑ／ɣ ɑ／ɣ â／ɣ ɑ","アイヌ語：「阿兮（県）」
＝「アゥ・キル・エ・ケ(aw-kir-e-ke)」＝「角、枝分かれの・山脚の・頭、岬・のところ」
or「アィ・キル・エ・ケ(ay-kir-e-ke)」＝「矢、カジキマグロの顎の（ように鋭く突き出た）・山脚の・頭、岬・のところ」
or「アゥ・キル・エ・エン(aw-kir-e-en)」＝「角、枝分かれの・山脚が・そこで・突き出ている（ところ）」
or「アィ・キル・エ・エン(ay-kir-e-en)」＝「矢、カジキマグロの顎の（ように鋭く突き出た）・山脚が・そこで・突き出ている（ところ）」
アイヌ語：「海阿（県）」
＝「ハィ・アゥ(hay-aw)」＝「カジキマグロの顎の（ように鋭く突き出た）・角、枝分かれ（の峰）」
アイヌ語：「清河（県）」
＝「テュ・エ・エン・キル・アゥ(tu-e-en-kir-aw)」＝「峰が・そこで・突き出ている・山脚の・角、枝分かれ」","jomon2_bnum66.html"
"溟州","蔚珍郡","慶尚北道 蔚珍郡 蔚珍邑県内里・邑内里","蔚珍郡","于珍也郡","蔚珍郡","上古音：「于」ɡ i̯wo／ɣ ǐwa／ɣ juaɡ／ɣ jwaɣ／gw jag
上古音：「珍」t i̯ən／t ǐen／t jen／t ien／t rjin
上古音：「也」d i̯a／ʎ iai／d jăɡ／r aɣ／r iagx
随唐音：「蔚」ʔ jwe̯i／0 ǐwəi／ʔ juəi／ʔ iuəi／· jwĕi／ʔ ǐuəi
随唐音：「珍」ȶ i̯ĕn／ȶ ǐěn／ȶ jen／ʈ iɪn／ṭ jĕn／ȶʰ ǐen","アイヌ語：「于珍也（郡）」
＝「キル・アゥ・ウン・テュ・エ・エン・テュ・アゥ・ウン(kir-aw-un-tu-e-en-tu-aw-un)」＝「山脚の・角、枝分かれ・にある・峰が・そこで・突き出ている（ところ）・峰の・角、枝分かれ・にある（ところ）」
or「キル・アゥ・ウン・テュ・エ・エン・テュ・アィ(kir-aw-un-tu-e-en-tu-ay)」＝「山脚の・角、枝分かれ・にある・峰が・そこで・突き出ている（ところ）・峰の・矢、カジキマグロの顎の（ように鋭く突き出たもの）」
or「キル・アゥ・ウン・テュ・エ・エン・テュ・アク(kir-aw-un-tu-e-en-tu-ak)」＝「山脚の・角、枝分かれ・にある・峰が・そこで・突き出ている（ところ）・峰の・弟（のように小さいもの）or矢を射る（ところ）」
アイヌ語：「蔚珍（郡）」
＝「ウル・テュ・エ・エン(ur-tu-e-en)」＝「丘の・峰が・そこで・突き出ている（ところ）」
or「イ・エ・エン・テュ・エ・エン(i-e-en-tu-e-en)」＝「それが・そこで・突き出ている（ところ）・峰が・そこで・突き出ている（ところ）」","jomon2_bnum66.html"
"溟州","海曲県","慶尚北道蔚珍郡梅花面徳新里","海曲県","波旦県","未詳","上古音：「波」p wa／p uai／p uɑ／p wa／p ar
上古音：「旦」t ɑn／t an／t ɑn／t an／t anh
随唐音：「海」x ɑ̆i／h ɒi／x Ai／x əi／x ậi／x əi
随唐音：「曲」kʰ i̯wok／kʰ ǐwok／kʰ juok／kʰ iuok／kh jwok／kʰ ǐuk","アイヌ語：「波旦（県）」
＝「プ・アィ・タ・アン(pu-ay-ta-an)」＝「倉の（屋根のような三角山の）・矢、カジキマグロの顎（のように鋭く突き出た峰）・に・ある（ところ）」
or「プ・アゥ・タ・アン(pu-aw-ta-an)」＝「倉の（屋根のような三角山の）・角、枝分かれ・に・ある（ところ）」
アイヌ語：「海曲（県）」
＝「ハィ・キル・オク(hay-kir-ok)」＝「カジキマグロの顎（のように鋭く突き出た）・山脚の・うなじ（盆の窪のような窪み）」","jomon2_bnum66.html"
"溟州","奈城郡","江原特別自治道 寧越郡 寧越邑","奈城郡","奈生郡","臨河郡／寧越郡","上古音：「奈」- -／n at／- -／- -／- -
上古音：「生」s ĕŋ／ʃ eŋ／s ĕŋ／s reŋ／s ring
随唐音：「奈」n ɑi／n ɑi／n ɑi／n âi／n ai
随唐音：「奈」n ɑ／n ɑ／n ɑ／n â／n ɑ
随唐音：「城」ʑ i̯ɛŋ／ʑ ǐɛŋ／ʑ jɛŋ／dʑ iæŋ／ź jäng／ʑ ǐɛŋ
随唐音：「寧」n ieŋ／n ieŋ／n ieŋ／n iɛŋ／n ieng／n ieŋ
随唐音：「越」j i̯wɐt／ɣ ǐwɐt／ɣ juɐt／j iuɑt／j wɐt／j ǐuɐt
随唐音：「越」ɣ uɑt／ɣ uɑt／ɣ uɑt／ɣ uɑt／ɣ uât／ɣ uɑt","アイヌ語：「奈生（郡）」
＝「ノッ・シル・エ・エン(not-sir-e-en)」＝「岬の・山が・そこで・突き出ている（ところ）」
アイヌ語：「奈城（郡）」
＝「ナィ・テュ・エ・エン(nay-tu-e-en)」＝「川の・峰が・そこで・突き出ている（ところ）」
アイヌ語：「寧越（郡）」
＝「ナィ・エ・エン・キル・アッ(nay-e-en-kir-at)」＝「川が・そこで・突き出ている・山脚が・たくさんある（ところ）」
or「ニ・エ・エン・キル・アッ(ni-e-en-kir-at)」＝「棒（のように細長い峰）が・そこで・突き出ている・山脚が・たくさんある（ところ）」","jomon2_bnum66.html"
"溟州","子春県","忠清北道丹陽郡永春面","子春県","乙阿旦県","永春県","上古音：「乙」ʔ i̯æt／0 ǐet／ʔ jət／ʔ iət／· jət
上古音：「阿」ʔ ɑ／0 ai／ʔ ɑ／ʔ a／ · ar
上古音：「旦」t ɑn／t an／t ɑn／t an／t anh
随唐音：「子」ts i／ts ǐə／ts i／ts i／ts ï／ts ǐə
随唐音：「春」tɕʰ i̯uĕn／tɕʰ ǐuěn／tɕʰ juen／tɕʰ iuɪn／tśh juĕn／tɕʰ ǐuen
随唐音：「永」j i̯wɐŋ／ɣ ǐwɐŋ／ɣ juɐŋ／j iuaŋ／j wɐng／j ǐuaŋ","アイヌ語：「乙阿旦（県）」
＝「イェ・アッ・アゥ・タ・アン(ye-at-aw-ta-an)」＝「岩が・たくさんある・角、枝分かれ・に・ある（ところ）」
アイヌ語：「子春（県）」
＝「チン・テュ・エ・エン(cin-tu-e-en)」＝「崖の・峰が・そこで・突き出ている（ところ）」
or「テュ・エ・テュ・エ・エン(tu-e-tu-e-en)」＝「峰の・頭・峰の・頭が・突き出ている（ところ）」 ※たくさんの峰の頭が突き出ているところ。
アイヌ語：「永春（県）」
＝「イェ・アゥ・ウン・テュ・エ・エン(ye-aw-un-tu-e-en)」＝「岩の・角、枝分かれ・にある・峰が・そこで・突き出ている（ところ）」","jomon2_bnum66.html"
"溟州","白烏県","江原特別自治道平昌郡平昌邑","子春県／白烏県","郁烏県","平昌県","上古音：「郁」ʔ i̯ŭk／0 ǐwək／ʔ juə̆k／ʔ jwək／·w jək
上古音：「烏」ʔ o／0 a／ʔ ɑɡ／ʔ aɣ／· ag
随唐音：「白」bʰ ɐk／b ɐk／bʰ ɐk／b ak／b ɐk／bʰ ak
随唐音：「烏」ʔ uo／0 u／ʔ uo／ʔ uo／· uo／ʔ u
随唐音：「平」bʰ i̯wɐŋ／b ǐɐŋ／bʰ jɐŋ／b iaŋ／b jɐng／bʰ ǐaŋ
随唐音：「昌」tɕʰ i̯aŋ／tɕʰ ǐaŋ／tɕʰ jɑŋ／tɕʰ iɑŋ／tśh jang／tɕʰ ǐɑŋ","アイヌ語：「郁烏（県）」
＝「イェ・アク・アゥ・ウン(ye-ak-aw-un)」＝「岩の・弟（のように小さい峰）or矢を射る・角、枝分かれ）・にある（ところ）」
アイヌ語：「白烏（県）」
＝「パ・アク・ウ・オ(pa-ak-u-o)」＝「岬の・弟（のように小さいもの）or矢を射る（ところ）が・互いに・たくさんある（ところ）」
アイヌ語：「平昌（県）」
＝「ピ・アゥ・ウン・テュ・アゥ・ウン(pi-aw-un-tu-aw-un)」＝「石の・角、枝分かれ・にある・峰の・角、枝分かれ・にある（ところ）」","jomon2_bnum66.html"
"溟州","酒泉県","江原特別自治道寧越郡酒泉面","酒泉県","酒淵県","酒泉県","上古音：「酒」ts／ts ǐu／ts jŏɡ／ts jəw／ts jəgwx
上古音：「淵」ʔ iwen／0 iwen／ʔ iuen／ʔ wen／·w in
随唐音：「酒」ts i̯ə̯u／ts ǐəu／ts ju／ts iəu／ts jə̆u／ts ǐou
随唐音：「泉」dzʰ i̯wɛn／dz ǐwɛn／dzʰ juæn／dz iuæn／dz jwän／dzʰ ǐuɛn","アイヌ語：「酒淵（県）」＝「テュ・エ・エン・イ・エ・エン(tu-e-en-i-e-en)」＝「峰が・そこで・突き出ている（ところ）・それが・そこで・突き出ている（ところ）」※たくさんの突き出ている峰の頭、岬。
アイヌ語：「酒泉（県）」
＝「テュ・エ・エン・テュ・エ・エン(tu-e-en-tu-e-en)」＝「峰が・そこで・突き出ている（ところ）・峰が・そこで・突き出ている（ところ）」※たくさんの突き出ている峰の頭、岬。","jomon2_bnum66.html"
"溟州","三陟郡","江原特別自治道三陟市","三陟郡","悉直国","三陟郡","上古音：「悉」- -／s ǐet／s jet／s jiet／s jit
上古音：「直」dʰ i̯ək／d ǐək／dʰ jək／d iək／d rjək
上古音：「三」s əm／s əm／s ə̂m／s əm／s əm
随唐音：「陟」ȶ i̯ək／ȶ ǐək／ȶ jək／ʈ iek／ṭ jək／ȶ ǐək","アイヌ語：「悉直（郡）」
＝「シル・アッ・テュ・アク(sir-at-tu-ak)」＝「山が・たくさんある・峰の・弟（のように小さいもの）or矢を射る（ところ）」
アイヌ語：「三陟（郡）」
＝「サム・テュ・アク(sam-tu-ak)」＝「隣の・峰の・弟（のように小さいもの）or矢を射る（ところ）」","jomon2_bnum66.html"
"溟州","竹嶺県","江原特別自治道太白市・長省","竹嶺県","竹峴県","未詳","上古音：「竹」t／t ǐuk／t jok／t iəwk／t rjəkw
上古音：「峴」- -／ɣ ian／- -／- -／- -
随唐音：「竹」ȶ i̯uk／ȶ ǐuk／ȶ juk／ʈ iuk／ṭ juk／ȶ ǐok
随唐音：「嶺」- -／l ǐɛŋ／l jɛŋ／l iæŋ／l jäng／l ǐɛŋ","アイヌ語：「竹峴（県）」
＝「テュク・キル・アゥ・ウン(tuk-kir-aw-un)」＝「小山の・山脚の・角、枝分かれ・にある（ところ）」
アイヌ語：「竹嶺（県）」
＝「テュク・リ・エン(tuk-ri-en)」＝「小山が・高く・突き出ている（ところ）」","jomon2_bnum66.html"
"溟州","満卿県","江原特別自治道三陟市近徳面","満卿県","満若県","未詳","上古音：「滿」m wɑn／m uan／m uɑn／m wan／m anx
上古音：「若」ȵ i̯ak／ȵ ǐak／ȵ jak／n jak／n jak
随唐音：「満」m uɑn／m uɑn／m uɑn／m uɑn／m uân／m uɑn
随唐音：「卿」kʰ i̯ɐŋ／kʰ ǐɐŋ／kʰ jɑŋ／kʰ iaŋ／kh jɐng／kʰ ǐaŋ","アイヌ語：「満若（県）」
＝「ム・アゥ・ウン・ニ・アク(mu-aw-un-ni-ak)」＝「ふさがった・角、枝分かれ・にある・棒の（ような峰の）・弟（のように小さいもの）or矢を射る（ところ）」
アイヌ語：「満卿（県）」
＝「ム・アゥ・ウン・キル・アゥ・ウン(mu-aw-un-kir-aw-un)」＝「ふさがった・角、枝分かれ・にある（ところ）・山脚の・角、枝分かれ・にある（ところ）」","jomon2_bnum66.html"
"溟州","羽谿県","江原特別自治道江陵市玉渓面","羽谿県","酒淵県／羽谷県","羽谿県","上古音：「羽」ɡ i̯wo／ɣ ǐwa／ɣ juaɡ／ɣ jwaɣ／gw jagx
上古音：「谷」k uk／k ɔk／k ûk／k ewk／k uk
上古音：「谷」ɡ i̯uk／ʎ ǐwɔk／ɡ juk／ɣr iewk／g rjuk
随唐音：「羽」j i̯u／ɣ ǐu／ɣ juo／j iuo／j u／j ǐu
随唐音：「谿」kʰ iei／kʰ iei／kʰ iɛi／kʰ iɛi／kh iei／kʰ iei","アイヌ語：「羽谷（県）」
＝「キル・アゥ・ウン・ク・ク(kir-aw-un-ku-ku)」＝「山脚の・角、枝分かれ・にある・矢（先のような形の峰）・矢」※たくさんの矢先の形の峰。
or「キル・アク・ク・ク(kir-ak-ku-ku)」＝「山脚の・弟の（ように小さい）or矢を射る・矢（先のような形の峰）・矢」
アイヌ語：「羽谿（県）」
＝「イ・ウ・オ・キル・エ・エン(i-u-o-kir-e-en)」＝「それが・互いに重なるように・たくさんある・山脚が・そこで・突き出ている（ところ）」","jomon2_bnum66.html"
"溟州","海利県","江原特別自治道三陟市遠徳邑湖山里、臨院里","海利県","波利県","未詳","上古音：「波」p wa／p uai／p uɑ／p wa／p ar
上古音：「利」l i̯əd／l ǐei／l jed／l ier／l jidh
随唐音：「海」x ɑ̆i／h ɒi／x Ai／x əi／x ậi／x əi
随唐音：「利」l ji／l i／l jei／l iɪi／l ji／l ǐe","アイヌ語：「波利（県）」
＝「プ・アィ・リ・エン(pu-ay-ri-en)」＝「倉の（屋根のように三角に尖った）・矢、カジキマグロの顎（のように鋭く突き出た峰）の・高く・突き出ている（ところ）」
or「プ・アゥ・リ・エン(pu-aw-ri-en)」＝「倉の（屋根のように三角に尖った）・角、枝分かれの・高く・突き出ている（ところ）」
アイヌ語：「海利（県）」
＝「ハィ・リ・エン(hay-ri-en)」＝「カジキマグロの顎（のように鋭く突き出た峰）が・高く・突き出ている（ところ）」","jomon2_bnum66.html"
"溟州","守城郡","江原特別自治道 高城郡 杆城邑","守城郡","〔辶守〕城郡","杵城郡","上古音：「守」ɕ／ɕ ǐu／ç jŏɡ／stʰ jəw／h rjəgwx
上古音：「城」ȡ i̯ĕŋ／ʑ ǐeŋ／ʑ jeŋ／d jieŋ／d jing
随唐音：「守」ɕ i̯ə̯u／ɕ ǐəu／ɕ ju／ɕ iəu／ś jə̆u／ɕ ǐou
随唐音：「城」ʑ i̯ɛŋ／ʑ ǐɛŋ／ʑ jɛŋ／dʑ iæŋ／ź jäng／ʑ ǐɛŋ
随唐音：「杵」tɕʰ i̯wo／tɕʰ ǐo／tɕʰ jo／tɕʰ io／tśh jwo／tɕʰ ǐo","アイヌ語：「〔辶守〕城（郡）」＝「シル・アゥ・ウン・テュ・エ・エン(sir-aw-un-tu-e-en)」＝「山の・角、枝分かれ・にある・峰が・そこで・突き出ている（ところ）」
アイヌ語：「守城（郡）」＝「シル・アゥ・テュ・エ・エン(sir-aw-tu-e-en)」＝「山の・角、枝分かれの・峰が・そこで・突き出ている（ところ）」
アイヌ語：「杵城（郡）」
＝「テュ・オ・テュ・エ・エン」
＝「峰が・たくさんある・峰が・そこで・突き出ている（ところ）」","jomon2_bnum66.html"
"溟州","童山県","大韓民国 江原特別自治道 高城郡 県内面","海利県／童山県","僧山県","烈山県","上古音：「僧」- -／s əŋ／- -／- -／- -
上古音：「山」s ăn／ʃ ean／- -／s rian／s rian
随唐音：「童」dʰ uŋ／d uŋ／dʰ uŋ／d uŋ／d ung／dʰ oŋ
随唐音：「山」ʂ ăn／ʃ æn／ʃ æn／ʂ æn／ṣ ăn／ʃ ɐn
随唐音：「烈」l i̯ɛt／l ǐɛt／l jæt／l iæt／l jät／l ǐɛt","アイヌ語：「僧山（県）」
＝「サン・シル・エ・エン(san-sir-e-en)」＝「前に出る・山が・そこで・突き出ている（ところ）」
アイヌ語：「童山（県）」
＝「テュ・ウン・シル・エ・エン(tu-un-sir-e-en)」＝「峰・にある・山が・そこで・突き出ている（ところ）」
アイヌ語：「烈山（県）」
＝「リ・アッ・シル・エ・エン(ri-at-sir-e-en)」＝「高く・たくさんある・山が・そこで・突き出ている（ところ）」","jomon2_bnum66.html"
"溟州","翼嶺県","大韓民国 江原特別自治道 襄陽郡 襄陽邑","翼嶺県","翼峴県／伊文","翼嶺県","上古音：「翼」ɡ i̯ək／ʎ ǐək／d jək／r iək／r ək
上古音：「峴」- -／ɣ ian／- -／- -／- -
上古音：「伊」ʔ i̯ær／0 ǐei／ʔ jed／ʔ jier／· jid
上古音：「文」m i̯wən／m ǐwən／m juə̆n／m jwən／m jən
随唐音：「翼」0 i̯ək／j ǐək／0 jək／0 iek／ji ək／0 ǐək
随唐音：「嶺」- -／l ǐɛŋ／l jɛŋ／l iæŋ／l jäng／l ǐɛŋ","or「伊文」（『高麗史』）景徳王以前（～757）の別名
アイヌ語：「翼峴（県）」
＝「リ・アク・キル・アゥ・ウン(ri-ak-kir-aw-un)」＝「高い・弟の（ように小さい峰の）or矢を射る・山脚の・角、枝分かれ・にある（ところ）」
or「キル・アク・キル・アゥ・ウン(kir-ak-kir-aw-un)」＝「山脚の・弟の（ように小さい峰の）or矢を射る・山脚の・角、枝分かれ・にある（ところ）」
or「テュ・アク・キル・アゥ・ウン(tu-ak-kir-aw-un)」＝「峰の・弟の（ように小さい峰の）or矢を射る・山脚の・角、枝分かれ・にある（ところ）」
アイヌ語：「伊文（県）」
＝「イ・エ・エン・ムィ・エ・エン(i-e-en-muy-e-en)」＝「それが・そこで・突き出ている（ところ）・頂が・そこで・突き出ている（ところ）」※たくさんの峰が突き出ているところ。
アイヌ語：「翼嶺（県）」
＝「イ・アク・リ・エン(i-ak-ri-en)」＝「その・弟の（ように小さい峰）or矢を射る（ところ）・高く・突き出ている（ところ）」","jomon2_bnum66.html"
"溟州","高城郡","北朝鮮 江原道 高城郡 高城邑","高城郡","達忽郡","高城郡","上古音：「達」tʰ ɑt／- -／tʰ ɑt／- -／th at／
上古音：「達」dʰ ɑt／d at／dʰ ɑt／d at／d at
上古音：「忽」xm wət／h uət／m̥ uə̂t／xm wət／hm ət
随唐音：「高」k ɑu／k ɑu／k ɑu／k ɑu／k âu／k ɑu
随唐音：「城」ʑ i̯ɛŋ／ʑ ǐɛŋ／ʑ jɛŋ／dʑ iæŋ／ź jäng／ʑ ǐɛŋ","アイヌ語：「達忽（郡）」
＝「テュ・アッ・ムィ・アッ(tu-at-muy-at)」＝「峰が・たくさんある（ところ）・頂が・たくさんある（ところ）」
アイヌ語：「高城（郡）」＝「ク・アゥ・テュ・エ・エン(ku-aw-tu-e-en)」＝「矢（先のような形の峰）の・角、枝分かれの・峰が・そこで・突き出ている（ところ）」","jomon2_bnum66.html"
"溟州","豢猳県","北朝鮮高城郡旧邑里","豢猳県","猪［辶＋守］穴県","金城県","上古音：「猪」t i̯o／- -／- -／- -／- -
上古音：「守」ɕ／ɕ ǐu／ç jŏɡ／stʰ jəw／h rjəgwx
上古音：「穴」ɡʰ iwet／ɣ iwet／ɣ iuet／ɡ wet／gw it
随唐音：「豢」ɣ wan／ɣ wan／ɣ uan／ɣ uan／ɣ wan／ɣ uan
随唐音：「猳」- -／ k a／k a／k a／k a／k a
随唐音：「金」k i̯əm／k ǐěm／k jem／k iem／k jəm／k ǐəm
随唐音：「城」ʑ i̯ɛŋ／ʑ ǐɛŋ／ʑ jɛŋ／dʑ iæŋ／ź jäng／ʑ ǐɛŋ","アイヌ語：「猪［辶＋守］穴（県）」
＝「テュ・オ・シル・アゥ・ウン・キル・アッ(tu-o-sir-aw-un-kir-at)」＝「峰が・たくさんある・山の・角、枝分かれ・にある・山脚が・たくさんある（ところ）」
or「テュ・オ・シル・アク・キル・アッ(tu-o-sir-ak-kir-at)」＝「峰が・たくさんある・山の・弟の（ように小さい）or矢を射る・山脚が・たくさんある（ところ）」
アイヌ語：「豢猳（県）」
＝「キル・アゥ・ウン・ク・アゥ(kir-aw-un-ku-aw)」＝「山脚の・角、枝分かれ・にある・矢（先のような形の峰）の・角、枝分かれ」
アイヌ語：「金城（県）」＝「キル・アム・テュ・エ・エン(kir-am-tu-e-en)」＝「山脚の・爪の（ように平べったく鋭い）・峰が・そこで・突き出ている（ところ）」","jomon2_bnum66.html"
"溟州","偏嶮県","北朝鮮江原道 高城郡 雲岩里","偏嶮県","平珍峴県（or平珍波衣）／平珍峴県／平珍波衣","雲巖県","上古音：「平」bʰ i̯ĕŋ／b ǐeŋ／bʰ jĕŋ／b ieŋ／b jing
上古音：「珍」t i̯ən／t ǐen／t jen／t ien／t rjin
上古音：「峴」- -／ɣ ian／- -／- -／- -
上古音：「波」p wa／p uai／p uɑ／p wa／p ar
上古音：「衣」ʔ i̯ər／0 ǐəi／ʔ jə̆d／ʔ jər／· jəd
随唐音：「偏」pʰ i̯ɛn／pʰ ǐɛn／pʰ jæn／pʰ iæn／ph jiän／pʰ ǐɛn
随唐音：「嶮」x i̯ɛm,x i̯ɐm／h ǐɛm／x jæm／x iam／x jäm／x ǐɛm
随唐音：「雲」j i̯uən／ɣ ǐuən／ɣ juən／j iuən／j uən／j ǐuən
随唐音：「巖」ŋ am／ŋ am／ŋ am／ŋ am／ng am／ŋ am","アイヌ語：「平珍峴（県）」
＝「ピ・エ・エン・テュ・エ・エン・キル・アゥ・ウン(pi-e-en-tu-e-en-kir-aw-un)」＝「石が・そこで・突き出ている（ところ）・峰が・そこで・突き出ている（ところ）・山脚の・角、枝分かれ・にある（ところ）」
アイヌ語：「平珍波衣」
＝「ピ・エ・エン・テュ・エ・エン・プ・アィ・エ・エン(pi-e-en-tu-e-en-pu-ay-e-en)」＝「石が・そこで・突き出ている（ところ）・峰が・そこで・突き出ている（ところ）・倉の（屋根のように三角に尖った）・矢、カジキマグロの顎（のように鋭く突き出た峰）が・そこで・突き出ている（ところ）」
or「ピ・エ・エン・テュ・エ・エン・プ・アゥ・エ・エン(pi-e-en-tu-e-en-pu-aw-e-en)」＝「石が・そこで・突き出ている（ところ）・峰が・そこで・突き出ている（ところ）・倉の（屋根のように三角に尖った）・角、枝分かれが・そこで・突き出ている（ところ）」
アイヌ語：「偏嶮（県）」
＝「ピ・エ・エン・ハィ・アム(pi-e-en-hay-am)」＝「石が・そこで・突き出ている・カジキマグロの顎の（ように鋭く突き出た）・爪（のように鋭い峰）」
アイヌ語：「雲巖（県）」
＝「イェ・エ・エン・キル・アム(ye-e-en-kir-am)」＝「岩が・そこで・突き出ている・山脚の・爪（のように鋭いもの）」
or「キル・エ・エン・キル・アム(kir-e-en-kir-am)」＝「山脚が・そこで・突き出ている・山脚の・爪（のように鋭いもの）」","jomon2_bnum66.html"
"溟州","金壌郡","北朝鮮江原道通川郡","金壌郡","休壌郡","金壌郡","上古音：「休」x ／h ǐu／x jŏɡ／x jəw／h jəgw
上古音：「壌」ȵʑ i̯aŋ／ɽ ǐaŋ／ȵ jɑŋ／ȵ iɑŋ／ńź jang／n ǐɑŋ
随唐音：「金」k i̯əm／k ǐěm／k jem／k iem／k jəm／k ǐəm
随唐音：「壌」ȵʑ i̯aŋ／ɽ ǐaŋ／ȵ jɑŋ／ȵ iɑŋ／ńź jang／n ǐɑŋ","アイヌ語：「休壌（郡）」
＝「フル・アゥ・ウン・ニ・アゥ・ウン(hur-aw-un-ni-aw-un)」＝「丘の・角、枝分かれ・にある・棒のような（峰の）・角、枝分かれ・にある（ところ）」
or「フル・アゥ・ウン・テュ・アゥ・ウン(hur-aw-un-tu-aw-un)」＝「丘の・角、枝分かれ・にある・峰の・角、枝分かれ・にある（ところ）」
アイヌ語：「金壌（郡）」
＝「キル・アム(kir-am)・二・アゥ・ウン(aw-un)」＝「山脚の・爪の（ように鋭い）・棒のような（峰の）・角、枝分かれ・にある（ところ）」
or「キル・アム・テュ・アゥ・ウン(kir-am-tu-aw-un)」＝「山脚の・爪の（ように鋭い）・峰の・角、枝分かれ・にある（ところ）」","jomon2_bnum66.html"
"溟州","習谿県","北朝鮮江原道 通川郡","習谿県","習比谷県","歙谷県","上古音：「習」dz i̯əp／z ǐəp／z jəp／r jiəp／r jəp
上古音：「比」bʰ i̯ər／b ǐei／bʰ jed／b jier／b jid
上古音：「比」p i̯ər／p ǐei／p jed／p jier／p jidx
上古音：「谷」k uk／k ɔk／k ûk／k ewk／k uk
上古音：「谷」ɡ i̯uk／ʎ ǐwɔk／ɡ juk／ɣr iewk／g rjuk
随唐音：「習」z i̯əp／z ǐěp／z jep／z iɪp／z jəp／z ǐəp
随唐音：「谿」kʰ iei／kʰ iei／kʰ iɛi／kʰ iɛi／kh iei／kʰ iei
随唐音：「歙」x i̯əp／h ǐěp／x jep／x iep／x jəp／x ǐəp
随唐音：「歙」- -／ɕ ǐɛp／ɕ jæp／ɕ iæp／ś jäp／ɕ ǐɛp
随唐音：「谷」k uk／k uk／k uk／k uk／k uk／k ok
随唐音：「谷」0 i̯wok／j ǐwok／0 juok／0 iuok／ji wok／0 ǐuk","アイヌ語：「習比谷（県）」
＝「テュ・アプ・ピル・エ・エン・ク・ク(tu-ap-pir-e-en-ku-ku)」＝「峰の・釣り針の（ような形の）・傷（のように切り刻まれたもの）が・そこで・突き出ている・矢（先のような形の峰）の・矢」
アイヌ語：「習谿（県）」＝「テュ・アプ・キル・エ・エン(tu-ap-kir-e-en)」＝「峰の・釣り針の（ような形の）・山脚が・そこで・突き出ている（ところ）」
アイヌ語：「歙谷（県）」
＝「シル・アプ・ク・ク(sir-ap-ku-ku)」＝「山の・釣り針（のような形の峰）・矢（先のような形の峰）の・矢」
or「ハィ・アプ・ク・ク(hay-ap-ku-ku)」＝「カジキマグロの顎（のように鋭く尖った）・釣り針（のような形の峰）・矢（先のような形の峰）の・矢」","jomon2_bnum66.html"
"溟州","隄上県","北朝鮮 江原道 通川郡 碧山里","隄上県（or箸上県）／隄上県／箸上県","吐上県","碧山県","上古音：「吐」tʰ o／tʰ a／tʰ ɑɡ／tʰ aɣ／th agx
上古音：「上」ȡ i̯aŋ／ʑ ǐaŋ／ʑ jaŋ／d jaŋ／d jangx
随唐音：「隄」t iei／t iei／t iɛi／t iɛi／t iei／t iei
随唐音：「上」ʑ i̯aŋ／ʑ ǐaŋ／ʑ jɑŋ／dʑ iɑŋ／ź jang／ʑ ǐɑŋ
随唐音：「箸」- -／ȶ ǐo／ȶ jo／ʈ io／ṭ jwo／ȶ ǐo
随唐音：「箸」ȡʰ i̯wo／ȡ ǐo／ȡʰ jo／ɖ io／ḍ jwo／ȶʰ ǐo
随唐音：「碧」p i̯ɐk／p ǐɐk／p jɐk／p iɑk／p jäk／- -
随唐音：「山」ʂ ăn／ʃ æn／ʃ æn／ʂ æn／ṣ ăn／ʃ ɐn","アイヌ語：「吐上（県）」
＝「テュ・アク・テュ・アゥ・ウン(tu-ak-tu-aw-un)」＝「峰の・弟（のように小さいもの）or矢を射る・峰の・角、枝分かれ・にある（ところ）」
or「テュ・アゥ・ウン・テュ・アゥ・ウン(tu-aw-un-tu-aw-un)」＝「峰の・角、枝分かれ・にある（ところ）・峰の・角、枝分かれ・にある（ところ）」※たくさんの峰の枝分かれ。
アイヌ語：「隄上（県）」＝「テュ・エ・エン・テュ・アゥ・ウン(tu-e-en-tu-aw-un)」＝「峰が・そこで・突き出ている・峰の・角、枝分かれ・にある（ところ）」
アイヌ語：「箸上（県）」
＝「テュ・オ・テュ・アゥ・ウン(tu-o-tu-aw-un)」＝「峰が・たくさんある・峰の・角、枝分かれ・にある（ところ）」
アイヌ語：「碧山（県）」
＝「ピル・アク・シル・エ・エン(pir-ak-sir-e-en)」＝「傷の（ように切り刻まれた）・弟の（ように小さい）or矢を射る・山が・そこで・突き出ている（ところ）」","jomon2_bnum66.html"
"溟州","臨道県","北朝鮮 江原道 通川郡 臨南里","臨道県","道臨（or助乙）県／道臨県／助乙","臨道県","上古音：「道」dʰ -／d u／dʰ ô／d əw／d əgwx
上古音：「臨」bl i̯əm／l ǐəm／l jəm／l iəm／bl jəm
上古音：「助」dʐʰ i̯o／dʒ ǐa／dzʰ aɡ／dz iaɣ／dz rjagh
上古音：「乙」ʔ i̯æt／0 ǐet／ʔ jət／ʔ iət／· jət
随唐音：「臨」bl i̯əm／l ǐəm／l jəm／l iəm／bl jəm
随唐音：「道」dʰ ɑu／d ɑu／dʰ ɑu／d ɑu／d âu／dʰ ɑu","アイヌ語：「道臨（県）」
＝「テュ・アゥ・リ・アム(tu-aw-ri-am)」＝「峰の・角、枝分かれの・高い・爪（のように平べったく鋭いもの）」
アイヌ語：「助乙（県）」
＝「テュ・アゥ・イェ・アッ(tu-aw-ye-at)」＝「峰の・角、枝分かれの・岩が・たくさんある（ところ）」
or「テュ・アク・イェ・アッ(tu-ak-ye-at)」＝「峰の・弟の（ように小さいものの）or矢を射る・岩が・たくさんある（ところ）」
アイヌ語：「臨道（県）」＝「リ・アム・テュ・アゥ(ri-am-tu-aw)」＝「高い・爪の（ように平べったく鋭い）・峰の・角、枝分かれ」","jomon2_bnum66.html"
"溟州","派川県","北朝鮮 江原道 通川郡　旧・臨南面付近","派川県","改淵県（or岐淵県）／改淵県／岐淵県","派川県","上古音：「改」k əɡ／k ə／k ə̂ɡ／k əɣ／k əgx
上古音：「淵」ʔ iwen／0 iwen／ʔ iuen／ʔ wen／·w in
上古音：「岐」ɡʰ i̯ĕɡ／g ǐe／ɡʰ jeɡ／ɡ jieɣ／g jig
随唐音：「派」- -／pʰ ai／pʰ æi／pʰ æi／ph waï／pʰ uæi
随唐音：「川」tɕʰ i̯wɛn／tɕʰ ǐwɛn／tɕʰ juæn／tɕʰ iuæn／tśh jwän／tɕʰ ǐuɛn","アイヌ語：「改淵（県）」
＝「ク・エ・エン・イェ・エ・エン(ku-e-en-ye-e-en)」＝「矢（先のような形）が・そこで・突き出ている（ところ）・岩が・そこで・突き出ている（ところ）」
アイヌ語：「岐淵（県）」＝「キル・エ・エン・イェ・エ・エン(kir-e-en-ye-e-en)」＝「脚が・そこで・突き出ている（ところ）・岩が・そこで・突き出ている（ところ）」
アイヌ語：「派川（県）」＝「パ・アィ・テュ・エ・エン(pa-ay-tu-e-en)」＝「頭の・矢、カジキマグロの顎（のように鋭く尖った）・峰が・そこで・突き出ている（ところ）」","jomon2_bnum66.html"
"溟州","鶴浦県","北朝鮮 江原道 通川郡庫底邑、あるいは近隣の海岸・潟湖流域","鶴浦県","鵠浦県（or古衣浦）／鵠浦県／古衣浦県","鶴浦県","上古音：「鵠」ɡʰ／ɣ uk／ɣ ôk／ɡ əwk／g əkw
上古音：「浦」pʰ wo／pʰ ua／pʰ uɑɡ／pʰ waɣ／ph agx
上古音：「古」k o／k a／k ɑɡ／k aɣ／k agx
上古音：「衣」ʔ i̯ər／0 ǐəi／ʔ jə̆d／ʔ jər／· jəd
随唐音：「鶴」ɣ ɑk／ɣ ɑk／ɣ ɑk／ɣ ɑk／ɣ âk／ɣ ɑk
随唐音：「浦」pʰ uo／pʰ u／pʰ uo／pʰ uo／ph uo／pʰ u","アイヌ語：「鵠浦（県）」
＝「ク・アク・プ・アク(ku-ak-pu-ak)」＝「矢の・弟（のように小さい）or射る（ところ）・倉（の屋根のような三角）の・弟or射る（ところ）」
アイヌ語：「古衣浦（県）」
＝「ク・アク・イェ・エ・エン・プ・アク(ku-ak-ye-e-en-pu-ak)」＝「矢の・弟（のように小さい）or射る（ところ）・岩が・そこで・突き出ている・倉（の屋根のような三角）の・弟or矢を射る（ところ）」
アイヌ語：「鶴浦（県）」＝「ク・アク・プ・オ(ku-ak-pu-o)」＝「矢の・弟（のように小さい）or射る（ところ）・倉の（屋根のような三角の）・尻、末端」","jomon2_bnum66.html"
"朔州","朔州","江原特別自治道春川市","朔州","牛首州／首若州","春州","随唐音：「牛」ŋ i̯ə̯u／ŋ ǐəu／ŋ ju／ŋ iəu／ng jə̆u／ŋ ǐou
随唐音：「首」ɕ i̯ə̯u／ɕ ǐəu／ɕ ju／ɕ iəu／ś jə̆u／ɕ ǐou
随唐音：「若」ȵʑ i̯ak／ɽ ǐak／ȵ jɑk／ȵ iɑk／ńź jak／nʑ ǐɑk
随唐音：「朔」s ɔk／ʃ ɔk／ʃ ɔk／ʂ ok／ṣ åk／ʃ ɔk
随唐音：「春」tɕʰ i̯uĕn／tɕʰ ǐuěn／tɕʰ juen／tɕʰ iuɪn／tśh juĕn／tɕʰ ǐuen","アイヌ語：「牛首（州）」＝
「キル・アゥ・シル・アゥ(kir-aw-sir-aw)」＝「山脚の・角、枝分かれ・山の・角、枝分かれ」
アイヌ語：「首若（州）」
＝
「シル・アゥ・ニ・アク(sir-aw-ni-ak)」＝「山の・角、枝分かれの・棒の（のように細長い）・弟（のように小さいもの）or矢を射る（ところ）」
or
「シル・アゥ・テュ・アク(sir-aw-tu-ak)」＝「山の・角、枝分かれの・峰の・弟（のように小さいもの）or矢を射る（ところ）」
アイヌ語：「朔（州）」
＝
「シル・アク(sir-ak)」＝「山の・弟（のように小さいもの）or矢を射る（ところ）」
アイヌ語：「春（州）」＝
「テュ・エ・エン(tu-e-en)」＝「峰が・そこで・つきでている（ところ）」","jomon2_bnum67.html"
"朔州","緑驍県","江原特別自治道洪川郡","緑驍県","伐力川県","洪川県","上古音：「伐」bʰ i̯wăt／b ǐwat／bʰ juăt／b jwat／b jat
上古音：「力」l i̯ək／l ǐək／l jək／l iək／l jək
上古音：「川」ȶʰ i̯wan／ȶʰ ǐwən／- -／- -／th jiən
随唐音：「綠」l i̯wok／l ǐwok／l juok／l iuok／l jwok／l ǐuk
随唐音：「驍」- -／k ieu／k iɛu／k iɛu／k ieu／k ieu
随唐音：「洪」ɣ uŋ／ɣ uŋ／ɣ uŋ／ɣ uŋ／ɣ ung／ɣ oŋ
随唐音：「川」tɕʰ i̯wɛn／tɕʰ ǐwɛn／tɕʰ juæn／tɕʰ iuæn／tśh jwän／tɕʰ ǐuɛn","アイヌ語：「伐力川（県）」
＝「ピル・アッ・リ・アク・テュ・ワ・アン(pir-at-ri-ak-tu-wa-an)」＝「傷（のように切り刻まれた峰）が・たくさんある・高い・弟の（ように小さい）or矢を射る・峰・に・ある（ところ）」
アイヌ語：「緑驍（県）」＝「リ・アク・キル・エ・エン(ri-ak-kir-e-en)」＝「高い・弟の（ように小さい）or矢を射る・山脚が・そこで・突き出ている（ところ）」
アイヌ語：「洪川（県）」＝「キル・ウン・テュ・エ・エン(kir-un-tu-e-en)」＝「山脚・にある・峰が・そこで・突き出ている（ところ）」","jomon2_bnum67.html"
"朔州","砥平県","京畿道 楊平郡 砥平面 祗平里","砥平県","砥峴県","砥平県","上古音：「砥」ȶ i̯ər／ ȶ ǐei／ȶ jed／t jier／t jid
上古音：「峴」- -／ɣ ian／- -／- -／- -
随唐音：「砥」tɕ i／tɕ i／tɕ jei／tɕ iɪi／tś ji／tɕ ǐe
随唐音：「平」bʰ i̯wɐŋ／b ǐɐŋ／bʰ jɐŋ／b iaŋ／b jɐng／bʰ ǐaŋ","アイヌ語：「砥峴（県）」＝「テュ・エ・エン・キル・アン(tu-e-en-kir-an)」＝「峰が・そこで・突き出ている・山脚・がある（ところ）」
アイヌ語：「砥平（県）」＝「テュ・エ・エン・ピル・アン(tu-e-en-pir-an)」＝「峰が・そこで・突き出ている・傷（のように切り刻まれた峰）が・ある（ところ）」","jomon2_bnum67.html"
"朔州","北原京","江原特別自治道 原州市","北原京","平原郡","原州","上古音：「平」bʰ i̯ĕŋ／b ǐeŋ／bʰ jĕŋ／b ieŋ／b jing
上古音：「原」ŋ i̯wăn／ŋ ǐwan／ŋ juăn／ŋ jwan／ngw jan
随唐音：「北」p ək／p ək／p ək／p ək／p ək／p ək
随唐音：「原」ŋ i̯wɐn／ŋ ǐwɐn／ŋ juɐn／ŋ iuɑn／ng jwɐn／ŋ ǐuɐn","アイヌ語：「平原（郡）」
＝「ピ・エ・エン・キル・アゥ・ウン(pi-e-en-kir-aw-un)」＝「石が・そこで・突き出ている・山脚の・角、枝分かれ・にある（ところ）」
or「ピル・エ・エン・キル・アゥ・ウン(pir-e-en-kir-aw-un)」＝「傷（のように切り刻まれた峰）が・そこで・突き出ている・山脚の・角、枝分かれ・にある（ところ）」
アイヌ語：「北原（京）」
＝「パ・アク・キル・アゥ・ウン(pa-ak-kir-aw-un)」＝「岬の・弟の（ように小さい）or矢を射る・山脚の・角、枝分かれ・にある（ところ）」
アイヌ語：「原（州）」＝「キル・アゥ・ウン(kir-aw-un)」＝「山脚の・角、枝分かれ・にある（ところ）」","jomon2_bnum67.html"
"朔州","奈隄郡","忠清北道堤川市","奈隄郡","奈吐郡","湜州","上古音：「奈」- -／n at／- -／- -／- -
上古音：「吐」tʰ o／tʰ a／tʰ ɑɡ／tʰ aɣ／th agx
随唐音：「奈」n ɑi／n ɑi／n ɑi／n âi／n ai
随唐音：「奈」- -／n ɑ／n ɑ／n ɑ／n â／n ɑ
随唐音：「隄」t iei／t iei／t iɛi／t iɛi／t iei／t iei
随唐音：「湜」ʑ iək／ʑ ǐək／ʑ jək／dʑ iek／ź jək／ʑ ǐək","アイヌ語：「奈吐（郡）」
＝「ナィ・ト・アク(nay-to-ak)」＝「川の・湖沼・弟（のように小さいもの）」
アイヌ語：「奈隄（郡）」
＝「ナィ・チゥ・エ・エン(nay-ciw-e-en)」＝「川の・水流、水脈が・そこで・突き出ている（ところ）」
アイヌ語：「湜（州）」＝「チゥ・アク(ciw-ak)」＝「水流、水脈の・弟（のように小さいもの）」","jomon2_bnum67.html"
"朔州","清風県","忠清北道 堤川市 清風面","清風県","沙熱伊県","清風県","上古音：「沙」s a／ʃ eai／s a／s ra／s rar
上古音：「熱」ȵ i̯at／ȵ ǐat／ȵ jæt／n jiat／n jat
上古音：「伊」ʔ i̯ær／0 ǐei／ʔ jed／ʔ jier／· jid
随唐音：「清」tsʰ i̯ɛŋ／tsʰ ǐɛŋ／tsʰ jɛŋ／tsʰ iæŋ／tsh jäng／tsʰ ǐɛŋ
随唐音：「風」p i̯uŋ／p ǐuŋ／p juŋ／p iuŋ／p jung／pf ǐoŋ","アイヌ語：「沙熱伊（県）」＝「シル・アゥ(sir-aw)・二・アッ・イェ・エ・エン(at-ye-e-en)」＝「山の・角、枝分かれの・棒（のように細長い峰）が・たくさんある・石、岩が・そこで・突き出ている（ところ）」
アイヌ語：「清風（県）」＝「テュ・エ・エン・ピ・ウン(tu-e-en-pi-un)」＝「峰が・そこで・突き出ている・石・にある（ところ）」","jomon2_bnum67.html"
"朔州","赤山県","忠清北道 丹陽郡 赤城面","赤山県","赤山県","丹山県","上古音：「赤」ȶʰ i̯ăk／ȶʰ iak／cʰ jăk／tʰ jiak／kh rjiak
上古音：「山」s ăn／ʃ ean／- -／s rian／s rian
随唐音：「丹」t ɑn／t ɑn／t ɑn／t ɑn／t ân／t ɑn
随唐音：「山」ʂ ăn／ʃ æn／ʃ æn／ʂ æn／ṣ ăn／ʃ ɐn","アイヌ語：「赤山（県）」＝「テュ・アク・シル・エ・エン(tu-ak-sir-e-en)」＝「峰の・弟の（ように小さい）or矢を射る・山が・そこで・突き出ている（ところ）」
アイヌ語：「丹山（県）」＝「テュ・アゥ・ウン・シル・エ・エン(tu-aw-un-sir-e-en)」＝「峰の・角、枝分かれ・にある・山が・そこで・突き出ている（ところ）」","jomon2_bnum67.html"
"朔州","奈靈郡","忠清北道堤川市","奈靈郡","奈已郡","剛州","上古音：「奈」- -／n at／- -／- -／- -
上古音：「己」k i̯əɡ／k ǐə／k jəɡ／k iəɣ／k jəgx
随唐音：「奈」n ɑi／n ɑi／n ɑi／n âi／n ai
随唐音：「奈」- -／n ɑ／n ɑ／n ɑ／n â／n ɑ
随唐音：「靈」l ieŋ／l ieŋ／l ieŋ／l iɛŋ／l ieng／l ieŋ
随唐音：「剛」k ɑŋ／k ɑŋ／k ɑŋ／k ɑn／k âng／k ɑŋ","アイヌ語：「奈己（郡）」
＝「ナン・キル・アク(nan-kir-ak)」＝「斜面の・山脚の・弟（のように小さいもの）or矢を射る（ところ）」
アイヌ語：「奈靈（郡）」
＝「ナン・リ・エン(nan-ri-en)」＝「斜面の・高く・突き出ている（ところ）」
アイヌ語：「剛（州）」＝「ク・アゥ・ウン(ku-aw-un)」＝「矢（先のような形の峰）の・角、枝分かれ・にある（ところ）」","jomon2_bnum67.html"
"朔州","善谷県","慶尚北道 栄州市 安定面","善谷県","買谷県","未詳","上古音：「買」- -／m e／m eɡ／m reɣ／m rigx
上古音：「谷」k uk／k ɔk／k ûk／k ewk／k uk
上古音：「谷」ɡ i̯uk／ʎ ǐwɔk／ɡ juk／ɣr iewk／g rjuk
随唐音：「善」ʑ i̯ɛn／ʑ ǐɛn／ʑ jæn／dʑ iæn／ź jän／ʑ ǐɛn
随唐音：「谷」k uk／k uk／k uk／k uk／k uk／k ok
随唐音：「谷」0 i̯wok／j ǐwok／0 juok／0 iuok／ji wok／0 ǐuk","アイヌ語：「買谷（県）」＝「メク・ク・ク(mek-ku-ku)」＝「尾根の・矢（先のような形の峰）・矢」
アイヌ語：「善谷（県）」＝「テュ・エ・エン・ク・ク(tu-e-en-ku-ku)」＝「峰が・そこで・突き出ている・矢（先のような形の峰）・矢」※突き出ているたくさんの矢先の形の峰。","jomon2_bnum67.html"
"朔州","玉馬県","慶尚北道奉化郡奉化邑","玉馬県","古斯馬県","洪川県／奉化県","上古音：「古」k o／k a／k ɑɡ／k aɣ／k agx
上古音：「斯」s i̯ĕɡ／s ǐe／s jeɡ／s jieɣ／s jig
上古音：「馬」m ɔ／m ea／m uăɡ／m rwaɣ／m ragx
随唐音：「玉」ŋ i̯wok／ŋ ǐwok／ŋ juok／ŋ iuok／ng jwok／ŋ ǐuk
随唐音：「馬」m a／m a／m a／m a／m a／m a
随唐音：「奉」bʰ i̯woŋ, pʰ i̯woŋ／b ǐwoŋ／bʰ juoŋ／b iuoŋ／b jwong／bvʰ ǐuŋ
随唐音：「化」x wa／h wa／x ua／x ua／x wa／x ua","アイヌ語：「古斯馬（県）」
＝「ク・アク・シル・アク・ム・アク(ku-ak-sir-ak-mu-ak)」＝「矢（先のような形の峰）の・弟（のように小さい）or射る（ところ）・山の・弟or矢を射る（ところ）・ふさがっている・弟or矢を射る（ところ）」
アイヌ語：「玉馬（県）」＝「キル・アク・ム・アゥ(kir-ak-mu-aw)」＝「山脚の・弟（のように小さい）or矢を射る（ところ）・ふさがっている・角、枝分かれ」
アイヌ語：「奉化（県）」＝「ピル・アゥ・ウン・ホ・アゥ(pir-aw-un-ho-aw)」＝「傷が（刻まれたような）・角、枝分かれ・にある・山尻の・角、枝分かれ」","jomon2_bnum67.html"
"朔州","岋山郡","慶尚北道栄州市順興面","岋山郡","及伐山郡","興州","上古音：「及」ɡʰ i̯əp／g ǐəp／ɡʰ jəp／ɡ iəp／g jəp
上古音：「伐」bʰ i̯wăt／b ǐwat／bʰ juăt／b jwat／b jat
上古音：「山」s ăn／ʃ ean／- -／s rian／s rian
随唐音：「岌」ŋ i̯əp／ŋ ǐěp／ŋ jep／ŋ iep／ng jəp／ŋ ǐəp 　※岋の異体字
随唐音：「山」ʂ ăn／ʃ æn／ʃ æn／ʂ æn／ṣ ăn／ʃ ɐn
随唐音：「興」x i̯əŋ／h ǐəŋ／x jəŋ／x ieŋ／x jəng／x ǐəŋ","アイヌ語：「及伐山（郡）」
＝「キル・アプ・ピル・アッ・シル・エ・エン(kir-ap-pir-at-sir-e-en)」＝「山脚の・釣り針の（ように曲がった）・傷（のように切り刻まれたもの）が・たくさんある・山が・そこで・突き出ている（ところ）」
アイヌ語：「岋山（郡）」
＝「キル・アプ・シル・エ・エン(kir-ap-sir-e-en)」＝「山脚の・釣り針の（ように曲がった）・山が・そこで・突き出ている（ところ）」
アイヌ語：「興（州）」
＝「ハィ・エン(hay-en)」＝「カジキマグロの顎（のように鋭く尖った峰）が・突き出ている（ところ）」
or「ヘ・エ・エン(he-e-en)」＝「頭が・そこで・突き出ている（ところ）」","jomon2_bnum67.html"
"朔州","鄰豊県","慶尚北道栄州市豊基邑、浮石面","玉馬県／鄰豊県","伊伐支県","未詳","上古音：「伊」ʔ i̯ær／0 ǐei／ʔ jed／ʔ jier／· jid
上古音：「伐」bʰ i̯wăt／b ǐwat／bʰ juăt／b jwat／b jat
上古音：「支」ȶ i̯ĕɡ／ȶ ǐe／c jeɡ／t jieɣ／k rjig
随唐音：「鄰」l i̯ĕn／l ǐěn／l jen／l iɪn／l jĕn／l ǐen
随唐音：「豐」pʰ i̯uŋ／pʰ ǐuŋ／pʰ juŋ／pʰ iuŋ／ph jung／pfʰ ǐoŋ","アイヌ語：「伊伐支（県）」
＝「イ・エ・エン・ピル・アッ・テュ・エ・エン(i-e-en-pir-at-tu-e-en)」＝「それが・そこで・突き出ている・傷（のように切り刻まれたもの）が・たくさんある・峰が・そこで・突き出ている（ところ）」
アイヌ語：「鄰豊（県）」＝「リ・エン・ピル・ウン(ri-en-pir-un)」＝「高く・突き出ている・傷（のように切り刻まれたもの）・にある（ところ）」","jomon2_bnum67.html"
"朔州","嘉平郡","京畿道加平郡","嘉平郡","斤平郡","興州／嘉平郡","上古音：「斤」k i̯ən／k iən／k jə̆n／k jən／k jən
上古音：「平」bʰ i̯ĕŋ／b ǐeŋ／bʰ jĕŋ／b ieŋ／b jing
随唐音：「嘉」k a／k a／k a／k a／k a／k a
随唐音：「平」bʰ i̯wɐŋ／b ǐɐŋ／bʰ jɐŋ／b iaŋ／b jɐng／bʰ ǐaŋ","アイヌ語：「斤平（郡）」
＝「キル・エ・エン・ピル・エ・エン(kir-e-en-pir-e-en)」＝「山脚が・そこで・突き出ている（ところ）・傷（のように切り刻まれた峰）が・そこで・突き出ている（ところ）」
アイヌ語：「嘉平（郡）」
＝「ク・アゥ・ピル・アゥ・ウン(ku-aw-pir-aw-un)」＝「矢（先のような形の峰）の・角、枝分かれ・傷（のように切り刻まれた峰）の・角、枝分かれ・にある（ところ）」","jomon2_bnum67.html"
"朔州","浚水県","京畿道加平郡朝宗面","浚水県","深川県","朝宗県","上古音：「深」ɕ i̯əm／ɕ ǐəm／ɕ jəm／stʰ jiəm／sth jəm
上古音：「川」ȶʰ i̯wan／ȶʰ ǐwən／- -／- -／th jiən
随唐音：「浚」s i̯uĕn／s ǐuěn／s juen／s iuɪn／s juĕn／s ǐuen
随唐音：「水」ɕ wi／ɕ wi／ɕ juei／ɕ iuɪi／ś jwi／s ǐue
随唐音：「朝」ȶ i̯ɛu／ȶ ǐɛu／ȶ jæu／ʈ iæu／ṭ jäu／ȶ ǐɛu
随唐音：「朝」ȡʰ i̯ɛu／ȡ ǐɛu／ȡʰ jæu／ɖ iæu／ḍ jäu／ȡʰ ǐɛu
随唐音：「宗」ts uoŋ／ts uoŋ／ts uoŋ／ts uoŋ／ts uong／ts uŋ","アイヌ語：「深川（県）」
＝「シル・アム・テュ・ワ・アン(sir-am-tu-wa-an)」＝「山の・爪の（ように平べったく鋭い）・峰・に・ある（ところ）」
or「シル・アム・テュ・エ・エン(sir-am-tu-e-en)」＝「山の・爪の（ように平べったく鋭い）・峰が・そこで・突き出ている（ところ）」
アイヌ語：「浚水（県）」＝「シル・エ・エン・シル・エ・エン(sir-e-en-sir-e-en)」＝「山が・そこで・突き出ている（ところ）・山が・そこで・突き出ている（ところ）」※たくさんの山が突き出ているところ。
アイヌ語：「朝宗（県）」
＝「テュ・アゥ・テュ・アゥ・ウン(tu-aw-tu-aw-un)」＝「峰の・角、枝分かれ・峰の・角、枝分かれ・にある（ところ）」※たくさんの峰の枝分かれ。
or「テュ・エ・エン・テュ・アゥ・ウン(tu-e-en-tu-aw-un)」＝「峰が・そこで・突き出ている・峰の・角、枝分かれ・にある（ところ）」","jomon2_bnum67.html"
"朔州","楊麓郡","京畿道加平郡","楊麓郡","楊口郡","陽溝県","上古音：「楊」d i̯aŋ／ʎ ǐaŋ／d jaŋ／r iaŋ／r ang
上古音：「口」kʰ u／kʰ ɔ／kʰ ûɡ／kʰ ew／kh ugx
随唐音：「楊」0 i̯aŋ／j ǐaŋ／0 jɑŋ／0 iɑŋ／ji ang／0 ǐɑŋ
随唐音：「麓」l uk／l uk／l uk／l uk／l uk／l ok
随唐音：「陽」0 i̯aŋ／j ǐaŋ／0 jɑŋ／0 iɑŋ／ji ang／0 ǐɑŋ
随唐音：「溝」k ə̯u／k əu／k u／k əu／k ə̆u／k ou","アイヌ語：「楊口（郡）」
＝「テュ・アゥ・ウン・ケゥ(tu-aw-un-kew)」＝「峰の・角、枝分かれ・にある・死体（墳墓）」
アイヌ語：「楊麓（郡）」
＝「イ・アゥ・ウン・ル・ケ(i-aw-un-ru-ke)」＝「その・角、枝分かれ・にある・（先人が生活していた）跡・のところ」
アイヌ語：「陽溝（県）」
＝「イ・アゥ・ウン・ケゥ(i-aw-un-kew)」＝「その・角、枝分かれ・にある・死体（墳墓）」","jomon2_bnum67.html"
"朔州","狶蹄県","江原特別自治道 麟蹄郡","狶蹄県","猪足県（or烏斯回）／猪足県／烏斯回","麟蹄県","上古音：「猪」t i̯o／- -／- -／- -／- -
上古音：「足」ts i̯uk／ts ǐwɔk／ts juk／ts jewk／ts juk
上古音：「烏」ʔ o／0 a／ʔ ɑɡ／ʔ aɣ／· ag
上古音：「斯」s i̯ĕɡ／s ǐe／s jeɡ／s jieɣ／s jig
上古音：「回」ɡʰ wər／ɣ uəi／ɣ uə̂d／ɡ wər／gw əd
随唐音：「豨」x je̯i／h ǐəi／x jəi／x iəi／x jĕi／x ǐəi　※狶の異体字。
随唐音：「蹄」dʰ iei／d iei／dʰ iɛi／d iɛi／d iei／dʰ iei
随唐音：「麟」l i̯ĕn／l ǐěn／l jen／l iɪn／l jĕn／l ǐen","アイヌ語：「猪足（県）」
＝「テュ・オ・テュ・エ・アク(tu-o-tu-e-ak)」＝「峰が・たくさんある・峰が・そこで・矢を射る（ところ）」
アイヌ語：「烏斯回」
＝「アク・シル・エ・エン・キル・エ・エン(ak-sir-e-en-kir-e-en)」＝「矢を射る・山が・そこで・突き出ている（ところ）・山脚が・そこで・突き出ている（ところ）」
アイヌ語：「狶蹄（県）」＝「ハィ・テュ・エ・エン(hay-tu-e-en)」＝「カジキマグロの顎の（ように鋭く尖った）・峰が・そこで・突き出ている（ところ）」
アイヌ語：「麟蹄（県）」＝「リ・エン・テュ・エ・エン(ri-en-tu-e-en)」＝「高く・突き出ている・峰が・そこで・突き出ている（ところ）」","jomon2_bnum67.html"
"朔州","馳道県","江原特別自治道 麟蹄郡 瑞和面","馳道県","玉岐県（皆次丁）／玉岐県／皆次丁","瑞禾（瑞和）県／瑞禾（和）県","上古音：「玉」ŋ i̯uk／ŋ ǐwɔk／ŋ juk／ŋ jewk／ng juk
上古音：「岐」ɡʰ i̯ĕɡ／g ǐe／ɡʰ jeɡ／ɡ jieɣ／g jig
上古音：「皆」k ær／k ei／k ed／k rer／k rid
上古音：「次」tsʰ i̯ər／tsʰ ǐei／tsʰ jed／tsʰ jier／tsh jidh
上古音：「丁」t ĕŋ／t eŋ／t eŋ／t reŋ／t ring
随唐音：「馳」ȡʰ ie̯ ／ȡ ǐe／ȡʰ je／ɖ iɪ／ḍ jĕ／ȡʰ ǐɛ
随唐音：「道」dʰ ɑu／d ɑu／dʰ ɑu／d ɑu／d âu／dʰ ɑu
随唐音：「瑞」ʑ wie̯ ／ʑ ǐwe／ʑ jue／dʑ iu／ź jwĕ／ʑ ǐuɛ
随唐音：「禾」ɣ uɑ／ɣ uɑ／ɣ uɑ／ɣ uɑ／ɣ uâ／ɣ uɑ
随唐音：「和」ɣ uɑ／ɣ uɑ／ɣ uɑ／ɣ uɑ／ɣ uâ／ɣ uɑ","アイヌ語：「玉岐（県）」
＝「キル・エ・アク・キル・エ・アク(kir-e-ak-kir-e-ak)」＝「山脚が・そこで・矢を射る（ところ）・山脚が・そこで・矢を射る（ところ）」※たくさんの山脚が鋭く突き出たところ。
アイヌ語：「皆次丁」
＝「ク・エ・エン・テュ・エ・エン・テュ・エ・エン(ku-e-en-tu-e-en-tu-e-en)」＝「矢（先のような形）が・そこで・突き出ている（ところ）・峰が・そこで・突き出ている（ところ）・峰が・そこで・突き出ている（ところ）」※たくさん峰が突き出ているところ。
アイヌ語：「馳道（県）」＝「テュ・エ・テュ・アゥ(tu-e-tu-aw)」＝「峰の・頭・峰の・角、枝分かれ」
アイヌ語：「瑞禾（県）／瑞和（県）」＝「テュ・エ・キル・アゥ(tu-e-kir-aw)」＝「峰の・頭・山脚の・角、枝分かれ」","jomon2_bnum67.html"
"朔州","三嶺県","江原特別自治道 楊口郡 方山面","三嶺県","三峴県／三嶋県（or密波兮／密波骨）／三峴県／三嶋県／密波兮／密波骨","方山県","上古音：「三」s əm／s əm／s ə̂m／s əm／s əm
上古音：「峴」- -／ɣ ian／- -／- -／- -
上古音：「㠀」- -／t u／t ôɡ／t əw／t əgwx
上古音：「密」m i̯ĕt／m ǐět／m jĕt／m iet／m jĕt／m ǐet
上古音：「波」p wa／p uai／p uɑ／p wa／p ar
上古音：「兮」- -／ɣ ie／ɣ ieɡ／ɡ eɣ／g ig
上古音：「骨」k wət／k uət／k uə̂t／k wət／kw ət
随唐音：「三」s ɑm／s ɑm／s ɑm／s ɑm／s âm／s ɑm
随唐音：「嶺」- -／l ǐɛŋ／l jɛŋ／l iæŋ／l jäng／l ǐɛŋ
随唐音：「方」- -／b ǐwaŋ／bʰ juɑŋ／b iɑŋ／b jang／bvʰ ǐuɑŋ
随唐音：「山」ʂ ăn／ʃ æn／ʃ æn／ʂ æn／ṣ ăn／ʃ ɐn","アイヌ語：「三峴（県）」
＝「サム・キル・アン(sam-kir-an)」＝「隣の・山脚が・ある（ところ）」
アイヌ語：「三嶋（県）」
＝「サム・テュ・アク(sam-tu-ak)」＝「隣の・峰の・弟（のように小さいもの）or矢を射る（ところ）」
アイヌ語：「密波兮（県）」
＝「ムィ・アッ・プ・アゥ・キル・エ・エン(muy-at-pu-aw-kir-e-en)」＝「頭が・たくさんある・倉（の屋根ような三角山）の・角、枝分かれの・山脚が・そこで・突き出ている（ところ）」
アイヌ語：「密波骨（県）」
＝「ムィ・アッ・プ・アゥ・ク・アッ(muy-at-pu-aw-ku-at)」＝「頭が・たくさんある・倉（の屋根ような三角山）の・角、枝分かれの・矢（先のような形の峰）が・たくさんある（ところ）」
アイヌ語：「三嶺（県）」＝「サム・リ・エン(sam-ri-en)」＝「隣の・高く・突き出ている（ところ）」
アイヌ語：「方山（県）」＝「ピル・アゥ・ウン・シル・エ・エン(pir-aw-un-sir-e-en)」＝「傷の（ように切り刻まれた）・角、枝分かれ・にある・山が・そこで・突き出ている（ところ）」","jomon2_bnum67.html"
"朔州","狼川郡（現／江原特別自治道 華川郡 華川邑","","狼川郡","狌川郡","狼川郡","随唐音：「狌」ʃ ɐŋ／ʃ ɐŋ／ʂ aŋ／ṣ ɐng／ʃ aŋ
随唐音：「川」tɕʰ i̯wɛn／tɕʰ ǐwɛn／tɕʰ juæn／tɕʰ iuæn／tśh jwän／tɕʰ ǐuɛn
随唐音：「狼」l ɑŋ／l ɑŋ／l ɑŋ／l ɑn／l âng／l ɑŋ","アイヌ語：「狌川（郡）」＝「シル・アゥ・ウン・テュ・エ・エン(sir-aw-un-tu-e-en)」＝「山の・角、枝分かれ・にある・峰が・そこで・突き出ている（ところ）」
アイヌ語：「狼川（郡）」＝「ル・アゥ・ウン・テュ・エ・エン(ru-aw-un-tu-e-en)」＝「消えかかった・角、枝分かれ・にある・峰が・そこで・突き出ている（ところ）」","jomon2_bnum67.html"
"朔州","大楊郡（現／北朝鮮 江原道 回陽郡 長楊里および金剛山 内金剛周辺","","大楊郡","大楊管郡（or馬斤押）／大楊管郡／馬斤押","長楊郡","上古音：「大」tʰ ɑd, dʰ ɑd／d at／dʰ ɑd／d ar／d adh
上古音：「楊」d i̯aŋ／ʎ ǐaŋ／d jaŋ／r iaŋ／r ang
上古音：「管」k wɑn／k uan／k uɑn／k wan／kw anx
上古音：「馬」m ɔ／m ea／m uăɡ／m rwaɣ／m ragx
上古音：「斤」k i̯ən／k iən／k jə̆n／k jən／k jən
上古音：「押」ʔ ap／0 eap／- -／ʔ rap／- -
随唐音：「大」dʰ ɑi, tʰ ɑi／d ɑi／dʰ ɑi／d ɑi／d âi／dʰ ai
随唐音：「楊」0 i̯aŋ／j ǐaŋ／0 jɑŋ／0 iɑŋ／ji ang／0 ǐɑŋ
随唐音：「長」ȡʰ i̯aŋ／ȡ ǐaŋ／ȡʰ jɑŋ／ɖ iɑŋ／ḍ jang／ȡʰ ǐɑŋ
随唐音：「長」ȶ i̯aŋ／ȶ ǐaŋ／ȶ jɑŋ／ʈ iɑŋ／ṭ jang／ȶ ǐɑŋ","アイヌ語：「大楊管（郡）」＝「テュ・アッ・テュ・アゥ・ウン・ク・アゥ・ウン(tu-at-tu-aw-un-ku-aw-un)」＝「峰が・たくさんある・峰の・角、枝分かれ・にある・矢（先のような形の峰）の・角、枝分かれ・にある（ところ）」
アイヌ語：「馬斤押」
＝「ム・アク・キル・エ(mu-ak-kir-e)・エン（(en)・イ）(i)・アプ(ap)」＝「ふさがった・弟の（ように小さい）or矢を射る・山脚が・そこで・突き出ている（・その）・釣り針（の形のようなもの）」
or「ム・アゥ・キル・エ(mu-aw-kir-e)・エン（(en)・イ）(i)・アプ(ap)」＝「ふさがった・角、枝分かれの・山脚が・そこで・突き出ている（・その）・釣り針（の形のようなもの）」
アイヌ語：「大楊（郡）」＝「テュ・アィ・イ・アゥ・ウン(tu-ay-i-aw-un)」＝「峰の・矢、カジキマグロの顎（のような鋭く突き出たもの）・その・角、枝分かれ・にある（ところ）」
アイヌ語：「長楊（郡）」＝「テュ・アゥ・ウン・イ・アゥ・ウン(tu-aw-un-i-aw-un)」＝「峰の・角、枝分かれ・にある（ところ）・その・角、枝分かれ・にある（ところ）」","jomon2_bnum67.html"
"朔州","藪川県","北朝鮮江原道 金剛郡 県理","藪川県","藪狌川県（or藪峇川県）／藪狌川県／藪峇川県","和川県","随唐音：「藪」s ə̯u／s əu／s u／s əu／s ə̆u／s ou
随唐音：「狌」- -／ʃ ɐŋ／ʃ ɐŋ／ʂ aŋ／ṣ ɐng／ʃ aŋ
随唐音：「川」tɕʰ i̯wɛn／tɕʰ ǐwɛn／tɕʰ juæn／tɕʰ iuæn／tśh jwän／tɕʰ ǐuɛn
※「狌」が上古音には存在しないため、すべて隋唐音で解釈。
随唐音：「合」ɣ ɑ̆p／ɣ ɒp／ ɣ Ap／ɣ əp／ɣ ập／ɣ əp
随唐音：「和」ɣ uɑ／ɣ uɑ／ɣ uɑ／ɣ uɑ／ɣ uâ／ɣ u","アイヌ語：「藪狌川（県）」＝「ソー・シル・アゥ・ウン・テュ・エ・エン(so-sir-aw-un-tu-e-en)」＝「表面一帯の・山の・角、枝分かれ・にある・峰が・そこで・突き出ている（ところ）」
アイヌ語：「藪峇川（県）」
＝「ソー・キル・アプ・テュ・エ・エン(so-kir-ap-tu-e-en)」＝「表面一帯の・山脚の・釣り針の（ように曲がった）・峰が・そこで・突き出ている（ところ）」
アイヌ語：「藪川（県）」＝「ソー・テュ・エ・エン(so-tu-e-en)」＝「表面の・峰が・そこで・突き出ている（ところ）」
アイヌ語：「和川（県）」＝「キル・アゥ・テュ・エ・エン(kir-aw-tu-e-en)」＝「山脚の・角、枝分かれの・峰が・そこで・突き出ている（ところ）」","jomon2_bnum67.html"
"朔州","文登県","北朝鮮江原道 金剛郡 文登里","文登県","文峴県","文登県","上古音：「文」m i̯wən／m ǐwən／m juə̆n／m jwən／m jən
上古音：「峴」- -／ɣ ian／- -／- -／- -
随唐音：「文」m i̯uən／m ǐuən／m juən／m iuən／m juən／ɱ ǐuən
随唐音：「登」t əŋ／t əŋ／t əŋ／t əŋ／t əng／t əŋ","アイヌ語：「文峴（県）」
＝「ムィ・エ・エン・キル・アゥ・ウン(muy-e-en-kir-aw-un)」＝「頂が・そこで・突き出ている・山脚の・角、枝分かれ・にある（ところ）」
アイヌ語：「文登（県）」＝「ムィ・エ・エン・テュ・エ・エン(muy-e-en-tu-e-en)」＝「頂が・そこで・突き出ている（ところ）・峰が・そこで・突き出ている（ところ）」","jomon2_bnum67.html"
"朔州","益城郡（現／江原特別自治道 鉄原郡 金化邑","","益城郡","母城郡（or 皆次郡）／母城郡／皆次郡","金城郡","上古音：「母」m əɡ／m ə／m uə̩̂ɡ／m əɣ／m əgx
上古音：「城」ȡ i̯ĕŋ／ʑ ǐeŋ／ʑ jeŋ／d jieŋ／d jing
上古音：「皆」k ær／k ei／k ed／k rer／k rid
上古音：「次」tsʰ i̯ər／tsʰ ǐei／tsʰ jed／tsʰ jier／tsh jidh
随唐音：「益」ʔ i̯ɛk／0 ǐɛk／ʔ jɛk／ʔ iæk／· jäk／ʔ ǐɛk
随唐音：「城」ʑ i̯ɛŋ／ʑ ǐɛŋ／ʑ jɛŋ／dʑ iæŋ／ź jäng／ʑ ǐɛŋ
随唐音：「金」k i̯əm／k ǐěm／k jem／k iem／k jəm／k ǐəm","アイヌ語：「母城（郡）」
＝「ム・アク・チゥ・エ・エン(mu-ak-ciw-e-en)」＝「ふさがって・矢を射る・水流、水脈が・そこで・突き出ている（ところ）」
or「ム・アク・テュ・エ・エン(mu-ak-tu-e-en)」＝「ふさがって・矢を射る・峰が・そこで・突き出ている（ところ）」
アイヌ語：「皆次（郡）」
＝「ク・エ・エン・チゥ・エ・エン(ku-e-en-ciw-e-en)」＝「矢（先のような峰or川）が・そこで・突き出ている（ところ）・水流、水脈が・そこで・突き出ている（ところ）」
or「ク・エ・エン・テュ・エ・エン(ku-e-en-tu-e-en)」＝「矢（先のような峰or川）が・そこで・突き出ている（ところ）・峰が・そこで・突き出ている（ところ）」
アイヌ語：「益城（郡）」
＝「イク・チゥ・エ・エン(ik-ciw-e-en)」＝「関節のように曲がった・水流、水脈が・そこで・突き出ている（ところ）」
or「イク・テュ・エ・エン(ik-tu-e-en)」＝「関節のように曲がった・峰が・そこで・突き出ている（ところ）」
アイヌ語：「金城（郡）」
＝「キル・エ・ム・チゥ・エ・エン(kir-e-mu-ciw-e-en)」＝「山脚が・そこで・ふさがっている・水流、水脈が・そこで・突き出ている（ところ）」
or「キル・エ・ム・テュ・エ・エン(kir-e-mu-tu-e-en)」＝「山脚が・そこで・ふさがっている・峰が・そこで・突き出ている（ところ）」","jomon2_bnum67.html"
"朔州","岐城郡（現／鉄原郡・金化郡の一部および","","岐城郡","冬斯忽郡","岐城郡","上古音：「冬」t -／t uŋ／t ôŋ／t əwŋ／t əngw t
上古音：「斯」s i̯ĕɡ／s ǐe／s jeɡ／s jieɣ／s jig
上古音：「忽」xm wət／h uət／m̥ uə̂t／xm wət／hm ət
随唐音：「岐」ɡʰ jie̯ ／g ǐe／ɡʰ je／ɡ iɪ／g jie／ɡʰ ǐɛ
随唐音：「城」ʑ i̯ɛŋ／ʑ ǐɛŋ／ʑ jɛŋ／dʑ iæŋ／ź jäng／ʑ ǐɛŋ","アイヌ語：「冬斯忽（郡）」＝「テュン・シル・エ・エン・ムィ・アッ(tun-sir-e-en-muy-at)」＝「山間の・山が・そこで・突き出ている・頂が・たくさんある（ところ）」
アイヌ語：「岐城（郡）」＝「キル・エ・テュ・エ・エン(kir-e-tu-e-en)」＝「山脚の・頭・峰の・頭が・突き出ている（ところ）」","jomon2_bnum67.html"
"朔州","通溝県","北朝鮮昌道郡昌道邑北部","通溝県","水入県（or買伊県）／水入県／買伊県","通溝県","上古音：「水」ɕ i̯wər／ɕ ǐwei／ç jued／stʰ jiwer／h rjidx
上古音：「入」ȵ i̯əp／ȵ ǐəp／ȵ jəp／n jiəp／n jəp
上古音：「買」- -／m e／m eɡ／m reɣ／m rigx
上古音：「伊」ʔ i̯ær／0 ǐei／ʔ jed／ʔ jier／· jid
随唐音：「通」tʰ uŋ／tʰ uŋ／tʰ uŋ／tʰ uŋ／th ung／tʰ oŋ
随唐音：「溝」k ə̯u／k əu／k u／k əu／k ə̆u／k ou","アイヌ語：「水入（県）」
＝「スィ・エ・エン・ニ・アプ(suy-e-en-ni-ap)」＝「泉の穴が・そこで・突き出ている・棒の（ように細長く突き出た）・釣り針（のように曲がった峰）」
アイヌ語：「買伊（県）」
＝「メク・イ・エ・エン(mek-i-e-en)」＝「尾根・それが・そこで・突き出ている（ところ）」
アイヌ語：「通溝（県）」＝「テュン・ク・アゥ(tun-ku-aw)」＝「山間の・矢（先のような形の峰）の・角、枝分かれ」","jomon2_bnum67.html"
"朔州","連城郡","北朝鮮北朝鮮江原道淮陽郡","連城郡","各連城郡／客連城郡（or加兮牙）／各連城郡／客連城郡／加兮牙","交州","上古音：「各」kl ɑk／k ak／k ɑk／k ak／kl ak
上古音：「客」kʰl ăk／kʰ eak／kʰ ăk／kʰ rak／kh rak
上古音：「連」l i̯ɛn／l ǐɛn／l jæn／l iæn／l jän／l ǐɛn
上古音：「城」ȡ i̯ĕŋ／ʑ ǐeŋ／ʑ jeŋ／d jieŋ／d jing
上古音：「加」k a／k eai／k a／k ra／k rar
上古音：「兮」- -／ɣ ie／ɣ ieɡ／ɡ eɣ／g ig
上古音：「牙」ŋ ɔ／ŋ ea／ŋ ăɡ／ŋ raɣ／ng rag
随唐音：「連」l i̯ɛn／l ǐɛn／l jæn／l iæn／l jän／l ǐɛn
随唐音：「城」ʑ i̯ɛŋ／ʑ ǐɛŋ／ʑ jɛŋ／dʑ iæŋ／ź jäng／ʑ ǐɛŋ
随唐音：「交」k au／k au／k au／k au／k au／k ɔu","アイヌ語：「各連城／客連城（郡）」＝「ク・アク・リ・エン・テュ・エ・エン(ku-ak-ri-en-tu-e-en)」＝「矢（先のような形）の・弟（のように小さい）or射る・高く・突き出ている（ところ）・峰が・そこで・突き出ている（ところ）」
アイヌ語：「加兮牙」
＝「ク・アゥ・キル・エ・エン・キル・アゥ・ウン(ku-aw-kir-e-en-kir-aw-un)」＝「矢（先のような形）の・角、枝分かれの・山脚が・そこで・突き出ている・山脚の・角、枝分かれ・にある（ところ）」
アイヌ語：「連城（郡）」＝「リ・エン・テュ・エ・エン(ri-en-tu-e-en)」＝「高く・突き出ている・峰が・そこで・突き出ている（ところ）」
アイヌ語：「交（州）」＝「ク・アゥ(ku-aw)」＝「矢（先のような形）の・角、枝分かれ」","jomon2_bnum67.html"
"朔州","丹松県","北朝鮮江原道 淮陽郡 楡谷里から金剛郡 顕里の北側周辺","通溝県／丹松県","赤木鎮（赤木県）（or沙非斤乙）／赤木鎮／沙非斤乙","嵐谷県","上古音：「赤」ȶʰ i̯ăk／ȶʰ iak／cʰ jăk／tʰ jiak／kh rjiak
上古音：「木」m uk／m ɔk／m ûk／m ewk／m uk／m uk
上古音：「沙」s a／ʃ eai／s a／s ra／s rar
上古音：「非」p i̯wər／p ǐwəi／p juə̆d／p jiwər／p jəd
上古音：「斤」k i̯ən／k iən／k jə̆n／k jən／k jən
上古音：「乙」ʔ i̯æt／0 ǐet／ʔ jət／ʔ iət／· jət
随唐音：「丹」t ɑn／t ɑn／t ɑn／t ɑn／t ân／t ɑn
随唐音：「松」z i̯woŋ／z ǐwoŋ／z juoŋ／z iuoŋ／z jwong／z ǐuŋ
随唐音：「嵐」- -／l ɒm／l Am／l em／l ậm／l əm
随唐音：「谷」k uk／k uk／k uk／k uk／k uk／k ok
随唐音：「谷」0 i̯wok／j ǐwok／0 juok／0 iuok／ji wok／0 ǐuk","アイヌ語：「赤木（鎮）」
＝「テュ・アク・ムク(tu-ak-muk)」＝「峰の・弟（のように小さいもの）がor矢を射る・ふさがっている（ところ）」
アイヌ語：「沙非斤乙」
＝「シル・アゥ・ピ・エ・エン・キル・エ・エン・イェ・アッ(sir-aw-pi-e-en-kir-e-en-ye-at)」＝「山の・角、枝分かれの・石が・そこで・突き出ている・山脚が・そこで・突き出ている・岩が・たくさんある（ところ）」
or「シル・アゥ・ピ・ウ・アッ・キル・エ・エン・イェ・アッ(sir-aw-pi-u-at-kir-e-en-ye-at)」＝「山の・角、枝分かれの・石が・互いに・たくさんある（ところ）・山脚が・そこで・突き出ている・岩が・たくさんある（ところ）」
アイヌ語：「丹松（県）」＝「タク・チン・アゥ・ウン(tak-cin-aw-un)」＝「石の・崖の・角、枝分かれ・にある（ところ）」
アイヌ語：「嵐谷（県）」
＝「ル・アム・ク・ク(ru-am-ku-ku)」＝「消えかかった・爪（のように鋭い）・矢（先のような形の峰）・矢」 ※たくさんの矢先の形の峰。","jomon2_bnum67.html"
"朔州","軼雲県","北朝鮮江原道 平康郡の北西部から伊川郡の東部周辺","軼雲県","管述県","未詳","上古音：「管」k wɑn／k uan／k uɑn／k wan／kw anx
上古音：「述」i̯wət／ȡ ǐwət／ȡʰ juət／zd jiwət／d jət
随唐音：「軼」0 i̯ĕt／j ǐět／0 jet／0 iɪt／ji ĕt／0 ǐet
随唐音：「軼」dʰ iet／d iet／dʰ iɛt／d iɛt／d iet／dʰ iet
随唐音：「雲」j i̯uən／ɣ ǐuən／ɣ juən／j iuən／j uən／j ǐuən","アイヌ語：「管述（県）」
＝「ク・アゥ・ウン・チッ(ku-aw-un-cit)」＝「矢（先のような形の峰）の・角、枝分かれ・にある・膣（のような袋状のもの）」
アイヌ語：「軼雲（県）」
＝「チッ・キル・エ・エン(cit-kir-e-en)」＝「膣の（ような袋状の）・山脚が・そこで・突き出ている（ところ）」
or「チッ・イ・エ・エン(cit-i-e-en)」＝「膣の（ような袋状の）・それが・そこで・突き出ている（ところ）」","jomon2_bnum67.html"
"朔州","狶嶺県","北朝鮮江原道金剛郡 金剛邑","狶嶺県","猪守峴県（or烏生波衣／猪守峴県／烏生波衣","未詳","上古音：「猪」t i̯o／- -／- -／- -／- -
上古音：「守」ɕ／ɕ ǐu／ç jŏɡ／stʰ jəw／h rjəgwx
上古音：「峴」- -／ɣ ian／- -／- -／- -
上古音：「烏」ʔ o／0 a／ʔ ɑɡ／ʔ aɣ／· ag
上古音：「生」s ĕŋ／ʃ eŋ／s ĕŋ／s reŋ／s ring
上古音：「波」p wa／p uai／p uɑ／p wa／p ar
上古音：「衣」ʔ i̯ər／0 ǐəi／ʔ jə̆d／ʔ jər／· jəd
随唐音：「豨」x je̯i／h ǐəi／x jəi／x iəi／x jĕi／x ǐəi　※狶の異体字。
随唐音：「嶺」- -／l ǐɛŋ／l jɛŋ／l iæŋ／l jäng／l ǐɛŋ","アイヌ語：「猪守峴（県）」
＝「テュ・オ・シル・アゥ・ウン・キル・アゥ・ウン(tu-o-sir-aw-un-kir-aw-un)」＝「峰が・たくさんある・山の・角、枝分かれ・にある（ところ）・山脚の・角、枝分かれ・にある（ところ）」
or「テュ・オ・シル・アク・キル・アゥ・ウン(tu-o-sir-ak-kir-aw-un)」＝「峰が・たくさんある・山の・弟の（ように小さい）or矢を射る・山脚の・角、枝分かれ・にある（ところ）」
アイヌ語：「烏生波衣（県）」
＝「アゥ・シル・エ・エン・プ・アィ・エ・エン(aw-sir-e-en-pu-ay-e-en)」＝「角、枝分かれの・山が・そこで・突き出ている（ところ）・倉の（屋根のような三角山の）・カジキマグロの顎（のように鋭く尖った峰）が・そこで・突き出ている（ところ）」
or「アゥ・シル・エ・エン・プ・アゥ・エ・エン(aw-sir-e-en-pu-aw-e-en)」＝「角、枝分かれの・山が・そこで・突き出ている（ところ）・倉の（屋根のような三角山の）・角、枝分かれが・そこで・突き出ている（ところ）」
アイヌ語：「狶嶺（県）」＝「ハィ・リ・エン(hay-ri-en)」＝「カジキマグロの顎（のように鋭く突き出た峰）が・高く・突き出ている（ところ）」","jomon2_bnum67.html"
"朔州","朔庭郡（現／","","朔庭郡","比烈忽郡／比列忽郡／比烈州","登州","上古音：「比」bʰ i̯ər／b ǐei／bʰ jed／b jier／b jid
上古音：「比」p i̯ər／p ǐei／p jed／p jier／p jidx
上古音：「烈」l i̯at／l ǐat／- -／l iat／l jat
上古音：「列」l i̯at／l ǐat／l jæt／l iat／l jat
上古音：「忽」xm wət／h uət／m̥ uə̂t／xm wət／hm ət
随唐音：「朔」s ɔk／ʃ ɔk／ʃ ɔk／ʂ ok／ṣ åk／ʃ ɔk
随唐音：「庭」dʰ ieŋ／d ieŋ／dʰ ieŋ／d iɛŋ／d ieng／dʰ ieŋ
随唐音：「登」t əŋ／t əŋ／t əŋ／t əŋ／t əng／t əŋ","アイヌ語：「比烈忽／比列忽（郡）」＝「ピ・エ・エン・リ・アッ・ムィ・アッ(pi-e-en-ri-at-muy-at)」＝「石が・そこで・突き出ている・高い（ところが）・たくさんある（ところ）・頂が・たくさんある（ところ）」
アイヌ語：「朔庭（郡）」＝「シル・アク・テュ・エ・エン(sir-ak-tu-e-en)」＝「山の・弟の（ように小さい）or矢を射る・峰が・そこで・突き出ている（ところ）」
アイヌ語：「登（州）」＝「テュ・エ・エン(tu-e-en)」＝「峰が・そこで・突き出ている（ところ）」","jomon2_bnum67.html"
"朔州","瑞谷県","北朝鮮江原道安辺郡 瑞谷面","瑞谷県","𢈴谷県（or首乙呑）／𢈴谷県／首乙呑","瑞谷県","上古音：「京」kl i̯ăŋ／k iaŋ／k jăŋ／k iaŋ／kl jiang　※𢈴は高句麗で創作された漢字。京に同じ。
上古音：「谷」k uk／k ɔk／k ûk／k ewk／k uk
上古音：「谷」ɡ i̯uk／ʎ ǐwɔk／ɡ juk／ɣr iewk／g rjuk
上古音：「首」ɕ／ɕ ǐu／ç jŏɡ／stʰ jəw／h rjəgwx
上古音：「乙」ʔ i̯æt／0 ǐet／ʔ jət／ʔ iət／· jət
上古音：「呑」tʰ ən／tʰ ən／tʰ ə̂n／tʰ ən／th ən
随唐音：「瑞」ʑ wie̯ ／ʑ ǐwe／ʑ jue／dʑ iu／ź jwĕ／ʑ ǐuɛ
随唐音：「谷」k uk／k uk／k uk／k uk／k uk／k ok
随唐音：「谷」0 i̯wok／j ǐwok／0 juok／0 iuok／ji wok／0 ǐuk","アイヌ語：「𢈴谷（県）」
＝「キル・アゥ・ウン・ク・ク(kir-aw-un-ku-ku)」＝「山脚の・角、枝分かれ・にある・矢（先のような形の峰）・矢」 ※たくさんの矢先の形の峰。
アイヌ語：「首乙呑」
＝「シル・アク・イ・エ・アッ・テュ・エ・エン(sir-ak-i-e-at-tu-e-en)」＝「山の・弟（のように小さいもの）or矢を射る（ところ）・それが・たくさんある・峰が・突き出ている（ところ）」
アイヌ語：「瑞谷（県）」
＝「テュ・エ・ク・ク(tu-e-ku-ku)」＝「峰の・頭の・矢（先のような形）・矢」 ※たくさんの矢先の形の峰。","jomon2_bnum67.html"
"朔州","霜陰県","江原道 安辺郡の南側の山間部","霜陰県","薩寒県","霜陰県","随唐音：「薩」- -／s ɑt／s ɑt／s ɑt／s ât／s ɑt
随唐音：「寒」ɣ ɑn／ɣ ɑn／ɣ ɑn／ɣ ɑn／ɣ ân／ɣ ɑn
※「薩」は上古音に存在しないので、隋唐音で解釈。
随唐音：「霜」ʂ i̯aŋ／ʃ ǐaŋ／ʃ jɑŋ／ʂ iɑŋ／ṣ jang／ʃ ǐɑŋ
随唐音：「陰」ʔ i̯əm／0 ǐěm／ʔ jĕm／ʔ iem／· jəm／ʔ ǐəm","アイヌ語：「薩寒（県）」＝「サッ・キル・アゥ・ウン(sat-kir-aw-un)」＝「涸れた・山脚の・角、枝分かれ・にある（ところ）」
アイヌ語：「霜陰（県）」＝「シル・アゥ・ウン・イ・エ・ム(sir-aw-un-i-e-mu)」＝「山の・角、枝分かれ・にある・それが・そこで・ふさがっている（ところ）」","jomon2_bnum67.html"
"朔州","靑山県","江原特別自治道 平昌郡 蓬坪面","靑山県","加支達県","霜陰県／汶山県","上古音：「加」k a／k eai／k a／k ra／k rar
上古音：「支」ȶ i̯ĕɡ／ȶ ǐe／c jeɡ／t jieɣ／k rjig
上古音：「達」tʰ ɑt／- -／tʰ ɑt／- -／th at
上古音：「達」dʰ ɑt／d at／dʰ ɑt／d at／d at
随唐音：「青」tsʰ ieŋ／tsʰ ieŋ／tsʰ ieŋ／tsʰ iɛŋ／tsh ieng／tsʰ ieŋ
随唐音：「山」ʂ ăn／ʃ æn／ʃ æn／ʂ æn／ṣ ăn／ʃ ɐn
随唐音：「汶」- -／m ǐěn／m jĕn／m ien／m jĕn／m ǐen
随唐音：「汶」m i̯uən／m ǐuən／m juən／m iuən／m juən","アイヌ語：「加支達（県）」＝「ク・アゥ・テュ・エ・エン・テュ・アッ(ku-aw-tu-e-en-tu-at)」＝「矢（先のような形の峰）の・角、枝分かれの・峰が・そこで・突き出ている（ところ）・峰が・たくさんある（ところ）」
アイヌ語：「靑山（県）」＝「テュ・エ・エン・シル・エ・エン(tu-e-en-sir-e-en)」＝「峰が・そこで・突き出ている（ところ）・山が・そこで・突き出ている（ところ）」
アイヌ語：「汶山（県）」＝「ムィ・エ・エン・シル・エ・エン(muy-e-en-sir-e-en)」＝「頂が・そこで・突き出ている（ところ）・山が・そこで・突き出ている（ところ）」","jomon2_bnum67.html"
"朔州","翋谿県","江原特別自治道 旌善郡 臨渓面","翋谿県","翼谷県","霜陰県／翋谿県","上古音：「翼」ɡ i̯ək／ʎ ǐək／d jək／r iək／r ək
上古音：「谷」k uk／k ɔk／k ûk／k ewk／k uk
上古音：「谷」ɡ i̯uk／ʎ ǐwɔk／ɡ juk／ɣr iewk／g rjuk
随唐音：「拉」l ɑ̆p／l ɒp／l Ap／l əp／l ập／l əp 　※翋と同音。
随唐音：「谿」kʰ iei／kʰ iei／kʰ iɛi／kʰ iɛi／kh iei／kʰ iei","アイヌ語：「翼谷（県）」
＝「テュ・アク・ク・ク(tu-ak-ku-ku)」＝「峰の・弟（のように小さい）or射る・矢（先のような形の峰）・矢」
or「キル・アク・ク・ク(kir-ak-ku-ku)」＝「山脚の・弟（のように小さい）or射る・矢（先のような形の峰）・矢」
アイヌ語：「翋谿（県）」＝「ラプ・キル・エ・エン(rap-kir-e-en)」＝「翼の（形の）・山脚が・そこで・突き出ている（ところ）」","jomon2_bnum67.html"
"朔州","井泉郡","北朝鮮江原道 元山市 徳源","井泉郡／炭項関門","泉井郡（or於乙買）／泉井郡／於乙買郡","湧州","上古音：「泉」dzʰ i̯wan／d ǐwan／dzʰ juæn／dz jiwan／dz juan
上古音：「井」- -／ts ǐeŋ／ts jeŋ／ts jieŋ／ts jingx
上古音：「於」ʔ i̯o／0 ǐa／ʔ jaɡ／ʔ jaɣ／· jag
上古音：「乙」ʔ i̯æt／0 ǐet／ʔ jət／ʔ iət／· jət
上古音：「買」- -／m e／m eɡ／m reɣ／m rigx
随唐音：「井」- -／ts ǐɛŋ／ts jɛŋ／ts iæŋ／ts jäng／ts ǐɛŋ
随唐音：「泉」dzʰ i̯wɛn／dz ǐwɛn／dzʰ juæn／dz iuæn／dz jwän／dzʰ ǐuɛn
随唐音：「炭」tʰ ɑn／tʰ ɑn／tʰ ɑn／tʰ ɑn／th ân／tʰ ɑn
随唐音：「項」ɣ ɔŋ／ɣ ɔŋ／ɣ ɔŋ／ɣ oŋ／ɣ ång／ɣ ɔŋ
随唐音：「涌」0 i̯woŋ／j ǐwoŋ／0 juoŋ／0 iuoŋ／ji wong／0 ǐuŋ","アイヌ語：「泉井（郡）」＝「テュ・ワ・アン・テュ・エ・エン(tu-wa-an-tu-e-en)」＝「峰・に・ある（ところ）・峰が・そこで・突き出ている（ところ）」
アイヌ語：「於乙買（郡）」＝「イ・アク・イ・アッ・メク(i-ak-i-at-mek)」＝「それの・弟（のように小さい峰）or矢を射る（ところ）・それが・たくさんある・尾根」
アイヌ語：「井泉（郡）」＝「テュ・エ・エン・テュ・エ・エン(tu-e-en-tu-e-en)」＝「峰が・そこで・突き出ている（ところ）・峰が・そこで・突き出ている（ところ）」
アイヌ語：「炭項（関門）」＝「テュ・アン・キル・アン(tu-an-kir-an)」＝「峰・がある・山脚が・ある（ところ）」
アイヌ語：「湧（州）」＝「イ・アゥ・ウン(i-aw-un)」＝「それの・角、枝分かれ・にある（ところ）」","jomon2_bnum67.html"
"朔州","䔉山県","北朝鮮江原道元山市徳源","䔉山県","買尸達県","未詳","上古音：「買」- -／m e／m eɡ／m reɣ／m rigx
上古音：「尸」ɕ i̯ər／ɕ ǐei／ç jed／stʰ jier／h rjid
上古音：「達」tʰ ɑt／- -／tʰ ɑt／- -／th at
上古音：「達」dʰ ɑt／d at／dʰ ɑt／d at／d at
随唐音：「秝」l iek／l iek／l iek／l iɛk／l iek／l iek
随唐音：「山」ʂ ăn／ʃ æn／ʃ æn／ʂ æn／ṣ ăn／ʃ ɐn","アイヌ語：「買尸達（県）」
＝「メク・シル・エ・エン・テュ・アッ(mek-sir-e-en-tu-at)」＝「残された・山が・そこで・突き出ている・峰が・たくさんある（ところ）」
アイヌ語：「䔉山（県）」＝「ル・イク・シル・エ・エン(ru-ik-sir-e-en)」＝「消えかかった・関節の（ように折れ曲がった）・山が・そこで・突き出ている（ところ）」","jomon2_bnum67.html"
"朔州","松山県","北朝鮮文川市","松山県","夫斯達県","未詳","上古音：「夫」bʰ i̯wo／b ǐwa／bʰ juaɡ／b jwaɣ／b jag
上古音：「夫」p i̯wo／p ǐwa／p juaɡ／p jwaɣ／p jag
上古音：「斯」s i̯ĕɡ／s ǐe／s jeɡ／s jieɣ／s jig
上古音：「達」tʰ ɑt／- -／tʰ ɑt／- -／th at
上古音：「達」dʰ ɑt／d at／dʰ ɑt／d at／d at
随唐音：「松」z i̯woŋ／z ǐwoŋ／z juoŋ／z iuoŋ／z jwong／z ǐuŋ
随唐音：「山」ʂ ăn／ʃ æn／ʃ æn／ʂ æn／ṣ ăn／ʃ ɐn","アイヌ語：「夫斯達（県）」＝「ピル・アゥ・ウン・シル・エ・エン・テュ・アッ(pir-aw-un-sir-e-en-tu-at)」＝「傷の（ように切り刻まれた）・角、枝分かれ・にある・山が・そこで・突き出ている・峰が・たくさんある（ところ）」
アイヌ語：「松山（県）」＝「テュ・アゥ・ウン・シル・エ・エン(tu-aw-un-sir-e-en)」＝「峰の・角、枝分かれ・にある・山が・そこで・つきでている（ところ）」","jomon2_bnum67.html"
"朔州","幽居県","江原特別自治道 華川郡 華川邑","幽居県","東墟県（or加知斤）／東墟県／加知斤","未詳","上古音：「東」t uŋ／t uŋ／t uŋ／t uŋ／t ung／t oŋ
上古音：「墟」kʰ i̯o／kʰ ǐa／ - -／kʰ jaɣ／ - -
上古音：「加」k a／k eai／k a／k ra／k rar
上古音：「知」t i̯ĕɡ／t ǐe／t jeɡ／t ieɣ／t rig
上古音：「斤」k i̯ən／k iən／k jə̆n／k jən／k jən
随唐音：「幽」ʔ i̯ĕu／0 iəu／ʔ jəu／ʔ iɪu／· jiə̆u／ʔ ǐəu
随唐音：「居」k i̯wo／k ǐo／k jo／k io／k jwo／k ǐo","アイヌ語：「東墟（県）」
＝「テュン・キル・オ(tun-kir-o)」＝「山間の・山脚が・たくさんある（ところ）」
or「テュン・キル・アゥ・ウン(tun-kir-aw-un)」＝「山間の・山脚の・角、枝分かれ・にある（ところ）」
アイヌ語：「加知斤」＝「ク・アゥ・テュ・エ・エン・キル・エ・エン(ku-aw-tu-e-en-kir-e-en)」＝「矢（先のような形）の・角、枝分かれの・峰が・そこで・突き出ている（ところ）・山脚が・そこで・突き出ている（ところ）」
アイヌ語：「幽居（県）」＝「イ・エ・エン・キル・オ(i-e-en-kir-o)」＝「それが・そこで・突き出ている・山脚が・たくさんある（ところ）」","jomon2_bnum67.html"
