"州名","郡名","見出し","時代","現行地","地勢","音韻データ","アイヌ語解釈","出典"
"徐州","東海郡","蘭陵県","漢～","山東省臨沂市蘭陵県","微山湖東方","上古音：「蘭」ɡl ɑn／l an／l ɑn／l an／gl an
上古音：「陵」l i̯əŋ／l ǐəŋ／l jəŋ／l iəŋ／l jəng","アイヌ語：蘭陵＝「ル・アゥ・ウン・リ・アゥ・ウン(ru-aw-un-ri-aw-un)」＝「消えかかった・角、枝分かれ・にある（ところ）・高い・角、枝分かれ・にある（ところ）」","jomon2_bnum9.html"
"徐州","東海郡","襄賁県","漢～","山東省臨沂市蘭陵県","微山湖東方の峰裾","上古音：「襄」sn i̯aŋ／s ǐaŋ／s jaŋ／s jaŋ／sn jang
上古音：「賁」bʰ i̯wən／b ǐwən／bʰ juə̆n／b jwən／b jən
上古音：「賁」p wən／p uən／p uə̂n／p wən／p ən
上古音：「賁」p iăr／p ǐən／- -／p jie／- -","アイヌ語：襄賁＝「シル・アゥ・ウン・ピル・アン(sir-aw-un-pir-an)」＝「山の・角、枝分かれ・にある・傷（のように切り刻まれたもの）・がある（ところ）」","jomon2_bnum9.html"
"徐州","東海郡","繒県","漢～","山東省臨沂市蘭陵県","微山湖東方の峰裾","上古音：「繒」dzʰ i̯əŋ／dz ǐəŋ／dzʰ jəŋ／dz jiəŋ／dz jəng","アイヌ語：繒＝「テュ・アゥ・ウン(tu-aw-un)」＝「峰の・角、枝分かれ・にある（ところ）」","jomon2_bnum9.html"
"徐州","東海郡","戚県","漢～","山東省済寧市微山県","微山湖沿岸","上古音：「戚」tsʰ -／tsʰ iuk／tsʰ iok／tsʰ eəwk／sth iəkw","アイヌ語：戚＝「テュ・イ・アク(tu-i-ak)」＝「峰の・その・弟（のように小さいもの）」","jomon2_bnum9.html"
"徐州","東海郡","合郷県","漢～","山東省済寧市鄒城市","微山湖東岸、泰沂山脈南西麓の低山","上古音：「合」ɡʰ əp／ɣ əp／ɣ ə̂p／ɡ əp／g əp
上古音：「合」- -／k əp／k ə̂p／k əp／k əp
上古音：「鄉」x i̯aŋ／h ǐaŋ／x jaŋ／x jaŋ／h jang","アイヌ語：合郷＝「カプ・シル・アン(kap-sir-an)」＝「薄っぺらな、平らな・山・がある（ところ）」","jomon2_bnum9.html"
"徐州","東海郡","昌慮県","漢～","山東省棗荘市滕州市","微山湖東岸、泰沂山脈南西麓","上古音：「昌」ȶʰ i̯aŋ／ȶʰ ǐaŋ／ȶʰ jaŋ／tʰ jaŋ／th jang
上古音：「慮」l i̯o／l ǐa／l jaɡ／l iaɣ／l jagh","アイヌ語：昌慮＝「テュ・アゥ・ウン・リ・アク(tu-aw-un-ri-ak)」＝「峰の・角、枝分かれ・にある高い・弟（のように小さいもの）」","jomon2_bnum9.html"
"徐州","東海郡","下邳県","漢～","江蘇省徐州市邳州市","駱馬湖北岸、南宋、元、明、清代の黄河の流路沿い","上古音：「下」ɡʰ ɔ／ɣ ea／ɣ ăɡ／ɡ raɣ／g ragx
上古音：「邳」- -／b ǐə／bʰ juəɡ／b iwəɣ／b jiəg","アイヌ語：下邳＝「キル・アク・ピル・アク(kir-ak-pir-ak)」＝「山脚の・弟（のように小さいもの）・傷の（ように切り刻まれた）・弟（のように小さいもの）」
アイヌ語：下邳＝「キル・アク・ピル・アク(kir-ak-pir-ak)」＝「山脚の・弟（のように小さいもの）・傷の（ように切り刻まれた）・弟（のように小さいもの）」","jomon2_bnum9.html"
"徐州","東海郡","良成県","漢～","江蘇省徐州市邳州市","駱馬湖北岸、南宋、元、明、清代の黄河の流路沿い","上古音：「良」l i̯aŋ／l ǐaŋ／l jaŋ／l iaŋ／l jang
上古音：「成」ȡ i̯ĕŋ／ʑ ǐeŋ／ʑ jeŋ／d jieŋ／d jing","アイヌ語：良成＝「リ・アゥ・ウン・テュ・エ・エン(ri-aw-un-tu-e-en)」＝「高い・角、枝分かれ・にある・峰が・そこで・突き出ている（ところ）」","jomon2_bnum9.html"
"徐州","東海郡","朐県","漢～","江蘇省連雲港市南西部","石棚山景区、桃花澗風景区","上古音：「朐」k i̯u／k ǐwɔ／k juɡ／k jew／k ugh","アイヌ語：朐＝「キル・ケ(kir-ke)」＝「山・のところ」","jomon2_bnum9.html"
"徐州","東海郡","利成県","漢～","江蘇省連雲港市贛楡区西部","贛楡区西部の丘陵地と湖沼","上古音：「利」l i̯əd／l ǐei／l jed／l ier／l jidh
上古音：「成」ȡ i̯ĕŋ／ʑ ǐeŋ／ʑ jeŋ／d jieŋ／d jing","アイヌ語：利成＝「リ・エン・テュ・エ・エン(ri-en-tu-e-en)」＝「高く・突き出ている・峰が・そこで・突き出ている（ところ）」","jomon2_bnum9.html"
"徐州","東海郡","海西県","漢～","江蘇省連雲港市灌南県一帯","黄海沿岸、河口","上古音：「海」xm əɡ／h ə／x ə̂ɡ, x uə̂ɡ／xm əɣ／hm əgx
上古音：「西」s iər／s iei／s ied／s er／s id","アイヌ語：海西＝「フム・アク・シル・エ・エン(hum-ak-sir-e-en)」＝「断片の・弟の（ように小さい）・山が・そこで・突き出ている（ところ）」","jomon2_bnum9.html"
"徐州","東海郡","祝其県","漢～","江蘇省連雲港市贛楡区北西部","贛楡区北西部の小山","上古音：「祝」ȶ  -／ȶ ǐuk／ȶ jok／t jəwk／t jəkw
上古音：「其」ɡʰ i̯əɡ／g ǐə／ɡʰ jəɡ／ɡ iəɣ／g jəg
上古音：「其」k i̯əɡ／- -／k jəɡ／k iəɣ／k jəg","アイヌ語：祝其＝「テュ・アク・キル・アク(tu-ak-kir-ak)」＝「峰の・弟（のように小さいもの）・山脚の・弟（のように小さいもの）」","jomon2_bnum9.html"
"徐州","東海郡","東安県","漢～","山東省連雲港市東海県","","上古音：「東」t uŋ／t ɔŋ／t ûŋ／t ewŋ／t ung
上古音：「安」ʔ ɑn／0 an／ʔ ɑn／ʔ an／· an","アイヌ語：東安＝「テュ・ウン・アゥ・ウン(tu-un-aw-un)」＝「峰・にある・角、枝分かれ・にある」","jomon2_bnum9.html"
"徐州","東海郡","開陽県","漢～","山東省臨沂市蘭山区","沂河と祊河沿い","上古音：「開」kʰ ər／kʰ əi／kʰ ə̂d／kʰ ər／kh əd
上古音：「陽」d i̯aŋ／ʎ ǐaŋ／d jaŋ／r iaŋ／r ang","※中原に対する東夷の反乱、大量殺戮があった場所。
アイヌ語：開陽
＝「ケゥ・アッ・テュ・アン(kew-at-tu-an)」＝「死体が・たくさんある・峰・がある（ところ）」
or「ケゥ・アッ・テュ・アゥ・ウン(kew-at-tu-aw-un)」＝「死体が・たくさんある・峰の・角、枝分かれ・にある（ところ）」","jomon2_bnum9.html"
"徐州","東海郡","臨沂県","漢～","山東省臨沂市蘭山区","泰沂山脈南麓、丘陵","上古音：「臨」bl i̯əm／l ǐəm／l jəm／l iəm／bl jəmh
上古音：「沂」- -／ŋ ǐəi／ŋ jə̆d／ŋ jər／ng jəd","アイヌ語：臨沂＝「リ・アム・キル・アッ(ri-am-kir-at)」＝「高い・平べったい爪の・山脚が・たくさんある（ところ）」","jomon2_bnum9.html"
"徐州","東海郡","即丘県","漢～","山東省臨沂市河東区","沂河東岸、沂沭断裂帯の上のなだらかな丘の連続","上古音：「即」ts i̯ək／ts ǐet／ts jet／- -／ts jit
上古音：「丘」kʰ i̯ŭɡ／kʰ ǐwə／kʰ juə̆ɡ／kʰ jwəɣ／kh jəg","アイヌ語：即丘＝「テュ・アク・キル・アク(tu-ak-kir-ak)」＝「峰の・弟（のように小さいもの）・山脚の・弟（のように小さいもの）」","jomon2_bnum9.html"
"徐州","東海郡","厚丘県","漢～","江蘇省宿遷市沭陽県北部","駱馬湖東岸","上古音：「厚」ɡʰ u／ɣ ɔ／ɣ ûɡ／ɡ ew／g ugx
上古音：「丘」kʰ i̯ŭɡ／kʰ ǐwə／kʰ juə̆ɡ／kʰ jwəɣ／kh jəg","アイヌ語：厚丘＝「ク・ク・キル・アク(ku-ku-kir-ak)」＝「矢（先のような形）・矢の・山脚の・弟（のように小さいもの）」
※アイヌ語「ク＝弓」。中国大陸、朝鮮半島では「ク＝矢」の可能性。サハリン、シベリアのニヴフ（ギリヤーク）語も「ク＝矢」。","jomon2_bnum9.html"
"徐州","東海郡","曲陽県","漢～","江蘇省宿遷市沭陽県南東部","駱馬湖東岸","上古音：「曲」kʰ i̯uk／kʰ ǐwɔk／kʰ juk／kʰ jewk／kh juk
上古音：「陽」d i̯aŋ／ʎ ǐaŋ／d jaŋ／r iaŋ／r ang","アイヌ語：曲陽
＝「キル・アク・テュ・アゥ・ウン(kir-ak-tu-aw-un)」＝「山脚の・弟の（ように小さい）・峰の・角、枝分かれ・にある（ところ）」
or「キル・ク・テュ・アゥ・ウン(kir-ku-tu-aw-un)」＝「山脚の・矢の（ように鋭い）・峰の・角、枝分かれ・にある（ところ）」
※アイヌ語「ク＝弓」。中国大陸、朝鮮半島では「ク＝矢」の可能性。サハリン、シベリアのニヴフ（ギリヤーク）語も「ク＝矢」。","jomon2_bnum9.html"
"徐州","東海郡","承県","漢～","山東省棗荘市嶧城区","微山湖東岸、泰沂山脈南西麓","上古音：「承」ȡ i̯əŋ／ʑ ǐəŋ／j jəŋ／d jiəŋ／g rjəng","アイヌ語：承
＝「チゥ・アゥ・ウン(ciw-aw-un)」＝「水流、水脈の・角、枝分かれ・にある（ところ）」
or「チゥ・アン(ciw-an)」＝「水流、水脈・がある（ところ）」","jomon2_bnum9.html"
"徐州","琅邪郡","琅邪県","秦～","山東省青島市黄島区","黄海沿岸の岩山","上古音：「琅」l ɑŋ／l aŋ／l ɑŋ／l aŋ／l ang
上古音：「邪」z i̯ɔ／ʎ ia／ɡ jăɡ／ɣr aɣ／g rjiag
上古音：「邪」dz i̯ɔ／z ia／z jăɡ／r jiaɣ／sg jiag","アイヌ語：琅邪＝「ル・アゥ・ウン・キル・アク(ru-aw-un-kir-ak)」＝「消えかかっている・角、枝分かれ・にある・山脚の・弟（のように小さいもの）」","jomon2_bnum9.html"
"徐州","琅邪郡","東武県","秦～","山東省濰坊市諸城市","低山の麓","上古音：「東」t uŋ／t ɔŋ／t ûŋ／t ewŋ／t ung
上古音：「武」m i̯wo／m ǐwa／m juaɡ／m jwaɣ／m jagx","アイヌ語：東武＝「テュ・ウン・ムィ・アク(tu-un-muy-ak)」＝「峰・にある・頂の・弟（のように小さいもの）」","jomon2_bnum9.html"
"徐州","琅邪郡","不其県","秦～","山東省青島市城陽区","小さな岬","上古音：「不」p i̯ŭɡ／p ǐwə／p juə̆ɡ／p jwəɣ／p jəgx
上古音：「不」- -／- -／tʰ jŏɡ／tʰ iəw／th jəgwh
上古音：「其」ɡʰ i̯əɡ／g ǐə／ɡʰ jəɡ／ɡ iəɣ／g jəg
上古音：「其」k i̯əɡ／- -／k jəɡ／k iəɣ／k jəg","アイヌ語：不其＝「ピル・アク・キル・アク(pir-ak-kir-ak)」＝「傷の（ように切り刻まれた）・弟（のように小さいもの）・山脚の・弟（のように小さいもの）」","jomon2_bnum9.html"
"徐州","琅邪郡","海曲県","秦～","山東省日照市東港区","海岸沿いの峰裾","上古音：「海」xm əɡ／h ə／x ə̂ɡ, x uə̂ɡ／xm əɣ／hm əgx
上古音：「曲」kʰ i̯uk／kʰ ǐwɔk／kʰ juk／kʰ jewk／kh juk","アイヌ語：海曲
＝「フム・アク・キル・アク(hum-ak-kir-ak)」＝「断片の・弟の（ように小さいもの）・山脚の・弟（のように小さいもの）」
or「フム・アク・キル・ク(hum-ak-kir-ku)」＝「断片の・弟の（ように小さいもの）・山脚の・矢（のように鋭いもの）」
※アイヌ語「ク＝弓」。中国大陸、朝鮮半島では「ク＝矢」の可能性。サハリン、シベリアのニヴフ（ギリヤーク）語も「ク＝矢」。","jomon2_bnum9.html"
"徐州","琅邪郡","贛楡県","秦～","江蘇省連雲港市贛楡区","黄海沿岸","上古音：「贛」- -／- -／k ɔŋ, k am／k Am／k amx
上古音：「榆」d i̯u／ʎ ǐwɔ／d juɡ／r iew／r ug","アイヌ語：贛楡＝「ク・アム・テュク(ku-am-tuk)」＝「矢（先のような形）の・爪の（ように平べったく鋭い）・小山」
※アイヌ語「ク＝弓」。中国大陸、朝鮮半島では「ク＝矢」の可能性。サハリン、シベリアのニヴフ（ギリヤーク）語も「ク＝矢」。","jomon2_bnum9.html"
"徐州","琅邪郡","朱虚県","秦～","山東省濰坊市臨朐県","泰沂山脈の東部の山裾の小山","上古音：「朱」ȶ i̯u／ȶ ǐwɔ／ȶ juɡ／t jew／t jug
上古音：「虛」kʰ i̯o／h ǐa／x jaɡ／kʰ jaɣ／h jag","アイヌ語：朱虚＝「テュク・キル・アク(tuk-kir-ak)」＝「小山の・山脚の・弟（のように小さいもの）」","jomon2_bnum9.html"
"徐州","琅邪郡","諸県","秦～","山東省濰坊市諸城市の西南部","低山の麓","上古音：「諸」ȶ i̯o／ȶ ǐa／ȶ jaɡ／t jaɣ／t jag","アイヌ語：諸＝「テュ・アク(tu-ak)」＝「峰の・弟（のように小さいもの）」","jomon2_bnum9.html"
"徐州","琅邪郡","平昌県","秦～","山東省濰坊市諸城市","低山の麓","上古音：「平」bʰ i̯ĕŋ／b ǐeŋ／bʰ jĕŋ／b ieŋ／b jing
上古音：「昌」ȶʰ i̯aŋ／ȶʰ ǐaŋ／ȶʰ jaŋ／tʰ jaŋ／th jang","アイヌ語：平昌
＝「ピ・エ・エン・テュ・アゥ・ウン(pi-e-en-tu-aw-un)」＝「石が・そこで・突き出ている・峰の・角、枝分かれ・にある（ところ）」
or「ピ・エ・エン・テュ・アン(pi-e-en-tu-an)」＝「石が・そこで・突き出ている・峰・がある（ところ）」","jomon2_bnum9.html"
"徐州","琅邪郡","東莞県","秦～","山東省臨沂市沂水県","泰沂山脈東部の山裾","上古音：「東」t uŋ／t ɔŋ／t ûŋ／t ewŋ／t ung
上古音：「莞」k wɑn／k uan／k uɑn／k wan／kw an
上古音：「莞」ɡʰ wan／ɣ oan／ɣ uan／ɡ rwan／gw ranx","アイヌ語：東莞
＝「テュ・ウン・ク・アゥ・ウン(tu-un-ku-aw-un)」＝「峰・にある・矢（先のように鋭いもの）の・角、枝分かれ・にある（ところ）」
or「テュ・ウン・ク・アン(tu-un-ku-an)」＝「峰・にある・矢（先のように鋭いもの）・がある（ところ）」
※アイヌ語「ク＝弓」。中国大陸、朝鮮半島では「ク＝矢」の可能性。サハリン、シベリアのニヴフ（ギリヤーク）語も「ク＝矢」。","jomon2_bnum9.html"
"徐州","琅邪郡","安丘県","秦～","山東省濰坊市安丘市","泰沂山脈東部の山裾","上古音：「安」ʔ ɑn／0 an／ʔ ɑn／ʔ an／· an
上古音：「丘」kʰ i̯ŭɡ／kʰ ǐwə／kʰ juə̆ɡ／kʰ jwəɣ／kh jəg","アイヌ語：安丘＝「アゥ・ウン・キル・アク(aw-un-kir-ak)」＝「角、枝分かれ・にある・峰の・弟（のように小さいもの）」","jomon2_bnum9.html"
"徐州","彭城郡、楚国、楚郡、彭城国","彭城県","前漢、後漢","江蘇省徐州市銅山区","微山湖南岸の峰","上古音：「彭」bʰ ăŋ／b eaŋ／bʰ uăŋ／b rwaŋ／b rang
上古音：「城」ȡ i̯ĕŋ／ʑ ǐeŋ／ʑ jeŋ／d jieŋ／d jing","アイヌ語：彭城＝「プ・アゥ・ウン・テュ・エ・エン(pu-aw-un-tu-e-en)」＝「倉の（屋根のような三角山の）・角、枝分かれ・にある・峰が・そこで・突出ている（ところ）」","jomon2_bnum9.html"
"徐州","彭城郡、楚国、楚郡、彭城国","傅県","前漢、後漢","山東省棗荘市嶧城区","微山湖南東岸","上古音：「傅」p i̯wo／p ǐwa／p juaɡ／p jwaɣ／p jagh","アイヌ語：傅＝「ピル・アク(pir-ak)」＝「傷の（ように切り刻まれた峰の）・弟（のように小さいもの）」","jomon2_bnum9.html"
"徐州","彭城郡、楚国、楚郡、彭城国","留県","前漢、後漢","徐州市沛県南東部","微山湖南西岸","上古音：「留」l -／l ǐu／l jŏɡ／l iəw／l jəgwh","アイヌ語：留＝「リ・アク(ri-ak)」＝「高い・弟（のように小さいもの）」","jomon2_bnum9.html"
"徐州","彭城郡、楚国、楚郡、彭城国","梧県","前漢、後漢","安徽省淮北市杜集区","微山湖南西","上古音：「梧」ŋ o／ŋ a／ŋ ɑɡ／ŋ aɣ／ng ag","アイヌ語：梧＝「キル・アク(kir-ak)」＝「山脚の・弟（のように小さいもの）」","jomon2_bnum9.html"
"徐州","彭城郡、楚国、楚郡、彭城国","陽県","前漢、後漢","山東省棗荘市嶧城区","微山湖南東岸","上古音：「陽」d i̯aŋ／ʎ ǐaŋ／d jaŋ／r iaŋ／r ang","アイヌ語：陽＝「テュ・アゥ・ウン(tu-aw-un)」＝「峰の・角、枝分かれ・にある（ところ）」","jomon2_bnum9.html"
"徐州","彭城郡、楚国、楚郡、彭城国","呂県","前漢、後漢","江蘇省徐州市銅山区南東部","微山湖の南","上古音：「呂」ɡl i̯o／l ǐa／l jaɡ／l iaɣ／gl jagx","アイヌ語：呂＝「リ・アク(ri-ak)」＝「高い・弟（のように小さいもの）」","jomon2_bnum9.html"
"徐州","彭城郡、楚国、楚郡、彭城国","武原県","前漢、後漢","江蘇省徐州市邳州市","駱馬湖北岸、河口、孤立丘点在","上古音：「武」m i̯wo／m ǐwa／m juaɡ／m jwaɣ／m jagx
上古音：「原」ŋ i̯wăn／ŋ ǐwan／ŋ juăn／ŋ jwan／ngw jan","アイヌ語：武原
＝「ムィ・アク・キル・アゥ・ウン(muy-ak-kir-aw-un)」＝「頂の・弟の（ように小さい）・山脚の・角、枝分かれ・にある（ところ）」
or「ムィ・アク・キル・アン(muy-ak-kir-an)」＝「頂の・弟の（ように小さい）・山脚・がある（ところ）」","jomon2_bnum9.html"
"徐州","彭城郡、楚国、楚郡、彭城国","甾丘県","前漢、後漢","安徽省宿州市埇橋区","峰裾","上古音：「甾」tʂ i̯əɡ／- -／ts əɡ／ts iəɣ／ts rjəg
上古音：「丘」kʰ i̯ŭɡ／kʰ ǐwə／kʰ juə̆ɡ／kʰ jwəɣ／kh jəg","アイヌ語：甾丘＝「テュ・アク・キル・アク(tu-ak-kir-ak)」＝「峰の・弟（のように小さいもの）・山脚の・弟（のように小さいもの）」","jomon2_bnum9.html"
"徐州","彭城郡、楚国、楚郡、彭城国","広戚県","前漢、後漢","山東省済寧市微山県","微山湖沿岸","上古音：「廣」k wɑŋ／k uaŋ／k uɑŋ／k waŋ／kw angx
上古音：「戚」tsʰ -／tsʰ iuk／tsʰ iok／tsʰ eəwk／sth iəkw","アイヌ語：広戚＝「ク・アゥ・ウン・テュ・アク(ku-aw-un-tu-ak)」＝「矢（先のような形）の・角、枝分かれ・にある・峰の・弟（のように小さいもの）」
※アイヌ語「ク＝弓」。中国大陸、朝鮮半島では「ク＝矢」の可能性。サハリン、シベリアのニヴフ（ギリヤーク）語も「ク＝矢」。","jomon2_bnum9.html"
"徐州","広陵郡","広陵県","前漢","江蘇省揚州市邗江区","長江北岸","上古音：「廣」k wɑŋ／k uaŋ／k uɑŋ／k waŋ／kw angx
上古音：「陵」l i̯əŋ／l ǐəŋ／l jəŋ／l iəŋ／l jəng","アイヌ語：広陵＝「ク・アゥ・ウン・リ・アゥ・ウン(ku-aw-un-ri-aw-un)」＝「矢（先のような）・角、枝分かれ・にある（ところ）・高い・角・枝分かれ・にある（ところ）」
※アイヌ語「ク＝弓」。中国大陸、朝鮮半島では「ク＝矢」の可能性。サハリン、シベリアのニヴフ（ギリヤーク）語も「ク＝矢」。","jomon2_bnum9.html"
"徐州","広陵郡","江都県","前漢","江蘇省揚州市江都区","長江北岸","上古音：「江」k ŭŋ／k eɔŋ／k uŋ／k rewŋ／k rung
上古音：「都」t o／t a／t ɑɡ／t aɣ／t ag","アイヌ語：江都＝「ク・アゥ・ウン・ト・アク(ku-aw-un-to-ak)」＝「矢の（ように鋭い）・角、枝分かれ・にある・湖沼の・弟（のように小さいもの）」
※アイヌ語「ク＝弓」。中国大陸、朝鮮半島では「ク＝矢」の可能性。サハリン、シベリアのニヴフ（ギリヤーク）語も「ク＝矢」。","jomon2_bnum9.html"
"徐州","広陵郡","高郵県","前漢","江蘇省揚州市高郵市","高郵湖東岸、南岸","上古音：「高」k oɡ／k au／k ɔ̂ɡ／k aw／k agw
上古音：「郵」ɡ i̯ŭɡ／ɣ ǐwə／ɣ juə̆ɡ／ɣ jwəɣ／gw jəg","アイヌ語：高郵＝「ク・アク・キル・アク(ku-ak-kir-ak)」＝「矢の（先のような）・弟（のように小さいもの）or射る・（湖沼の）脚の・弟（のように小さいもの）」
※アイヌ語「ク＝弓」。中国大陸、朝鮮半島では「ク＝矢」の可能性。サハリン、シベリアのニヴフ（ギリヤーク）語も「ク＝矢」。","jomon2_bnum9.html"
"徐州","広陵郡","平安県","前漢","江蘇省淮安市金湖県","高郵湖北岸","上古音：「平」bʰ i̯ĕŋ／b ǐeŋ／bʰ jĕŋ／b ieŋ／b jing
上古音：「安」ʔ ɑn／0 an／ʔ ɑn／ʔ an／· an","アイヌ語：平安＝「ぺ(pe)・エ・エン・アゥ・ウン(e-en-aw-un)」＝「水が・そこで・突出ている・角、枝分かれ・にある（ところ）」","jomon2_bnum9.html"
"徐州","臨淮郡","徐県","前漢","宿遷市泗洪県南部","成子湖北岸","上古音：「徐」dz i̯o／z ǐa／z jaɡ／r jaɣ／sd jag","アイヌ語：徐＝「チゥ・アク(ciw-ak)」＝「水流、水脈の・弟（のように小さいもの）」","jomon2_bnum9.html"
"徐州","臨淮郡","取慮県","前漢","安徽省宿州市霊璧県","淮河北岸の平地、小さな峰。","上古音：「取」tsʰ i̯u／tsʰ ǐwɔ／tsʰ juɡ／tsʰ jew／tsh jugx
上古音：「取」tsʰ u／- -／tsʰ ûɡ／tsʰ ew／tsh ugx
上古音：「慮」l i̯o／l ǐa／l jaɡ／l iaɣ／l jagh","アイヌ語：取慮＝「テュク・リ・アク(tuk-ri-ak)」＝「小山・高い・弟（のように小さいもの）」","jomon2_bnum9.html"
"徐州","臨淮郡","淮浦県","前漢","江蘇省淮安市漣水県","黄海沿い。海際。淮河下流の氾濫原。","上古音：「淮」ɡʰ wær／ɣ oəi／ɣ uəd／ɡ rwər／gw rəd
上古音：「浦」pʰ wo／pʰ ua／pʰ uɑɡ／pʰ waɣ／ph agx","アイヌ語：淮浦＝「キ・アッ・ペ・アク(ki-at-pe-ak)」＝「茅が・たくさんある・水の・弟（のように小さいもの）」","jomon2_bnum9.html"
"徐州","臨淮郡","凌県","前漢","江蘇省泗陽県北西部","成子湖北岸。孤立丘が点在。","上古音：「凌」l i̯əŋ／l ǐəŋ／l jəŋ／l iəŋ／l jəng","アイヌ語：凌＝「リ・アゥ・ウン(ri-aw-un)」＝「高い・角、枝分かれ・にある（ところ）」","jomon2_bnum9.html"
"徐州","臨淮郡","僮県","前漢","江蘇省宿遷市沭陽県南部","成子湖北岸、駱馬湖東岸","上古音：「僮」dʰ uŋ／d ɔŋ／dʰ ûŋ／d ewŋ／d ung","アイヌ語：僮＝「ト・ウン(to-un)」＝「湖沼・にある（ところ）」","jomon2_bnum9.html"
"徐州","臨淮郡","射陽県","前漢","江蘇省塩城市射陽県","海岸線、海、デルタ地帯の自然堤防、砂嘴","上古音：「射」- i̯ăɡ／ȡ ia／ȡʰ jăɡ／zd jiaɣ／g rjiagh
上古音：「射」d i̯ăk／ʎ iak／- -／r iak／- -
上古音：「陽」d i̯aŋ／ʎ ǐaŋ／d jaŋ／r iaŋ／r ang","アイヌ語：射陽＝「テュ・アク・テュ・アゥ・ウン(tu-ak-tu-aw-un)」＝「峰の・弟（のように小さいもの）・峰の・角、枝分かれ・にある（ところ）」","jomon2_bnum9.html"
"徐州","臨淮郡","贅其県","前漢","江蘇省淮安市盱眙県南西部","成子湖南部（洪沢湖）南方の淮河南岸、七里湖南西岸の山並み","上古音：「贅」ȶ i̯wad／ȶ ǐwat／ȶ juæd／t jiwar／t juadh
上古音：「其」ɡʰ i̯əɡ／g ǐə／ɡʰ jəɡ／ɡ iəɣ／g jəg
上古音：「其」k i̯əɡ／- -／k jəɡ／k iəɣ／k jəg","アイヌ語：贅其＝「テュ・アッ・キル・アク(tu-at-kir-ak)」＝「峰が・たくさんある・山脚の・弟（のように小さいもの）」","jomon2_bnum9.html"
"徐州","臨淮郡","高山県","前漢","安徽省滁州市来安県","長江北岸の平地、低い丘陵。","上古音：「高」k oɡ／k au／k ɔ̂ɡ／k aw／k agw
上古音：「山」s ăn／ʃ ean／-／s rian／s rian","アイヌ語：高山＝「ク・アク・シル・アン(ku-ak-sir-an)」＝「矢の（先のような）・弟（のように小さい）or射る・山・がある（ところ）」
※アイヌ語「ク＝弓」。中国大陸、朝鮮半島では「ク＝矢」の可能性。サハリン、シベリアのニヴフ（ギリヤーク）語も「ク＝矢」。","jomon2_bnum9.html"
"徐州","臨淮郡","塩瀆県","前漢","江蘇省塩城市","黄海沿岸、 当時の海岸線は内陸50kmの砂堆の丘陵","上古音：「鹽」- -／ʎ ǐam／ɡ jam／ɣr iam／g rjam
上古音：「瀆」dʰ uk／d ɔk／dʰ ûk／d ewk／d uk","アイヌ語：塩瀆＝「キル・アム・テュク(kir-am-tuk)」＝「脚の（ように伸びた）・爪の（ように平べったく鋭い）・小山」","jomon2_bnum9.html"
"徐州","臨淮郡","淮陰県","前漢","江蘇省淮安市淮陰区","成子湖北東岸、淮河河口の砂堆","上古音：「淮」ɡʰ wær／ɣ oəi／ɣ uəd／ɡ rwər／gw rəd
上古音：「陰」ʔ i̯əm／0 ǐəm／ʔ jəm／ʔ iəm／· jəm","アイヌ語：淮陰＝「キル・アッ・イ・アム(kir-at-i-am)」＝「脚の（ように伸びた砂堆が）・たくさんある・その・爪（のように平べったく鋭いもの）」","jomon2_bnum9.html"
"徐州","臨淮郡","下相県","前漢","江蘇省宿遷市宿城区南西部","成子湖北西岸の砂堆","上古音：「下」ɡʰ ɔ／ɣ ea／ɣ ăɡ／ɡ raɣ／g ragx
上古音：「相」s i̯aŋ／s ǐaŋ／s jaŋ／s jaŋ／s jangh","アイヌ語：下相＝「キル・アク・シル・アン(kir-ak-sir-an)」＝「脚の（ように伸びた）・弟（のように小さい）・山・がある（ところ）」","jomon2_bnum9.html"
"徐州","臨淮郡","富陵県","前漢","江蘇省淮安市洪沢区北西部","成子湖（洪沢湖）東岸の水谷浸食地形、孤立丘","上古音：「富」p i̯ŭɡ／p ǐwə／p juə̆ɡ／p jwəɣ／p jəgh
上古音：「陵」l i̯əŋ／l ǐəŋ／l jəŋ／l iəŋ／l jəng","アイヌ語：富陵＝「ピル・アク・リ・アゥ・ウン(pir-ak-ri-aw-un)」＝「傷の（切り刻まれた）・弟（のように小さいもの）が・高い・角、枝分かれ・にある（ところ）」","jomon2_bnum9.html"
"徐州","臨淮郡","東陽県","前漢","江蘇省淮安市盱眙県","成子湖（洪沢湖）南岸","上古音：「東」t uŋ／t ɔŋ／t ûŋ／t ewŋ／t ung
上古音：「陽」d i̯aŋ／ʎ ǐaŋ／d jaŋ／r iaŋ／r ang","アイヌ語：東陽
＝「テュ・ウン・テュ・アゥ・ウン(tu-un-tu-aw-un)」＝「峰・にある・峰の・角、枝分かれ・にある（ところ）」
or「テュ・ウン・リ・アゥ・ウン(tu-un-ri-aw-un)」＝「峰・にある・高い・角、枝分かれ・にある（ところ）」","jomon2_bnum9.html"
"徐州","臨淮郡","海陵県","前漢","江蘇省泰州市海陵区","長江北岸の砂州の微高地","上古音：「海」xm əɡ／h ə／x ə̂ɡ, x uə̂ɡ／xm əɣ／hm əgx
上古音：「陵」l i̯əŋ／l ǐəŋ／l jəŋ／l iəŋ／l jəng","アイヌ語：海陵＝「フム・アク・リ・アゥ・ウン(hum-ak-ri-aw-un)」＝「断片の・弟の（ように小さいものの）・高い・角、枝分かれ・にある（ところ）」","jomon2_bnum9.html"
"徐州","臨淮郡","輿県","前漢","江蘇省揚州市儀徴市","長江下流北岸。","上古音：「輿」 z i̯o／ʎ ǐa／- -／r iaɣ／- -","アイヌ語：輿＝「リ・アク(ri-ak)」＝「高い・弟（のように小さいところ）」","jomon2_bnum9.html"
"徐州","臨淮郡","堂邑県","前漢","江蘇省南京市六合区","長江下流北岸","上古音：「堂」dʰ ɑŋ／d aŋ／dʰ ɑŋ／d aŋ／d ang
上古音：「邑」ʔ i̯əp／0 ǐəp／ʔ jəp／ʔ iəp／· jəp","アイヌ語：堂邑＝「チゥ・アゥ・ウン・イ・アプ(ciw-aw-un-i-ap)」＝「水流、水脈の ・角、枝分かれ・にある・その・釣り針（のように曲がったもの）」","jomon2_bnum9.html"
"揚州","九江郡","寿春県","前漢","安徽省淮南市寿県","瓦埠湖西岸、南岸、南東岸、八公山の麓","上古音：「壽」ȡ -／ʑ ǐu／ʑ jŏɡ／d jəw／d jəgwh
上古音：「春」ȶʰ i̯wən／ȶʰ ǐwən／ȶʰ juən／tʰ jiwən／th jən","アイヌ語：寿春
＝「チゥ・アク・チゥ・アゥ・ウン(ciw-ak-ciw-aw-un)」＝「水流、水脈の・弟（のように小さいもの）・水流、水脈の・角、枝分かれ・にある（ところ）」
or「テュ・アク・テュ・アゥ・ウン(tu-ak-tu-aw-un)」＝「峰の・弟（のように小さいもの）・峰の・角、枝分かれ・にある（ところ）」","jomon2_bnum9.html"
"揚州","九江郡","成徳県","前漢","安徽省淮南市寿県","瓦埠湖西岸、南岸、南東岸","上古音：「成」ȡ i̯ĕŋ／ʑ ǐeŋ／ʑ jeŋ／d jieŋ／d jing
上古音：「徳」t ək／t ək／t ə̂k／t ək／t ək","アイヌ語：成徳＝「テュ・エ・エン・タク(tu-e-en-tak)」＝「峰が・そこで・突き出ている・石」","jomon2_bnum9.html"
"揚州","九江郡","橐皋県","前漢","安徽省合肥市巣湖市","巣湖東岸の峰沿い、世界的な石（石灰岩）の聖地","上古音：「橐」tʰ ɑk／tʰ ak／tʰ ɑk／tʰ ak／th ak
上古音：「皋」k -／k u／k ôɡ／k əw／k əgw","アイヌ語：橐皋＝「タク・ク・アク(tak-ku-ak)」＝「石の・矢（先のような形の）・弟（のように小さいもの）or射る（ようなところ）」
※アイヌ語「ク＝弓」。中国大陸、朝鮮半島では「ク＝矢」の可能性。サハリン、シベリアのニヴフ（ギリヤーク）語も「ク＝矢」。","jomon2_bnum9.html"
"揚州","九江郡","逡遒県","前漢","安徽省合肥市肥東県","巣湖北岸の峰沿い","上古音：「逡」tsʰ i̯wən／tsʰ ǐwən／tsʰ juən／tsʰ jiwən／tsh jən
上古音：「遒」ts -／ts ǐu／ts jŏɡ／ts jəw／ts jəgw
上古音：「遒」dzʰ -／dz ǐu／dzʰ jŏɡ／dz jəw／dz jəgw","アイヌ語：逡遒＝「テュ・エ・エン・テュ・アク(tu-e-en-tu-ak)」＝「峰が・そこで・突き出ている・峰の・弟（のように小さいもの）」","jomon2_bnum9.html"
"揚州","九江郡","陰陵県","前漢","安徽省滁州市定遠県","","上古音：「陰」ʔ i̯əm／0 ǐəm／ʔ jəm／ʔ iəm／· jəm
上古音：「陵」l i̯əŋ／l ǐəŋ／l jəŋ／l iəŋ／l jəng","アイヌ語：陰陵＝「イ・アム・リ・アゥ・ウン(i-am-ri-aw-un)」＝「その・爪（のように平べったく鋭い）・高い・角、枝分かれ・にある（ところ）」","jomon2_bnum9.html"
"揚州","九江郡","東城県","前漢","安徽省滁州市定遠県","淮河と長江の間、狼巷迷谷の山並みの北側","上古音：「東」t uŋ／t ɔŋ／t ûŋ／t ewŋ／t ung
上古音：「城」ȡ i̯ĕŋ／ʑ ǐeŋ／ʑ jeŋ／d jieŋ／d jing","アイヌ語：東城
＝「テュン・テュ・エ・エン(tun-tu-e-en)」＝「間の・峰が・そこで・突き出ている（ところ）」
or「テュン・チゥ・エ・エン(tun-ciw-e-en)」＝「山間の・水流、水脈が・そこで・突き出ている（ところ）」","jomon2_bnum9.html"
"揚州","九江郡","歴陽県","前漢","安徽省馬鞍山市和県","長江西岸の峰","上古音：「歷」l iek／l iek／l iek／l ek／l ik
上古音：「陽」d i̯aŋ／ʎ ǐaŋ／d jaŋ／r iaŋ／r ang","アイヌ語：歴陽
＝「リ・アク・テュ・アゥ・ウン(ri-ak-tu-aw-un)」＝「高い・弟の（ように小さい）・峰の・角、枝分かれ・にある（ところ）」
or「リ・アク・リ・アゥ・ウン(ri-ak-ri-aw-un)」＝「高い・弟の（ように小さい）・高い・角、枝分かれ・にある（ところ）」","jomon2_bnum9.html"
"揚州","九江郡","当塗県","前漢","安徽省馬鞍山市当塗県","長江東岸、石臼湖西岸","上古音：「當」t ɑŋ／t aŋ／t ɑŋ／t aŋ／t angh
上古音：「塗」dʰ o／d a／- -／d aɣ／- -","アイヌ語：当塗＝「タン・タク(tan-tak)」＝「こちらの・石」","jomon2_bnum9.html"
"揚州","九江郡","鍾離県","前漢","安徽省滁州市鳳陽県一帯","淮河南岸、鳳陽県南部に山並み。","上古音：「鍾」ȶ i̯uŋ／ȶ ǐwɔŋ／- -／t jewŋ／
上古音：「離」l ia／l ǐai／l ja／l ia／l jiarh","アイヌ語：鍾離＝「テュン・リ・アゥ(tun-ri-aw)」＝「間の・高い・角、枝分かれ」","jomon2_bnum9.html"
"揚州","九江郡","合肥県","前漢","安徽省合肥市","淮河と長江の間、巣湖沿岸","上古音：「合」ɡʰ əp／ɣ əp／ɣ ə̂p／ɡ əp／g əp
上古音：「合」- -／k əp／k ə̂p／k əp／k əp
上古音：「肥」bʰ i̯wər／b ǐwəi／bʰ juə̆d／b jiwər／b jəd","アイヌ語：合肥＝「カプ・ピル・アッ(kap-pir-at)」＝「薄っぺらな・傷（のように切り刻まれた峰）が・たくさんある（ところ ）」","jomon2_bnum9.html"
"揚州","九江郡","博郷県","前漢","安徽省六安市","淮河と長江の間、狼巷迷谷の山並みの北側、孤立丘陵","上古音：「博」p ɑk／p uak／p uɑk／p wak／p ak
上古音：「鄉」x i̯aŋ／h ǐaŋ／x jaŋ／x jaŋ／h jang","アイヌ語：博郷＝「プ・アク・ヘ・アン(pu-ak-he-an)」＝「倉の（屋根のような三角山の）・弟の（ように小さい）・頭・がある（ところ）」","jomon2_bnum9.html"
"揚州","九江郡","曲陽県","前漢","安徽省滁州市鳳陽県","淮河南岸の峰裾。","上古音：「曲」kʰ i̯uk／kʰ ǐwɔk／kʰ juk／kʰ jewk／kh juk
上古音：「陽」d i̯aŋ／ʎ ǐaŋ／d jaŋ／r iaŋ／r ang","アイヌ語：曲陽
＝「キル・アク・テュ・アゥ・ウン(kir-ak-tu-aw-un)」＝「山脚の・弟の（ように小さい）・峰の・角、枝分かれ・にある（ところ）」
or「キル・ク・テュ・アゥ・ウン(kir-ku-tu-aw-un)」＝「山脚の・矢の（ように鋭い）・峰の・角、枝分かれ・にある（ところ）」
※アイヌ語「ク＝弓」。中国大陸、朝鮮半島では「ク＝矢」の可能性。サハリン、シベリアのニヴフ（ギリヤーク）語も「ク＝矢」。","jomon2_bnum9.html"
"揚州","九江郡","建陽県","前漢","安徽省滁州市来安県","長江北岸の峰裾。","上古音：「建」k i̯ăn／k ǐan／k jăn／k jan／k janh
上古音：「陽」d i̯aŋ／ʎ ǐaŋ／d jaŋ／r iaŋ／r ang","アイヌ語：建陽
＝「キル・アゥ・ウン・テュ・アゥ・ウン(kir-aw-un-tu-aw-un)」＝「山脚の・角、枝分かれ・にある・峰の・角、枝分かれ・にある（ところ）」
or「キル・アゥ・ウン・リ・アゥ・ウン(kir-aw-un-ri-aw-un)」＝「山脚の・角、枝分かれ・にある・高い・角、枝分かれ・にある（ところ）」","jomon2_bnum9.html"
"揚州","九江郡","全椒県","前漢","安徽省滁州市全椒県","長江北岸の山と湖","上古音：「全」dzʰ i̯wan／d ǐwan／dzʰ juæn／dz jiwan／dz juan
上古音：「椒」ts -／ts ǐu／- -／ts jiaw／- -","アイヌ語：全椒
＝「テュ・アゥ・ウン・テュ・アゥ・ウン(tu-aw-un-tu-aw-un)」＝「峰の・角、枝分かれ・にある（ところ）・峰の・角、枝分かれ・にある（ところ）」※たくさんの峰の枝分かれ","jomon2_bnum9.html"
"揚州","九江郡","阜陵県","前漢","安徽省滁州市全椒県","長江北岸の山と湖","上古音：「阜」bʰ -／b ǐu／bʰ jŏɡ／b jəw／b jəgwx
上古音：「陵」l i̯əŋ／l ǐəŋ／l jəŋ／l iəŋ／l jəng","アイヌ語：阜陵＝「ピル・アク・リ・アゥ・ウン(pir-ak-ri-aw-un)」＝「傷の（ように切り刻まれた）・弟（のように小さい峰）が・高い・角、枝分かれ・にある（ところ）」","jomon2_bnum9.html"
"揚州","九江郡","下蔡県","前漢","安徽省淮南市鳳台県","淮河北岸の湖沼と平地、南東部に八公山塊","上古音：「下」ɡʰ ɔ／ɣ ea／ɣ ăɡ／ɡ raɣ／g ragx
上古音：「蔡」tsʰ ɑd／tsʰ at／tsʰ ɑd／tsʰ ar／tsh adh","アイヌ語：下蔡＝「キル・アク・テュ・アッ(kir-ak-tu-at)」＝「山脚の・弟の（ように小さい）・峰が・たくさんある（ところ）」","jomon2_bnum9.html"
"揚州","丹陽郡","丹陽県","漢～","江蘇省鎮江市丹陽市","","上古音：「丹」t ɑn／t an／t ɑn／t an／t an
上古音：「陽」d i̯aŋ／ʎ ǐaŋ／d jaŋ／r iaŋ／r ang","アイヌ語：丹陽
＝「タン・テュ・アゥ・ウン(tan-tu-aw-un)」＝「こちらの・峰の・角、枝分かれ・にある（ところ）」
or「タン・リ・アゥ・ウン(tan-ri-aw-un)」＝「こちらの・高い・角、枝分かれ・にある（ところ）」","jomon2_bnum9.html"
"揚州","丹陽郡","宛陵県","漢～","安徽省宣城市宣州区","南漪湖西岸、南西岸。","上古音：「宛」ʔ i̯wăn／0 ǐwan／ʔ juăn／ʔ jwan／·w janx
上古音：「陵」l i̯əŋ／l ǐəŋ／l jəŋ／l iəŋ／l jəng","アイヌ語：宛陵＝「イ・アゥ・ウン・リ・アゥ・ウン(i-aw-un-ri-aw-un)」＝「それの・角、枝分かれ・にある・高い・角、枝分かれ・にある（ところ）」","jomon2_bnum9.html"
"揚州","丹陽郡","於潜県","漢～","浙江省杭州市臨安市於潜鎮","山間の山裾","上古音：「於」ʔ o／0 ǐa／ʔ ɑɡ／ʔ aɣ／· ag
上古音：「潛」dzʰ i̯æm／dz ǐəm／dzʰ jəm／- -／dz jiəm","アイヌ語：於潜＝「アク・テュ・イ・アム(ak-tu-i-am)」＝「弟の（ように小さい）・峰・その・爪（のように平べったく鋭いもの）」","jomon2_bnum9.html"
"揚州","丹陽郡","江乗県","漢～","江蘇省南京市棲霞区","長江南岸の山裾","上古音：「江」k ŭŋ／k eɔŋ／k uŋ／k rewŋ／k rung
上古音：「乘」- i̯əŋ／ȡ ǐəŋ／ȡʰ jəŋ／zd jiəŋ／d jəngh","アイヌ語：江乗＝「キル・ウン・テュ・エ・エン(kir-un-tu-e-en)」＝「山脚・にある・峰が・そこで・突き出ている（ところ）」","jomon2_bnum9.html"
"揚州","丹陽郡","春穀県","漢～","安徽省銅陵市義安区","長江南岸の山裾、岩の峰","上古音：「春」ȶʰ i̯wən／ȶʰ ǐwən／ȶʰ juən／tʰ jiwən／th jən
上古音：「穀」k uk／k ɔk／k ûk／k ewk／k uk","アイヌ語：春穀＝「テュ・アゥ・ウン・ク・ク(tu-aw-un-ku-ku)」＝「峰の・角、枝分かれ・にある・矢（先のような形）・矢」
※たくさんの矢のような鋭い岩の峰。
※アイヌ語「ク＝弓」。中国大陸、朝鮮半島では「ク＝矢」の可能性。サハリン、シベリアのニヴフ（ギリヤーク）語も「ク＝矢」。","jomon2_bnum9.html"
"揚州","丹陽郡","故鄣県","漢～","浙江省湖州市安吉県","太湖の南西。天目山の谷の入口。","上古音：「故」k o／k a／k ɑɡ／k aɣ／k agh
上古音：「鄣」ȶ i̯aŋ／ȶ ǐaŋ／ȶ jaŋ／t jaŋ／t jang","アイヌ語：故鄣＝「ク・アク・テュ・アゥ・ウン(ku-ak-tu-aw-un)」＝「矢（先のように鋭い）・弟の（ように小さい）or射る・峰の・角、枝分かれ・にある（ところ）」
※アイヌ語「ク＝弓」。中国大陸、朝鮮半島では「ク＝矢」の可能性。サハリン、シベリアのニヴフ（ギリヤーク）語も「ク＝矢」。","jomon2_bnum9.html"
"揚州","丹陽郡","句容県","漢～","江蘇省鎮江市句容市","長江南岸の山裾。","上古音：「句」k u／k ɔ／k ûɡ／k ew／k ugh
上古音：「容」d i̯uŋ／ʎ ǐwɔŋ／ɡ juŋ／ɣr iewŋ／g rjung","アイヌ語：句容＝「ク・ク・キル・ウン(ku-ku-kir-un)」＝「矢（先のように鋭い）・矢の・山脚・にある（ところ）」
※たくさんの矢先のような山脚。
※アイヌ語「ク＝弓」。中国大陸、朝鮮半島では「ク＝矢」の可能性。サハリン、シベリアのニヴフ（ギリヤーク）語も「ク＝矢」。","jomon2_bnum9.html"
"揚州","丹陽郡","涇県","漢～","安徽省宣城市涇県","長江南岸の山塊の入口。","上古音：「涇」- -／- -／ɡʰ jeŋ／ɡ jieŋ／g jingx
上古音：「涇」k ieŋ／k ieŋ／k ieŋ／k eŋ／k ing","アイヌ語：涇＝「キル・エ・エン(kir-e-en)」＝「山脚が・そこで・突き出ている（ところ）」","jomon2_bnum9.html"
"揚州","丹陽郡","石城県","漢～","安徽省池州市貴池区","長江の両岸に大きな山塊が迫り始めるところ","上古音：「石」ȡ i̯ăk／ʑ iak／- -／d jiak／d jiak
上古音：「城」ȡ i̯ĕŋ／ʑ ǐeŋ／ʑ jeŋ／d jieŋ／d jing","アイヌ語：石城＝「テュ・アク・テュ・エ・エン(tu-ak-tu-e-en)」＝「峰の・弟（のように小さいもの）・峰が・そこで・突き出ている（ところ）」","jomon2_bnum9.html"
"揚州","丹陽郡","胡孰県","漢～","江蘇省南京市江寧区","長江の支流周辺","上古音：「胡」ɡʰ o／ɣ a／ɣ ɑɡ／ɡ aɣ／g ag
上古音：「孰」ȡ -／ʑ ǐuk／ʑ jok／d jəwk／d jəkw","アイヌ語：胡孰＝「キル・アク・テュ・アク(kir-ak-tu-ak)」＝「山脚の・弟（のように小さいもの）・峰の・弟（のように小さいもの）」","jomon2_bnum9.html"
"揚州","丹陽郡","陵陽県","漢～","安徽省池州市青陽県","長江南岸の山陰","上古音：「陵」l i̯əŋ／l ǐəŋ／l jəŋ／l iəŋ／l jəng
上古音：「陽」d i̯aŋ／ʎ ǐaŋ／d jaŋ／r iaŋ／r ang","アイヌ語：陵陽
＝「リ・アゥ・ウン・テュ・アゥ・ウン(ri-aw-un-tu-aw-un)」＝「高い・角、枝分かれ・にある（ところ）・峰の・角、枝分かれ・にある（ところ）」
or「リ・アゥ・ウン・リ・アゥ・ウン(ri-aw-un-ri-aw-un)」＝「高い・角、枝分かれ・にある（ところ）・高い・角、枝分かれ・にある（ところ）」","jomon2_bnum9.html"
"揚州","丹陽郡","蕪湖県","漢～","安徽省蕪湖市湾沚区","長江南岸の湿地帯","上古音：「蕪」m i̯wo／m ǐwa／m juaɡ／m jwaɣ／m jag
上古音：「湖」ɡʰ o／ɣ a／ɣ ɑɡ／ɡ aɣ／g ag","アイヌ語：蕪湖＝「ムィ・アク・キル・アク(muy-ak-kir-ak)」＝「頂の・弟（のように小さいもの）・山脚の・弟（のように小さいもの）」","jomon2_bnum9.html"
"揚州","丹陽郡","黝県","漢～","安徽省黄山市黟県","黄山の西麓、「奇松・怪石・雲海・温泉＝黄山の四絶」水墨画の風景","上古音：「黝」ʔ i̯ŏɡ／0 iu／ʔ joɡ／ʔ jiəw／· jiəgwx","アイヌ語：黝＝「イ・ウ・オク(i-u-ok)」＝「その・互いに重なった・うなじ（盆の窪のような窪地）」","jomon2_bnum9.html"
"揚州","丹陽郡","歙県","漢～","安徽省黄山市歙県","黄山の東南。蛇行する川沿いの断崖","上古音：「歙」x i̯əp／h ǐəp／x jəp／x iəp／h jəp
上古音：「歙」- -／ɕ ǐəp／ç jɐp／stʰ jiap／h rjiəp","アイヌ語：歙
＝「ヘ・アプ(he-ap)」＝「頭の・釣り針（のように曲がった峰）」
or「シル・アプ(sir-ap)」＝「山の・釣り針（のように曲がった峰）」","jomon2_bnum9.html"
"揚州","丹陽郡","宣城県","漢～","安徽省蕪湖市南陵県","長江南岸の峰裾。多くの湖沼。","上古音：「宣」s i̯wan／s ǐwan／s juæn／s jiwan／skw jan
上古音：「城」ȡ i̯ĕŋ／ʑ ǐeŋ／ʑ jeŋ／d jieŋ／d jing","アイヌ語：宣城＝「シル・アゥ・ウン・テュ・エ・エン(sir-aw-un-tu-e-en)」＝「山の・角、枝分かれ・にある・峰が・そこで・突き出ている（ところ）」","jomon2_bnum9.html"
"揚州","廬江郡","舒県","漢～","安徽省合肥市廬江県","巣湖南西岸","上古音：「舒」ɕ i̯o／ɕ ǐa／ɕ jaɡ／stʰ jaɣ／sth jag","アイヌ語：舒＝「テュ・アク(tu-ak)」＝「峰の・弟（のように小さいもの）」","jomon2_bnum9.html"
"揚州","廬江郡","居巣県","漢～","安徽省合肥市巣湖市","巣湖南東岸の山","上古音：「居」k i̯o／k ǐa／k jaɡ／k jaɣ／k jag
上古音：「巢」dzʰ ŏɡ／dʒ eau／dzʰ ɔɡ／dz raw／dz ragw","アイヌ語：居巣＝「キル・アク・テュ・アク(kir-ak-tu-ak)」＝「山脚の・弟（のように小さいもの）・峰の・弟（のように小さいもの）」","jomon2_bnum9.html"
"揚州","廬江郡","竜舒県","漢～","安徽省六安市舒城県","巣湖南西岸の山裾の小山","上古音：「龍」l i̯uŋ／l ǐwɔŋ／l juŋ／l iewŋ／l jung
上古音：「舒」ɕ i̯o／ɕ ǐa／ɕ jaɡ／stʰ jaɣ／sth jag","アイヌ語：竜舒＝「レル・ウン・シル・アク(rer-un-sir-ak)」＝「山陰・にある・山の・弟（のように小さいもの）」","jomon2_bnum9.html"
"揚州","廬江郡","臨湖県","漢～","安徽省蕪湖市無為市","長江北岸、巣湖南岸の山裾","上古音：「臨」bl i̯əm／l ǐəm／l jəm／l iəm／bl jəmh
上古音：「湖」ɡʰ o／ɣ a／ɣ ɑɡ／ɡ aɣ／g ag","アイヌ語：臨湖＝「リ・アム・キル・アク(ri-am-kir-ak)」＝「高い・爪の（ように平べったく鋭い）・山脚の・弟（のように小さいもの）」","jomon2_bnum9.html"
"揚州","廬江郡","襄安県","漢～","安徽省蕪湖市無為市","長江北岸、長江の大きな分岐","上古音：「襄」sn i̯aŋ／s ǐaŋ／s jaŋ／s jaŋ／sn jang
上古音：「安」ʔ ɑn／0 an／ʔ ɑn／ʔ an／· an","アイヌ語：襄安＝「シアン・アゥ・ウン(sian-aw-un)」＝「大きな・枝分かれ・にある（ところ）」","jomon2_bnum9.html"
"揚州","廬江郡","樅陽県","漢～","安徽省銅陵市樅陽県","長江北岸の湖沼地帯の山並み","上古音：「樅」tsʰ i̯uŋ／tsʰ ǐwɔŋ／tsʰ juŋ／tsʰ jewŋ／tsh jung
上古音：「陽」d i̯aŋ／ʎ ǐaŋ／d jaŋ／r iaŋ／r ang","アイヌ語：樅陽
＝「テュン・テュ・アゥ・ウン(tun-tu-aw-un)」＝「間の・峰の・角、枝分かれ・にある（ところ）」
or「テュ・ウン・リ・アゥ・ウン(tu-un-ri-aw-un)」＝「峰・にある・高い・角、枝分かれ・にある（ところ）」","jomon2_bnum9.html"
"揚州","廬江郡","尋陽県","漢～","湖北省黄岡市黄梅県","長江北岸の湖沼地帯の峰","上古音：「尋」dz i̯əm／z ǐəm／z jəm／r jiəm／r jəm
上古音：「陽」d i̯aŋ／ʎ ǐaŋ／d jaŋ／r iaŋ／r ang","アイヌ語：尋陽
＝「テュ・アム・テュ・アゥ・ウン(tu-am-tu-aw-un)」＝「峰の・爪（のように平べったく鋭いもの）・峰の・角、枝分かれ・にある（ところ）」
or「テュ・アム・リ・アゥ・ウン(tu-am-ri-aw-un)」＝「峰の・爪（のように平べったく鋭いもの）・高い・角、枝分かれ・にある（ところ）」","jomon2_bnum9.html"
"揚州","廬江郡","灊県","漢～","安徽省六安市霍山県","長江北岸の山塊、山裾。","上古音：「灊」- -／- -／z jəm／r jiəm／r jəm
上古音：「灊」- -／- -／dzʰ jəm／dz jiəm／dz jəm","アイヌ語：灊＝「テュ・イ・アム(tu-i-am)」＝「峰・その・爪（のように平べったく鋭いもの）」","jomon2_bnum9.html"
"揚州","廬江郡","皖県","漢～","安徽省安慶市潜山市","長江北岸の山、山裾","上古音：「皖」- -／ɣ oan／- -／- -／- -","アイヌ語：皖＝「キル・アン(kir-an)」＝「山脚・がある（ところ）」","jomon2_bnum9.html"
"揚州","廬江郡","湖陵邑県","漢～","安徽省安慶市太湖県","長江北岸の山塊と山裾","上古音：「湖」ɡʰ o／ɣ a／ɣ ɑɡ／ɡ aɣ／g ag
上古音：「陵」l i̯əŋ／l ǐəŋ／l jəŋ／l iəŋ／l jəng
上古音：「邑」ʔ i̯əp／0 ǐəp／ʔ jəp／ʔ iəp／· jəp","アイヌ語：湖陵邑＝「キル・アク・リ・アゥ・ウン・イ・アプ(kir-ak-ri-aw-un-i-ap)」＝「山脚の・弟の（ように小さい）・高い・角、枝分かれ・にある・その・釣り針（のように曲がったもの）」","jomon2_bnum9.html"
"揚州","廬江郡","松茲県","漢～","安徽省安慶市宿松県","長江北岸の大きな湖沼地帯","上古音：「松」dz i̯uŋ／z ǐwɔŋ／z juŋ／r jewŋ／sg jung
上古音：「茲」- -／dz ǐə／dzʰ jəɡ／dz jiəɣ／dz jəg","アイヌ語：松茲＝「リ・エ・ウン・テュ・アク(ri-e-un-tu-ak)」＝「高い・頭・にある・峰の・弟（のように小さいもの）」","jomon2_bnum9.html"
"揚州","廬江郡","六安県","後漢","安徽省六安市金安区","巣湖西方の山裾","上古音：「六」l -／l ǐuk／l jok／l iəwk／l jəkw
上古音：「安」ʔ ɑn／0 an／ʔ ɑn／ʔ an／· an","アイヌ語：六安＝「リ・アク・アゥ・ウン(ri-ak-aw-un)」＝「高い・弟（のように小さい）・角、枝分かれ・にある（ところ）」","jomon2_bnum9.html"
"揚州","廬江郡","陽泉県","後漢","安徽省六安市霍邱県","淮河南岸の湖沼地帯にある峰","上古音：「陽」d i̯aŋ／ʎ ǐaŋ／d jaŋ／r iaŋ／r ang
上古音：「泉」dzʰ i̯wan／d ǐwan／dzʰ juæn／dz jiwan／dz juan","アイヌ語：陽泉＝「テュ・アゥ・ウン・テュ・アゥ・ウン(tu-aw-un-tu-aw-un)」＝「峰の・角、枝分かれ・にある（ところ）・峰の・角、枝分かれ・にある（ところ）」","jomon2_bnum9.html"
"揚州","廬江郡","安風県","後漢","安徽省六安市霍邱県","淮河南岸の湖沼地帯の峰","上古音：「安」ʔ ɑn／0 an／ʔ ɑn／ʔ an／· an
上古音：「風」p i̯ŭm／p ǐwəm／p juəm／p jwəm／p jəm","アイヌ語：安風＝「アゥ・ウン・ピル・アム(aw-un-pir-am)」＝「角、枝分かれ・にある・傷の（ように切り刻まれた）・爪（のように平べったく鋭いもの）」","jomon2_bnum9.html"
"揚州","廬江郡","蓼県","後漢","河南省信陽市固始県","淮河上流南岸の山裾","上古音：「蓼」ɡl -／l ǐuk／l jok／l iəwk／gl jəkw","アイヌ語：蓼＝「リ・アク(ri-ak)」＝「高い・弟（のように小さいもの）」","jomon2_bnum9.html"
"揚州","廬江郡","安豊県","後漢","河南省信陽市固始県","淮河上流南岸の山裾","上古音：「安」ʔ ɑn／0 an／ʔ ɑn／ʔ an／· an
上古音：「豊」l iər／- -／l ied／l er／l idx","アイヌ語：安豊＝「アゥ・ウン・リ・エン(aw-un-ri-en)」＝「角、枝分かれ・にある・高く・突き出ている（ところ）」
※第一回～第三十一回「日本書紀のエラーコラム」／第三十二回～第九十二回「日出ずる国のエラーコラム」／第九十三回～「日没する国のエラーコラム」／第百九十七回～「日没する国のエラーコラム／第二百三回～「騎馬民族北方系渡来人のエラーコラム」／第五百七回～「継体の不審死と磐井の乱」／第五百三十五回～「三国史記朝鮮地名と倭人」","jomon2_bnum9.html"
"揚州","会稽郡","会稽郡","秦","浙江省嘉興市","淮河上流南岸の山裾","上古音：「會」ɡʰ wɑd／ɣ uat／ɣ uɑd／ɡ war／gw adh
上古音：「會」k wɑd／k uat／k uɑd／k war／kw adh
上古音：「稽」k iər／kʰ iei／kʰ ied／kʰ er／kh idx","アイヌ語：会稽＝「ク・アッ・キル・アッ(ku-at-kir-at)」＝「矢（先のように鋭い峰）が・たくさんある・山脚が・たくさんある（ところ）」
※アイヌ語「ク＝弓」。中国大陸、朝鮮半島では「ク＝矢」の可能性。サハリン、シベリアのニヴフ（ギリヤーク）語も「ク＝矢」。","jomon2_bnum10.html"
"揚州","会稽郡","呉県","秦～","蘇州市呉中区及び相城区","","上古音：「吳」ŋ o／ŋ a／ŋ uɑɡ／ŋ aɣ, waɣ／ngw ag","アイヌ語：呉＝「キル・アク(kir-ak)」＝「山脚の・弟（のように小さいもの）」","jomon2_bnum10.html"
"揚州","会稽郡","毗陵県","前漢","江蘇省常州市武進区","太湖北西岸","上古音：「毗」bʰ i̯ər／b ǐei／bʰ jed／b jier／b jid
上古音：「陵」l i̯əŋ／l ǐəŋ／l jəŋ／l iəŋ／l jəng","アイヌ語：毗陵＝「ピル・エ・エン・リ・アゥ・ウン(pir-e-en-ri-aw-un)」＝「傷（のように切り刻まれたもの）が・そこで・突き出ている・高い・角、枝分かれ・にある（ところ）」","jomon2_bnum10.html"
"揚州","会稽郡","曲阿県","秦～","江蘇省鎮江市丹陽市","長江南岸の峰","上古音：「曲」kʰ i̯uk／kʰ ǐwɔk／kʰ juk／kʰ jewk／kh juk
上古音：「阿」ʔ ɑ／0 ai／ʔ ɑ／ʔ a／· ar","アイヌ語：曲阿
＝「キル・アク・アゥ(kir-ak-aw)」＝「山脚の・弟の（ように小さい）・角、枝分かれ」
or「キル・ク・アゥ(kir-ku-aw)」＝「山脚の・矢の（ように鋭い）・角、枝分かれ」
※アイヌ語「ク＝弓」。中国大陸、朝鮮半島では「ク＝矢」の可能性。サハリン、シベリアのニヴフ（ギリヤーク）語も「ク＝矢」。","jomon2_bnum10.html"
"揚州","会稽郡","丹徒県","前漢","江蘇省鎮江市丹徒区","銭塘江河口の南岸、古代の鉱山","上古音：「丹」t ɑn／t an／t ɑn／t an／t an
上古音：「徒」dʰ o／d a／dʰ ɑɡ／d aɣ／d ag","アイヌ語：丹徒＝「タン・タク(tan-tak)」＝「こちらの・石」","jomon2_bnum10.html"
"揚州","会稽郡","烏傷県","秦","浙江省金華市","","上古音：「烏」ʔ o／0 a／ʔ ɑɡ／ʔ aɣ／· ag
上古音：「傷」ɕ i̯aŋ／ɕ ǐaŋ／ɕ jaŋ／stʰ jaŋ／sth jang","アイヌ語：烏傷＝「アク・テュ・アゥ・ウン(ak-tu-aw-un)」＝「弟の（ように小さい）・峰の・角、枝分かれ・にある（ところ）」","jomon2_bnum10.html"
"揚州","会稽郡","余曁県","前漢","浙江省杭州市蕭山区","銭塘江河口の南岸","上古音：「余」d i̯o／ʎ ǐa／d jaɡ／r iaɣ／r ag
上古音：「余」- -／ʑ ia／- -／- -／- -
上古音：「暨」ɡʰ i̯æd／g ǐəi／ɡʰ jəd／ɡ iər／g jiədh
上古音：「暨」- -／k ǐəi／k jə̆d／k jər／k jədh","アイヌ語：余曁
＝
「テュ・アク・キル・エ・エン(tu-ak-kir-e-en)」＝「峰の・弟の（ように小さいものの）・山脚が・そこで・突き出ている（ところ）」
or
「リ・アク・キル・エ・エン(ri-ak-kir-e-en)」＝「高い・弟の（ように小さいものの）・山脚が・そこで・突き出ている（ところ）」","jomon2_bnum10.html"
"揚州","会稽郡","陽羡県","秦～","江蘇省無錫市宜興市","太湖西岸の湿地帯","上古音：「陽」d i̯aŋ／ʎ ǐaŋ／d jaŋ／r iaŋ／r ang
上古音：「羡」dz i̯an／z ǐan／z jæn／r jian／r jan
上古音：「羡」- -／- -／d jæn／r ian／r an","アイヌ語：陽羡
＝「リ・アゥ・ウン・テュ・アゥ・ウン(ri-aw-un-tu-aw-un)」＝「高い・角、枝分かれ・にある（ところ）・峰の・角、枝分かれ・にある（ところ）」
or「テュ・アゥ・ウン・テュ・アゥ・ウン(tu-aw-un-tu-aw-un)」＝「峰の・角、枝分かれ・にある（ところ）・峰の・角、枝分かれ・にある（ところ）」","jomon2_bnum10.html"
"揚州","会稽郡","諸曁県","古代皇帝禹～","浙江省紹興市諸曁市","銭塘江南岸の山の麓","上古音：「諸」ȶ i̯o／ȶ ǐa／ȶ jaɡ／t jaɣ／t jag
上古音：「暨」- -／k ǐəi／k jə̆d／k jər／k jədh","アイヌ語：諸曁＝「テュ・アク・キル・エ・エン(tu-ak-kir-e-en)」＝「峰の・弟の（ように小さいものの）・山脚が・そこで・突き出ている（ところ）」","jomon2_bnum10.html"
"揚州","会稽郡","無錫県","前漢","江蘇省无锡市無錫市","太湖北岸","上古音：「無」m i̯wo／m ǐwa／m juaɡ／m jwaɣ／m jag
上古音：「錫」s iek／s iek／s iek／s ek／st ik","アイヌ語：無錫＝「ムィ・アク・シル・アク(muy-ak-sir-ak)」＝「頂の・弟（ように小さいもの）・山の・弟（ように小さいもの）」
「錫が採れるので有錫だったが、取り尽くしたので無錫になった」という説があります。","jomon2_bnum10.html"
"揚州","会稽郡","山陰県","前漢","浙江省紹興市柯橋区","銭塘江河口の南岸の峰","上古音：「山」s ăn／ʃ ean／-／s rian／s rian
上古音：「陰」ʔ i̯əm／0 ǐəm／ʔ jəm／ʔ iəm／· jəm","アイヌ語：山陰＝「シル・イ・アゥ・ウン・イ・アム(sir-i-aw-un-i-am)」＝「山・その・角、枝分かれ・にある・その・爪（のように平べったく鋭い峰）」","jomon2_bnum10.html"
"揚州","会稽郡","上虞県","殷商、県の設置は秦代（紀元前222年）","浙江省紹興市上虞区","銭塘江河口の南岸の山裾。","上古音：「上」ȡ i̯aŋ／ʑ ǐaŋ／ʑ jaŋ／d jaŋ／d jangh
上古音：「虞」ŋ i̯wo／ŋ ǐwa／ŋ juaɡ／ŋ jwaɣ／ngw jag","アイヌ語：上虞＝「テュ・アゥ・ウン・キル・アゥ・ウン(tu-aw-un-kir-aw-un)」＝「峰の・角、枝分かれ・にある（ところ）・山脚の・角、枝分かれ・にある（ところ）」","jomon2_bnum10.html"
"揚州","会稽郡","剡県","前漢","浙江省紹興市嵊州市","盆地。","上古音：「剡」d i̯am／ʎ ǐam／d jam／r iam／r amx
上古音：「剡」- -／- -／ʑ jam／d jiam／d jamx","アイヌ語：上虞
＝「テュ・アム(tu-am)」＝「峰の・爪（のように平べったく鋭いもの）」
or「リ・アム(ri-am)」＝「高い・爪（のように平べったく鋭い峰）」","jomon2_bnum10.html"
"揚州","会稽郡","余姚県","秦or前漢","浙江省寧波市余姚市","杭州湾の南岸","上古音：「余」d i̯o／ʎ ǐa／d jaɡ／r iaɣ／r ag
上古音：「余」- -／ʑ ia／- -／- -／- -
上古音：「姚」d i̯oɡ／ʎ ǐau／d jɔɡ／r iaw／r agw","アイヌ語：余姚
＝「テュ・アク・テュ・オク(tu-ak-tu-ok)」＝「峰の・弟（のように小さいもの）・峰の・うなじ（盆の窪のような窪み）」","jomon2_bnum10.html"
"揚州","会稽郡","婁県","秦or前漢","江蘇省蘇州市崑山市","太湖東岸の湖沼地帯の小さな峰","上古音：「婁」ɡl i̯u／l ǐwɔ／l juɡ／l iew／l jug
上古音：「婁」ɡl u／l ɔ／l ûɡ／l ew／l ug","アイヌ語：婁＝「ル・ク(ru-ku)」＝「消えかかった・矢（先のような峰）」
※アイヌ語「ク＝弓」。中国大陸、朝鮮半島では「ク＝矢」の可能性。サハリン、シベリアのニヴフ（ギリヤーク）語も「ク＝矢」。","jomon2_bnum10.html"
"揚州","会稽郡","寧波府","秦","浙江省寧波市","杭州湾の南岸。東シナ海に突き出た岬。","上古音：「寧」n ieŋ／n ieŋ／n ieŋ／- -／n ing
上古音：「波」p wa／p uai／p uɑ／p wa／p ar","アイヌ語：寧波＝「ニ・エ・エン・プ・アゥ(ni-e-en-pu-aw)」＝「棒（のような細長い峰）が・そこで・突き出ている・倉（の屋根のような三角山）の・角、枝分かれ」","jomon2_bnum10.html"
"揚州","会稽郡","鄞県","秦（紀元前222年）","浙江省寧波市鄞州区","象山港北岸の山裾","上古音：「鄞」- -／ŋ iən／ŋ jə̆n／ŋ jən／ng jən","アイヌ語：鄞＝「キル・エ・エン(kir-e-en)」＝「山脚が・そこで・突き出ている（ところ）」","jomon2_bnum10.html"
"揚州","会稽郡","句章県","秦（紀元前221年）","浙江省寧波市江北区慈城鎮三勤村城山渡周辺（越王勾践の句章城）","余姚江北岸の山裾","上古音：「句」k u／k ɔ／k ûɡ／k ew／k ugh
上古音：「章」ȶ i̯aŋ／ȶ ǐaŋ／ȶ jaŋ／t jaŋ／t jang","アイヌ語：句章＝「ク・ク・テュ・アゥ・ウン(ku-ku-tu-aw-un)」＝「矢（先のような）・矢の・峰の・角、枝分かれ・にある（ところ）」
※アイヌ語「ク＝弓」。中国大陸、朝鮮半島では「ク＝矢」の可能性。サハリン、シベリアのニヴフ（ギリヤーク）語も「ク＝矢」。","jomon2_bnum10.html"
"揚州","会稽郡","鄮県","秦（紀元前222年）","浙江省寧波市鄞州区","象山港北岸の山裾","上古音：「鄮」- -／- -／m ôɡ／m wəw／ml əgwh","アイヌ語：鄮＝「ム・オク(mu-ok)」＝「ふさがった・うなじ（盆の窪のような窪み）」","jomon2_bnum10.html"
"揚州","会稽郡","海塩県","秦","浙江省嘉興市海塩県","杭州湾の岸の峰","上古音：「海」xm əɡ／h ə／x ə̂ɡ, x uə̂ɡ／xm əɣ／hm əgx
上古音：「鹽」- -／ʎ ǐam／ɡ jam／ɣr iam／g rjam","アイヌ語：海塩＝「フム・アク・キル・アム(hum-ak-kir-am)」＝「断片の・弟の（ように小さいもの）・山脚の・爪（のように平べったく鋭いもの）」","jomon2_bnum10.html"
"揚州","会稽郡","由拳県","秦","浙江省嘉興市南湖区","","上古音：「由」d -／ʎ ǐu／- -／ r iəw／r əgw
上古音：「拳」ɡʰ i̯wan／g ǐwan／ɡʰ juan／ɡ iwan／gw jian","アイヌ語：由拳＝「ラケ・キル・アゥ・ウン(rake-kir-aw-un)」＝「低地の・山脚の・角、枝分かれ・にある（ところ）」","jomon2_bnum10.html"
"揚州","会稽郡","太末県","秦（紀元前222年）","浙江省衢州市竜游県","衢江沿いの盆地。","上古音：「太」tʰ ɑd／tʰ at／- -／tʰ ar／- -
上古音：「末」m wɑt／m uat／m uɑt／m wat／m at","アイヌ語：太末＝「テュ・アッ・ムィ・アッ(tu-at-muy-at)」＝「峰が・たくさんある（ところ）・頂が・たくさんある（ところ）」","jomon2_bnum10.html"
"揚州","会稽郡","姑篾国","殷周","浙江省衢州市竜游県、秦代の太末県","衢江沿い。","上古音：「姑」k o／k a／k ɑɡ／k aɣ／k ag
上古音：「篾」m iat／m iat／- -／m ewat／- -","アイヌ語：姑篾＝「ク・アク・ムィ・アッ(ku-ak-muy-at)」＝「矢の（ように鋭い）・弟の（ように小さいもの）or射る・頂が・たくさんある（ところ）」
※アイヌ語「ク＝弓」。中国大陸、朝鮮半島では「ク＝矢」の可能性。サハリン、シベリアのニヴフ（ギリヤーク）語も「ク＝矢」。","jomon2_bnum10.html"
"揚州","会稽郡","烏程県","前漢","浙江省湖州市呉興区","太湖南岸の峰のふもと","上古音：「烏」ʔ o／0 a／ʔ ɑɡ／ʔ aɣ／· ag
上古音：「程」dʰ i̯ĕŋ／d ǐeŋ／dʰ jeŋ／d ieŋ／d rjing","アイヌ語：烏程＝「アク・テュ・エ・エン(ak-tu-e-en)」＝「弟（のように小さい）or矢を射る・峰が・そこで・突き出ている（ところ）」","jomon2_bnum10.html"
"揚州","会稽郡","余杭県","秦","浙江省杭州市余杭区","銭塘江北岸の山裾の湿地帯","上古音：「余」d i̯o／ʎ ǐa／d jaɡ／r iaɣ／r ag
上古音：「余」- -／ʑ ia／- -／- -／- -
上古音：「杭」ɡʰ ɑŋ／ɣ aŋ／ɣ ɑŋ／ɡ aŋ／g ang","アイヌ語：余杭
＝「テュ・アク・キル・アン(tu-ak-kir-an)」＝「峰の・弟（のように小さい）・山脚・がある（ところ）」
or「リ・アク・キル・アン(ri-ak-kir-an)」＝「高い・弟（のように小さい）・山脚・がある（ところ）」","jomon2_bnum10.html"
"揚州","会稽郡","銭唐県","秦","浙江省杭州市","杭州湾沿いの山","上古音：「錢」dzʰ i̯an／dz ǐan／dzʰ jæn／dz jian／dz jan
上古音：「錢」ts i̯an／ts ǐan／ts jæn／ts jian／ts janx
上古音：「唐」dʰ ɑŋ／d aŋ／dʰ ɑŋ／d aŋ／d ang","アイヌ語：銭唐＝「テュ・アン・テュ・アン(tu-an-tu-an)」＝「峰が・ある（ところ）・峰が・ある（ところ）」
※たくさんの峰があるところ。","jomon2_bnum10.html"
"揚州","会稽郡","富春県","秦","浙江省杭州市富陽区","富春江沿い。","上古音：「富」p i̯ŭɡ／p ǐwə／p juə̆ɡ／p jwəɣ／p jəgh
上古音：「春」ȶʰ i̯wən／ȶʰ ǐwən／ȶʰ juən／tʰ jiwən／th jən","アイヌ語：富春＝「ピル・アク・テュ・アゥ・ウン(pir-ak-tu-aw-un)」＝「傷の（ように切り刻まれた）・弟（のように小さい）・峰の・角、枝分かれ・にある（ところ）」","jomon2_bnum10.html"
"揚州","会稽郡","回浦県","前漢","浙江省台州市椒江区","杭州湾沿い。","上古音：「回」ɡʰ wər／ɣ uəi／ɣ uə̂d／ɡ wər／gw əd
上古音：「浦」pʰ wo／pʰ ua／pʰ uɑɡ／pʰ waɣ／ph agx","アイヌ語：回浦＝「キル・アッ・プ・アク(kir-at-pu-ak)」＝「山脚が・たくさんある・倉の（屋根のような三角山の）・弟（のように小さいもの）」","jomon2_bnum10.html"
"揚州","会稽郡","冶県","前漢","福建省福州市中心部および閩侯県の一部","台湾海峡沿い。","上古音：「冶」d i̯ăɡ／ʎ ia／d jăɡ／r aɣ／r iagx","アイヌ語：冶
＝「テュ・アク(tu-ak)」＝「峰の・弟（のように小さいもの）」
or「リ・アク(ri-ak)」＝「高い・弟（のように小さい峰）」","jomon2_bnum10.html"
"徐州","豫章郡","南昌県","前漢","江西省南昌市南昌県","長江南岸の鄱陽湖南西岸、微高地、自然堤防","上古音：「南」n əm／n əm／n ə̂m／n əm／n əm
上古音：「昌」ȶʰ i̯aŋ／ȶʰ ǐaŋ／ȶʰ jaŋ／tʰ jaŋ／th jang","アイヌ語：南昌＝「ニ・アム・テュ・アゥ・ウン(ni-am-tu-aw-un)」＝「棒の（ように細長い）・爪の（ように平べったく鋭い）・峰の・角、枝分かれ・にある（ところ）」","jomon2_bnum10.html"
"徐州","豫章郡","廬陵県","前漢","江西省吉安市吉安県","長江支流の贛江中流西岸の盆地","上古音：「廬」l i̯o／l ǐa／l jaɡ／l iaɣ／l jag
上古音：「陵」l i̯əŋ／l ǐəŋ／l jəŋ／l iəŋ／l jəng","アイヌ語：廬陵＝「リ・アク・リ・アン(ri-ak-ri-an)」＝「高い・弟（のように小さい峰）・高い（ところ）・がある（ところ）」","jomon2_bnum10.html"
"徐州","豫章郡","彭沢県","前漢","江西省九江市彭沢県","長江南岸の鄱陽湖北岸の石の山","上古音：「彭」bʰ ăŋ／b eaŋ／bʰ uăŋ／b rwaŋ／b rang
上古音：「澤」dʰ ăk／d eak／dʰ ăk／d rak／d rak","アイヌ語：彭沢＝「プ・アゥ・ウン・タク(pu-aw-un-tak)」＝「倉の（屋根のような三角山の）・角、枝分かれ・にある・石」","jomon2_bnum10.html"
"徐州","豫章郡","鄱陽県","前漢","江西省上饒市鄱陽県","長江南岸の鄱陽湖東岸","上古音：「鄱」- -／b uai／bʰ uɑ／b wa／b ar
上古音：「陽」d i̯aŋ／ʎ ǐaŋ／d jaŋ／r iaŋ／r ang","アイヌ語：鄱陽
＝「プ・アゥ・テュ・アゥ・ウン(pu-aw-tu-aw-un)」＝「倉の（屋根のような三角山の）・角、枝分かれ・峰の・角、枝分かれ・にある（ところ）」
or「プ・アゥ・リ・アゥ・ウン(pu-aw-ri-aw-un)」＝「倉の（屋根のような三角山の）・角、枝分かれ・高い・角、枝分かれ・にある（ところ）」","jomon2_bnum10.html"
"徐州","豫章郡","歴陵県","前漢","江西省九江市徳安県","長江南岸の鄱陽湖西岸の丘陵、盆地","上古音：「歷」l iek／l iek／l iek／l ek／l ik
上古音：「陵」l i̯əŋ／l ǐəŋ／l jəŋ／l iəŋ／l jəng","アイヌ語：歴陵＝「リ・アク・リ・アン(ri-ak-ri-an)」＝「高い・弟（のように小さい峰）・高い（ところ）・がある（ところ）」","jomon2_bnum10.html"
"徐州","豫章郡","余汗県","前漢","江西省上饒市余干県","長江南岸の鄱陽湖東南岸の湖沼","上古音：「余」d i̯o／ʎ ǐa／d jaɡ／r iaɣ／r ag
上古音：「余」- -／ʑ ia／- -／- -／- -
上古音：「汗」ɡʰ  ɑn／ɣ an／ɣ ɑn／ɡ an／g anh","アイヌ語：余汗
＝「テュ・アク・キル・アン(tu-ak-kir-an)」＝「峰の・弟の（ように小さい）・山脚・がある（ところ）」
or「リ・アク・キル・アン(ri-ak-kir-an)」＝「高い・弟の（ように小さい）・山脚・がある（ところ）」","jomon2_bnum10.html"
"徐州","豫章郡","柴桑県","前漢","江西省九江市柴桑区","長江南岸の湖沼と出崎","上古音：「柴」dzʰ ăr／dʒ e／dzʰ eɡ／dz re／dz rig
上古音：「桑」s ɑŋ／s aŋ／s ɑŋ／s aŋ／s ang","アイヌ語：柴桑＝「テュ・イク・サン(tu-ik-san)」＝「峰の・関節の（ように曲がった）・平山、出崎」","jomon2_bnum10.html"
"徐州","豫章郡","艾県","前漢","江西省九江市修水県","長江支流修水沿岸の谷、盆地、山塊。","上古音：「艾」ŋ  ɑd／ŋ at／ŋ ɑd／ŋ ar／ng adh
上古音：「艾」ŋ i̯ăd／ŋ ǐat／ŋ jăd／ŋ jar／ng jadh","アイヌ語：艾＝「キル・アッ(kir-at)」＝「山脚が・たくさんある（ところ）」","jomon2_bnum10.html"
"徐州","豫章郡","贛県","前漢","江西省贛州市贛県区","長江支流の贛江上流の谷、盆地、山塊","上古音：「贛」- -／- -／k ɔŋ, k am／k Am／k amx","アイヌ語：贛＝「ク・アム(ku-am)」＝「矢（先のような形）の・爪（のように平べったく鋭い峰）」
※アイヌ語「ク＝弓」。中国大陸、朝鮮半島では「ク＝矢」の可能性。サハリン、シベリアのニヴフ（ギリヤーク）語も「ク＝矢」。","jomon2_bnum10.html"
"徐州","豫章郡","新淦県","前漢","江西省吉安市新幹県","長江支流の贛江中流沿岸の山","上古音：「新」s i̯ĕn／s ǐen／s jen／s jien／s jin
上古音：「淦」- -／k əm／k ə̂m／k əm／k əmh","アイヌ語：新淦＝「シル・エ・エン・ク・アム(sir-e-en-ku-am)」＝「山が・そこで・突き出ている・矢（先のような形）の・爪（のように平べったく鋭い峰）」
※アイヌ語「ク＝弓」。中国大陸、朝鮮半島では「ク＝矢」の可能性。サハリン、シベリアのニヴフ（ギリヤーク）語も「ク＝矢」。","jomon2_bnum10.html"
"徐州","豫章郡","南城県","前漢","江西省撫州市南城県","長江支流撫河上流の盆地、谷","上古音：「南」n əm／n əm／n ə̂m／n əm／n əm
上古音：「城」ȡ i̯ĕŋ／ʑ ǐeŋ／ʑ jeŋ／d jieŋ／d jing","アイヌ語：南城＝「ニ・アム・テュ・エ・エン(ni-am-tu-e-en)」＝「棒の（ように細長い）・爪の（ように平べったく鋭い）・峰が・そこで・突き出ている」","jomon2_bnum10.html"
"徐州","豫章郡","建成県","前漢","江西省宜春市高安市","長江支流の贛江支流沿岸の平原","上古音：「建」k i̯ăn／k ǐan／k jăn／k jan／k janh
上古音：「成」ȡ i̯ĕŋ／ʑ ǐeŋ／ʑ jeŋ／d jieŋ／d jing","アイヌ語：建成＝「キル・アゥ・ウン・テュ・エ・エン(kir-aw-un-tu-e-en)」＝「山脚の・角、枝分かれ・にある・峰が・そこで・突き出ている（ところ）」","jomon2_bnum10.html"
"徐州","豫章郡","宜春県","前漢","江西省宜春市袁州区","長江支流の贛江支流沿岸、袁河上流の谷","上古音：「宜」ŋ ia／ŋ ǐai／ŋ ja／ŋ ia／ng jar
上古音：「春」ȶʰ i̯wən／ȶʰ ǐwən／ȶʰ juən／tʰ jiwən／th jən","アイヌ語：宜春＝「キル・アゥ・テュ・アゥ・ウン(kir-aw-tu-aw-un)」＝「山脚の・角、枝分かれの・峰の・角・枝分かれ・にある（ところ）」","jomon2_bnum10.html"
"徐州","豫章郡","海昏県","前漢","江西省九江市永修県","長江南岸の鄱陽湖西岸の断片の峰","上古音：「海」xm əɡ／h ə／x ə̂ɡ, x uə̂ɡ／xm əɣ／hm əgx
上古音：「昏」xm wən／h uən／m̥ uə̂n／xm wən／hm ən","アイヌ語：海昏＝「フム・アク・フム・アゥ・ウン(hum-ak-hum-aw-un)」＝「断片の・弟（のように小さい峰）・断片の・角、枝分かれ・にある（ところ）」","jomon2_bnum10.html"
"徐州","豫章郡","雩都県","前漢","江西省贛州市于都県","長江支流の贛江支流、梅江沿岸の谷の石の峰","上古音：「雩」ɡ i̯wo／ɣ ǐwa／ɣ juaɡ／ɣ jwaɣ／gw jag
上古音：「雩」- -／- -／x juaɡ／x jwaɣ／hw jag
上古音：「都」t o／t a／t ɑɡ／t aɣ／t ag","アイヌ語：雩都＝「キル・アク・タク(kir-ak-tak)」＝「山脚の・弟の（ように小さい）or矢を射る（ように鋭い）・石」","jomon2_bnum10.html"
"徐州","豫章郡","鄡陽県","前漢","江西省九江市都昌県","長江南岸の鄱陽湖北岸山地","上古音：「鄡」- -／- -／kʰ iɔɡ／kʰ eaw／kh iagw
上古音：「陽」d i̯aŋ／ʎ ǐaŋ／d jaŋ／r iaŋ／r ang","アイヌ語：鄡陽
＝「キル・アク・テュ・アゥ・ウン(kir-ak-tu-aw-un)」＝「山脚の・弟の（ように小さい）or矢を射る（ように鋭い）・峰の・角、枝分かれ・にある（ところ）」
or「キル・アク・リ・アゥ・ウン(kir-ak-ri-aw-un)」＝「山脚の・弟の（ように小さい）or矢を射る（ように鋭い）・高い・角、枝分かれ・にある（ところ）」","jomon2_bnum10.html"
"徐州","豫章郡","南野県","前漢","江西省贛州市南康区","長江支流の贛江支流、貢水沿岸の盆地、山塊","上古音：「南」n əm／n əm／n ə̂m／n əm／n əm
上古音：「野」d i̯ɔ／ʎ ia／d jăɡ／r aɣ／r iagx","アイヌ語：南野＝「ニ・アム・テュ・アゥ・ケ(ni-am-tu-aw-ke)」＝「棒の（ように細長い）・爪の（ように平べったく鋭い）・峰の・角、枝分かれ・のところ」","jomon2_bnum10.html"
"徐州","豫章郡","平都県","前漢","江西省吉安市安福県","長江支流の贛江支流上流の岩の峰","上古音：「平」bʰ i̯ĕŋ／b ǐeŋ／bʰ jĕŋ／b ieŋ／b jing
上古音：「都」t o／t a／t ɑɡ／t aɣ／t ag","アイヌ語：平都＝「ピ・エ・エン・タク(pi-e-en-tak)」＝「石が・そこで・突き出ている・石」","jomon2_bnum10.html"
"徐州","豫章郡","石陽県","後漢","江西省吉安市峡江県","長江支流の贛江中流沿岸の峰","上古音：「石」ȡ i̯ăk／ʑ iak／- -／d jiak／d jiak
上古音：「陽」d i̯aŋ／ʎ ǐaŋ／d jaŋ／r iaŋ／r ang","アイヌ語：石陽
＝「テュ・アク・テュ・アゥ・ウン(tu-ak-tu-aw-un)」＝「峰の・弟の（ように小さい）or矢を射る（ように鋭い）・峰の・角、枝分かれ・にある（ところ）」
or「テュ・アク・リ・アゥ・ウン(tu-ak-ri-aw-un)」＝「峰の・弟の（ように小さい）or矢を射る（ように鋭い）・高い・角、枝分かれ・にある（ところ）」","jomon2_bnum10.html"
"徐州","豫章郡","臨汝県","後漢","江西省撫州市臨川区","長江支流撫河沿岸の平地。湖沼の点在。","上古音：「臨」bl i̯əm／l ǐəm／l jəm／l iəm／bl jəmh
上古音：「汝」d i̯ăɡ／ʎ ia／d jăɡ／r aɣ／r iagx","アイヌ語：臨汝＝「リ・アム・テュ・アク(ri-am-tu-ak)」＝「高い・爪の（ように平べったく鋭い）・峰の・弟の（ように小さいもの）or矢を射る（ように鋭いもの）」","jomon2_bnum10.html"
"徐州","豫章郡","建昌県","後漢","江西省撫州市南城県","長江支流撫河上流の岸、盆地、山塊","上古音：「建」k i̯ăn／k ǐan／k jăn／k jan／k janh
上古音：「昌」ȶʰ i̯aŋ／ȶʰ ǐaŋ／ȶʰ jaŋ／tʰ jaŋ／th jang","アイヌ語：建昌
＝「キル・アゥ・ウン・テュ・アゥ・ウン(kir-aw-un-tu-aw-un)」＝「山脚の・弟の（ように小さい）or矢を射る（ように鋭い）・峰の・角、枝分かれ・にある（ところ）」","jomon2_bnum10.html"
"交州","南海郡","番禺県","秦～","広東省広州市番禺区","珠江の河口の小さな峰","上古音：「番」pʰ i̯wăn／pʰ ǐwan／pʰ juăn／pʰ jwan／ph jan
上古音：「番」- -／pʰ uan／pʰ uɑn／pʰ wan／ph an
上古音：「番」p wɑr／p uai／- -／p wa／- -
上古音：「番」- -／p uai／p uɑ／p wa／p arh
上古音：「禺」ŋ i̯u／ŋ ǐwɔ／ŋ juɡ／ŋ jew／ng jugh","アイヌ語：番禺＝「ピル・アゥ・ウン・キル・ク(pir-aw-un-kir-ku)」＝「傷の（ように切り刻まれた）・角、枝分かれ・にある・山脚の・矢（先のように鋭いもの）」
※アイヌ語「ク＝弓」。中国大陸、朝鮮半島では「ク＝矢」の可能性。サハリン、シベリアのニヴフ（ギリヤーク）語も「ク＝矢」。","jomon2_bnum10.html"
"交州","南海郡","傅羅県","秦～","広東省恵州市博羅県","山間の盆地","上古音：「傅」p i̯wo／p ǐwa／p juaɡ／p jwaɣ／p jagh
上古音：「羅」l ɑ／l ai／l ɑ／l a／l ar","アイヌ語：傅羅＝「ピル・アク・ル・アゥ(pir-ak-ru-aw)」＝「傷の（ように切り刻まれた）・弟の（ように小さい峰の）・消えかかった・角、枝分かれ」","jomon2_bnum10.html"
"交州","南海郡","中宿県","秦～","広東省清遠市清新区","北江北岸の峰","上古音：「中」t -／t ǐuŋ／t joŋ／t iəwŋ／t rjəngw
上古音：「宿」s -／s ǐu／s jŏɡ／s jəw／s jəgwh
上古音：「宿」s -／s ǐuk／s jok／s jəwk／s jəkw","アイヌ語：中宿
＝「テュ・アゥ・ウン・シル・オク(tu-aw-un-sir-ok)」＝「峰の・角、枝分かれ・にある・山の・うなじ（盆の窪のような窪み）」","jomon2_bnum10.html"
"交州","南海郡","龍川県","秦～","広東省河源市竜川県","山間の峰の枝分かれ","上古音：「龍」l i̯uŋ／l ǐwɔŋ／l juŋ／l iewŋ／l jung
上古音：「川」ȶʰ i̯wan／ȶʰ ǐwən／- -／- -／th jiən","アイヌ語：龍川＝「レル・ウン・テュ・アゥ・ウン(rer-un-tu-aw-un)」＝「山陰・にある・峰の・角、枝分かれ・にある（ところ）」","jomon2_bnum10.html"
"交州","南海郡","四会県","秦～","広東省肇慶市四会市","峰に挟まれた大きな谷に伸びるたくさんの山脚","上古音：「四」s i̯əd／s ǐei／s jed／s jier／s jidh
上古音：「會」ɡʰ wɑd／ɣ uat／ɣ uɑd／ɡ war／gw adh
上古音：「會」k wɑd／k uat／k uɑd／k war／kw adh","アイヌ語：四会＝「シル・エ・エン・キル・アッ(sir-e-en-kir-at)」＝「山が・そこで・突き出ている・山脚が・たくさんある（ところ）」","jomon2_bnum10.html"
"交州","南海郡","掲陽県","秦～","広東省掲陽市榕城区","川下の枝分かれた峰、岬","上古音：「揭」kʰ i̯ad／k ǐat／kʰ jad／kʰ iar／kh jiadh
上古音：「揭」k i̯at／- -／k jat／k iat／k jiat
上古音：「揭」ɡʰ i̯at／- -／ɡʰ jat／ɡ iat／g jiat
上古音：「陽」d i̯aŋ／ʎ ǐaŋ／d jaŋ／r iaŋ／r ang","アイヌ語：掲陽＝「キル・アッ・テュ・アゥ・ウン(kir-at-tu-aw-un)」＝「山脚が・たくさんある・峰の・角、枝分かれ・にある（ところ）」","jomon2_bnum10.html"
"交州","南海郡","増城県","後漢","広東省広州市増城区","","上古音：「增」ts əŋ／ts əŋ／ts ə̂ŋ／ts əŋ／ts əngh
上古音：「城」ȡ i̯ĕŋ／ʑ ǐeŋ／ʑ jeŋ／d jieŋ／d jing","アイヌ語：増城
＝「テュ・アゥ・ウン・テュ・エ・エン(tu-aw-un-tu-e-en)」＝「峰の・角、枝分かれ・にある・峰が・そこで・突き出ている（ところ）」
or「テュ・エ・エン・テュ・エ・エン(tu-e-en-tu-e-en)」＝「峰が・そこで・突き出ている（ところ）・峰が・そこで・突き出ている（ところ）」※たくさんの峰が突き出ているところ。","jomon2_bnum10.html"
"交州","蒼梧郡","広信県","前漢","広西チワン族自治区梧州市蒼梧県周辺","西江中流北岸の山塊","上古音：「廣」k wɑŋ／k uaŋ／k uɑŋ／k waŋ／kw angx
上古音：「信」s i̯ĕn／s ǐen／s jen／s jien／s jinh","アイヌ語：広信＝「ク・アゥ・ウン・シル・エ・エン(ku-aw-un-sir-e-en)」＝「矢の（ように鋭い）・角、枝分かれ・にある・山が・そこで・突き出ている（ところ）」
※アイヌ語「ク＝弓」。中国大陸、朝鮮半島では「ク＝矢」の可能性。サハリン、シベリアのニヴフ（ギリヤーク）語も「ク＝矢」。","jomon2_bnum10.html"
"交州","蒼梧郡","謝沐県","前漢","湖南省永州市江永県","湘江上流の支流、瀟水沿岸の険しい山並みに囲まれた盆地の小さな峰","上古音：「謝」dz i̯ăɡ／z ia／z jăɡ／r jiaɣ／r jiagh
上古音：「沐」m uk／m ɔk／m ûk／m ewk／m uk","アイヌ語：謝沐＝「テュ・アク・ム・ク(tu-ak-mu-ku)」＝「峰の・弟の（ように小さい）・ふさがった・矢（先のように鋭いもの）」
※アイヌ語「ク＝弓」。中国大陸、朝鮮半島では「ク＝矢」の可能性。サハリン、シベリアのニヴフ（ギリヤーク）語も「ク＝矢」。","jomon2_bnum10.html"
"交州","蒼梧郡","高要県","前漢","広東省肇慶市高要区","西江下流沿岸の山塊の谷","上古音：「高」k oɡ／k au／k ɔ̂ɡ／k aw／k agw
上古音：「要」ʔ i̯oɡ／0 ǐau／ʔ jɔɡ／ʔ jiaw／· jiagwh","アイヌ語：高要
＝「ク・アゥ・イ・オク(ku-aw-i-ok)」＝「矢（先のように鋭い）・角、枝分かれ・その・うなじ（盆の窪のような窪み）」
or「ク・アゥ・イ・アク(ku-aw-i-ak)」＝「矢（先のように鋭い）・角、枝分かれ・その・弟（のように小さい峰 ）」
※アイヌ語「ク＝弓」。中国大陸、朝鮮半島では「ク＝矢」の可能性。サハリン、シベリアのニヴフ（ギリヤーク）語も「ク＝矢」。","jomon2_bnum10.html"
"交州","蒼梧郡","封陽県","前漢","西チワン族自治区賀州市八歩区","西江北岸、支流の賀江上流の山塊、谷、盆地","上古音：「封」p i̯uŋ／p ǐwɔŋ／p juŋ／p jewŋ／p jung
上古音：「陽」d i̯aŋ／ʎ ǐaŋ／d jaŋ／r iaŋ／r ang","アイヌ語：封陽
＝「ピル・ウン・テュ・アゥ・ウン(pir-un-tu-aw-un)」＝「傷の（ように切り刻まれた）・峰の・角、枝分かれ・にある（ところ）」
or「ピル・ウン・リ・アゥ・ウン(pir-un-ri-aw-un)」＝「傷の（ように切り刻まれた峰の）・高い・角、枝分かれ・にある（ところ）」","jomon2_bnum10.html"
"交州","蒼梧郡","臨賀県","前漢","広西チワン族自治区賀州市八歩区","西江北岸、支流の賀江上流の山塊、谷、盆地","上古音：「臨」bl i̯əm／l ǐəm／l jəm／l iəm／bl jəmh
上古音：「賀」ɡʰ ɑ／ɣ ai／ɣ ɑ／ɡ a／g arh","アイヌ語：臨賀＝「リ・アム・キル・アゥ(ri-am-kir-aw)」＝「高い・爪の（ように平べったく鋭い）・山脚の・角、枝分かれ」","jomon2_bnum10.html"
"交州","蒼梧郡","端渓県","前漢","広東省肇慶市徳慶県","西江北岸の山塊","上古音：「端」t wɑn／t uan／t uɑn／t wan／t uan
上古音：「溪」- -／kʰ ie／- -／- -／- -","アイヌ語：端渓＝「テュ・アゥ・ウン・キル・エ(tu-aw-un-kir-e)」＝「峰の・角、枝分かれ・にある・山脚の・頭」","jomon2_bnum10.html"
"交州","蒼梧郡","馮乗県","前漢","広西チワン族自治区賀州市富川ヤオ族自治県","西江北岸、支流の賀江最上流の石、岩の山地","上古音：「馮」bʰ i̯əŋ／b ǐəŋ／bʰ juəŋ／b iəŋ／b jiəng
上古音：「乘」- i̯əŋ／ȡ ǐəŋ／ȡʰ jəŋ／zd jiəŋ／d jəngh","アイヌ語：馮乗
＝「ピル・エ・エン・テュ・エ・エン(pir-e-en-tu-e-en)」＝「傷（のように切り刻まれた峰）が・そこで・突き出ている・峰が・そこで・突き出ている（ところ）」
or「ピル・エ・エン・テュ・アゥ・ウン(pir-e-en-tu-aw-un)」＝「傷（のように切り刻まれた峰）が・そこで・突き出ている・峰の・角、枝分かれ・にある（ところ）」","jomon2_bnum10.html"
"交州","蒼梧郡","富川県","前漢","広西チワン族自治区賀州市鍾山県","西江北岸、支流の賀江最上流の、盆地、盆地の小さな峰","上古音：「富」p i̯ŭɡ／p ǐwə／p juə̆ɡ／p jwəɣ／p jəgh
上古音：「川」ȶʰ i̯wan／ȶʰ ǐwən／- -／- -／th jiən","アイヌ語：富川
＝「ピル・アク・テュ・アゥ・ウン(pir-ak-tu-aw-un)」＝「傷の（ように切り刻まれた）・弟の（ように小さい）・峰の・角、枝分かれ・にある（ところ）」","jomon2_bnum10.html"
"交州","蒼梧郡","茘浦県","前漢","広西チワン族自治区桂林市茘浦市","桂江支流、茘浦河流域の盆地、石灰岩の峰","上古音：「茘」--／l i̯ad
上古音：「浦」pʰ wo／pʰ ua／pʰ uɑɡ／pʰ waɣ／ph agx","アイヌ語：茘浦
＝「リ・アッ・ピル・アク(ri-at-pir-ak)」＝「高い（ところが）・たくさんある・傷の（ように切り刻まれた）・弟の（ように小さい峰）」","jomon2_bnum10.html"
"交州","蒼梧郡","猛陵県","前漢","広西チワン族自治区梧州市蒼梧県周辺","西江支流、桂江流域の山塊、谷、盆地","上古音：「猛」m ăŋ／m eaŋ／m uɑ̆ŋ／m rwaŋ／m rangx
上古音：「陵」l i̯əŋ／l ǐəŋ／l jəŋ／l iəŋ／l jəng","アイヌ語：猛陵＝「ム・アゥ・ウン・リ・アゥ・ウン(mu-aw-un-ri-aw-un)」＝「ふさがった・角、枝分かれ・にある（ところ）・高い・角、枝分かれ・にある（ところ）」","jomon2_bnum10.html"
"交州","鬱林郡","布山県","前漢","広西チワン族自治区貴港市桂平市","西江上流、潯江流域の盆地","上古音：「布」p wo／p ua／p uɑɡ／p waɣ／p agh
上古音：「山」s ăn／ʃ ean／-／s rian／s rian","アイヌ語：布山＝「プ・アク・シル・アゥ・ウン(pu-ak-sir-aw-un)」＝「倉の（屋根のような三角山の）・弟の（ように小さい）・山の・角、枝分かれ・にある（ところ）」","jomon2_bnum10.html"
"交州","鬱林郡","阿林県","前漢","広西チワン族自治区貴港市桂平市","西江上流、潯江流域の盆地","上古音：「阿」ʔ ɑ／0 ai／ʔ ɑ／ʔ a／· ar
上古音：「林」ɡl i̯əm／l ǐəm／l jəm／l iəm／gl jəm","アイヌ語：阿林＝「アゥ・リ・アム(aw-ri-am)」＝「枝分かれた・高い・爪（のように平べったく鋭い峰）」","jomon2_bnum10.html"
"交州","鬱林郡","安広県","前漢","広西チワン族自治区南寧市横州市","西江上流、潯江流域の盆地の峰","上古音：「安」ʔ ɑn／0 an／ʔ ɑn／ʔ an／· an
上古音：「廣」k wɑŋ／k uaŋ／k uɑŋ／k waŋ／kw angx","アイヌ語：安広＝「アゥ・ウン・ク・アゥ・ウン(aw-un-ku-aw-un)」＝「角、枝分かれ・にある・矢の（ように鋭い）・角、枝分かれ・にある（ところ）」
※アイヌ語「ク＝弓」。中国大陸、朝鮮半島では「ク＝矢」の可能性。サハリン、シベリアのニヴフ（ギリヤーク）語も「ク＝矢」。","jomon2_bnum10.html"
"交州","鬱林郡","広鬱県","前漢","広西チワン族自治区百色市凌雲県","西江上流、潯江支流、右江流域の山間地。","上古音：「廣」k wɑŋ／k uaŋ／k uɑŋ／k waŋ／kw angx
上古音：「鬱」ʔ i̯wət／0 ǐwət／ʔ juə̆t／ʔ jwət／·w jət","アイヌ語：広鬱＝「ク・アゥ・ウン・イ・ウ・アッ(ku-aw-un-i-u-at)」＝「矢の（ように鋭い峰の）・角、枝分かれ・にある・その・互いに重なるように・たくさんある（ところ）」
※アイヌ語「ク＝弓」。中国大陸、朝鮮半島では「ク＝矢」の可能性。サハリン、シベリアのニヴフ（ギリヤーク）語も「ク＝矢」。","jomon2_bnum10.html"
"交州","鬱林郡","中留県","前漢","広西チワン族自治区来賓市武宣県","西江上流、潯江上流の盆地","上古音：「中」t -／t ǐuŋ／t joŋ／t iəwŋ／t rjəngw
上古音：「留」l -／l ǐu／l jŏɡ／l iəw／l jəgwh","アイヌ語：中留＝「テュ・アゥ・ウン・リ・アゥ・ウン(tu-aw-un-ri-aw-un)」＝「峰の・角、枝分かれ・にある（ところ）・高い・角、枝分かれ・にある（ところ）」","jomon2_bnum10.html"
"交州","鬱林郡","桂林県","前漢","広西チワン族自治区来賓市象州県","西江上流、潯江支流、黔江支流、柳江流域の盆地","上古音：「桂」k iweɡ／k iwe／k iueɡ／k weɣ／kw igh
上古音：「林」ɡl i̯əm／l ǐəm／l jəm／l iəm／gl jəm","アイヌ語：桂林＝「キル・イク・リ・アム(kir-ik-ri-am)」＝「山脚の・関節の（ように曲がった）・高い・爪（のように平べったく鋭い峰）」","jomon2_bnum10.html"
"交州","鬱林郡","潭中県","前漢","広西チワン族自治区柳州市魚峰区","西江上流、潯江支流、黔江支流、柳江流域と洛清江の盆地","上古音：「潭」dʰ əm／d əm／dʰ ə̂m／d əm／d əm
上古音：「潭」- -／- -／d jəm／r iəm／r əmx
上古音：「中」t -／t ǐuŋ／t joŋ／t iəwŋ／t rjəngw","アイヌ語：潭中＝「テュ・アム・テュ・アゥ・ウン(tu-am-tu-aw-un)」＝「峰の・爪（のように平べったく鋭い峰）・峰の・角、枝分かれ・にある（ところ）」","jomon2_bnum10.html"
"交州","鬱林郡","領方県","前漢","広西チワン族自治区南寧市賓陽県","西江上流、潯江支流、郁江支流、邕江北岸の盆地","上古音：「領」l i̯ĕŋ／l ǐeŋ／l jeŋ／l ieŋ／l jingx
上古音：「方」- -／- -／bʰ juaŋ／b jwaŋ／b jang
上古音：「方」p i̯waŋ／p ǐwaŋ／p juaŋ／p jwaŋ／p jang
第百六回　中国漢代の県名（上古音）が示す！東夷、南蛮の言語はアイヌ語だった！～交州合浦郡／九真郡／日南郡～","アイヌ語：領方＝「リ・エン・ピル・アゥ・ウン(ri-en-pir-aw-un)」＝「高く・突き出ている・傷の（ように切り刻まれた）・角、枝分かれ・にある（ところ）」","jomon2_bnum10.html"
"交州","合浦郡","合浦県","前漢","広西チワン族自治区欽州市浦北県","西江上流、潯江支流、郁江支流、邕江北岸の盆地","上古音：「合」ɡʰ əp／ɣ əp／ɣ ə̂p／ɡ əp／g əp
上古音：「合」- -／k əp／k ə̂p／k əp／k əp
上古音：「浦」pʰ wo／pʰ ua／pʰ uɑɡ／pʰ waɣ／ph agx","アイヌ語：合浦＝「カプ・プ・アク(kap-pu-ak)」＝「薄っぺらな・倉の（屋根のような三角山）の・弟（のように小さいもの）」","jomon2_bnum10.html"
"交州","合浦郡","徐聞県","前漢","広東省湛江市徐聞県","海南島に向かって突き出た岬の入り江（太古の入り江）","上古音：「徐」dz i̯o／z ǐa／z jaɡ／r jaɣ／sd jag
上古音：「聞」m i̯wən／m ǐwən／m juə̆n／m jwən／m jənh","アイヌ語：徐聞＝「チゥ・アク・ムィ・アゥ・ウン(ciw-ak-muy-aw-un)」＝「水流、水脈の・弟の（ように小さい）・入り江の・枝分かれ・にある（ところ）」","jomon2_bnum10.html"
"交州","合浦郡","高涼県","前漢","広東省茂名市高州市","南シナ海にほど近い山塊のふもと。","上古音：「高」k oɡ／k au／k ɔ̂ɡ／k aw／k agw
上古音：「涼」ɡl i̯aŋ／l ǐaŋ／l jaŋ／l iaŋ／gl jangh","アイヌ語：高涼＝「ク・アク・リ・アゥ・ウン(ku-ak-ri-aw-un)」＝「矢の（ように鋭い）・弟の（ように小さい）or射る・高い・角、枝分かれ・にある（ところ）」
※アイヌ語「ク＝弓」。中国大陸、朝鮮半島では「ク＝矢」の可能性。サハリン、シベリアのニヴフ（ギリヤーク）語も「ク＝矢」。","jomon2_bnum10.html"
"交州","合浦郡","臨允県","前漢","広東省雲浮市新興県","西江南岸、潭江北岸の山塊、盆地。","上古音：「臨」bl i̯əm／l ǐəm／l jəm／l iəm／bl jəmh
上古音：「允」z i̯wən／ʎ iwən／d juən／r iwən／r ənx","アイヌ語：臨允
＝「リ・アム・テュ・アゥ・ウン(ri-am-tu-aw-un)」＝「高い・爪の（のように平べったく鋭い）・峰の・角、枝分かれ・にある（ところ）」
or「リ・アム・リ・アゥ・ウン(ri-am-ri-aw-un)」＝「高い・爪の（のように平べったく鋭い峰の）・高い・角、枝分かれ・にある（ところ）」","jomon2_bnum10.html"
"交州","合浦郡","朱盧県","前漢","海南省海口市瓊山区","海南島北部の丘陵地帯","上古音：「朱」ȶ i̯u／ȶ ǐwɔ／ȶ juɡ／t jew／t jug
上古音：「盧」l o／l a／l ɑɡ／l aɣ／l ag","アイヌ語：朱盧＝「テュク・ル・アク(tuk-ru-ak)」＝「小山の・消えかかった・弟（のように小さいもの）」","jomon2_bnum10.html"
"交州","九真郡","胥浦県","前漢","ベトナム社会主義共和国タインホア省タインホア市","ソンマー川下流。","上古音：「胥」s i̯o／s ǐa／s jaɡ／s jaɣ／s jagx
上古音：「浦」pʰ wo／pʰ ua／pʰ uɑɡ／pʰ waɣ／ph agx","アイヌ語：胥浦＝「シル・アク・プ・アク(sir-ak-pu-ak)」＝「山の・弟の（ように小さいもの）・倉の（屋根のような三角山の）・弟」","jomon2_bnum10.html"
"交州","日南郡","比景県","前漢","ベトナム北中部","","上古音：「比」p i̯ər／p ǐei／p jed／p jier／p jidx
上古音：「比」bʰ i̯ər／b ǐei／bʰ jed／b jier／b jidh
上古音：「景」kl i̯ăŋ／k iaŋ／k jăŋ／k iaŋ／kl jiangx","アイヌ語：比景
＝「ピル・アッ・キル・アゥ・ウン(pir-at-kir-aw-un)」＝「傷（のように切り刻まれた峰）が・たくさんある・山脚の・角、枝分かれ・にある（ところ）」
or「ピル・エ・エン・キル・アゥ・ウン(pir-e-en-kir-aw-un)」＝「傷（のように切り刻まれた峰）が・そこで・突き出ている・山脚の・角、枝分かれ・にある（ところ）」","jomon2_bnum10.html"
"青州","済南郡","東平陵県","前漢","山東省済南市章丘区","","上古音：「東」t uŋ／t ɔŋ／t ûŋ／t ewŋ／t ung
上古音：「平」bʰ i̯ĕŋ／b ǐeŋ／bʰ jĕŋ／b ieŋ／b jing
上古音：「陵」l i̯əŋ／l ǐəŋ／l jəŋ／l iəŋ／l jəng","アイヌ語：東平陵＝「テュン・ピル・エ・エン・リ・アゥ・ウン(tun-pir-e-en-ri-aw-un)」＝「間の・傷（のように切り刻まれた峰）が・そこで・突き出ている・高い・角、枝分かれ・にある（ところ）」","jomon2_bnum10.html"
"青州","済南郡","鄒平県","前漢","山東省浜州市鄒平市","","上古音：「鄒」- -／tʃ ǐɔ／ts uɡ／- -／ts rjug
上古音：「平」bʰ i̯ĕŋ／b ǐeŋ／bʰ jĕŋ／b ieŋ／b jing","アイヌ語：鄒平＝「テュク・ピル・エ・エン(tuk-pir-e-en)」＝「小山の・傷（のように切り刻まれた峰）が・そこで・突き出ている（ところ）」","jomon2_bnum10.html"
"青州","済南郡","梁鄒県","前漢","山東省浜州市鄒平市","","上古音：「梁」l i̯aŋ／l ǐaŋ／l jaŋ／l iaŋ／l jang
上古音：「鄒」- -／tʃ ǐɔ／ts uɡ／- -／ts rjug","アイヌ語：梁鄒＝「リ・アゥ・ウン・テュク(ri-aw-un-tuk)」＝「高い・角、枝分かれ・にある・小山」","jomon2_bnum10.html"
"青州","済南郡","於陵県","前漢","山東省浜州市鄒平市","","上古音：「於」ʔ o／0 ǐa／ʔ ɑɡ／ʔ aɣ／· ag
上古音：「陵」l i̯əŋ／l ǐəŋ／l jəŋ／l iəŋ／l jəng","アイヌ語：於陵＝「アク・リ・アゥ・ウン(ak-ri-aw-un)」＝「弟（のように小さい峰）が・高い・角、枝分かれ・にある（ところ）」","jomon2_bnum10.html"
"青州","済南郡","般陽県","前漢","山東省淄博市淄川区","","上古音：「般」bʰ wɑn／b uan／bʰ uɑn／b wan／b an
上古音：「般」p wɑn／p ean／p uan／p rwan／p ran
上古音：「陽」d i̯aŋ／ʎ ǐaŋ／d jaŋ／r iaŋ／r ang","アイヌ語：般陽
＝「プ・アゥ・ウン・テュ・アゥ・ウン(pu-aw-un-tu-aw-un)」＝「倉の（屋根のような三角山の）・角、枝分かれ・にある（ところ）・峰の・角、枝分かれ・にある（ところ）」
or「プ・アゥ・ウン・リ・アゥ・ウン(pu-aw-un-ri-aw-un)」＝「倉の（屋根のような三角山の）・角、枝分かれ・にある（ところ）・高い・角、枝分かれ・にある（ところ）」","jomon2_bnum10.html"
"青州","済南郡","朝陽県","前漢","山東省浜州市鄒平市","","上古音：「朝」t i̯oɡ／t ǐau／t jɔɡ／t iaw／t rjagw
上古音：「朝」dʰ i̯oɡ／d ǐau／dʰ jɔɡ／d iaw／d rjagw
上古音：「陽」d i̯aŋ／ʎ ǐaŋ／d jaŋ／r iaŋ／r ang","アイヌ語：朝陽
＝「テュ・アク・テュ・アゥ・ウン(tu-ak-tu-aw-un)」＝「峰の・弟（のように小さいもの）・峰の・角、枝分かれ・にある（ところ）」
or「テュ・アク・リ・アゥ・ウン(tu-ak-ri-aw-un)」＝「峰の・弟（のように小さいもの）・高い・角、枝分かれ・にある（ところ）」","jomon2_bnum10.html"
"青州","済南郡","歴城県","前漢","山東省済南市歴城区","","上古音：「歷」l iek／l iek／l iek／l ek／l ik
上古音：「城」ȡ i̯ĕŋ／ʑ ǐeŋ／ʑ jeŋ／d jieŋ／d jing","アイヌ語：歴城
＝「リ・アク・テュ・エ・エン(ri-ak-tu-e-en)」＝「高い・弟の（ように小さい）・峰が・そこで・突き出ている（ところ）」","jomon2_bnum10.html"
"青州","平原郡","平原県","前漢","山東省徳州市平原県","華北平原、黄河支流の微高地、自然堤防","上古音：「平」bʰ i̯ĕŋ／b ǐeŋ／bʰ jĕŋ／b ieŋ／b jing
上古音：「原」ŋ i̯wăn／ŋ ǐwan／ŋ juăn／ŋ jwan／ngw jan","アイヌ語：平原＝「ピル・エ・エン・キル・ワ・アン(pir-e-en-kir-wa-an)」＝「傷（のように切り刻まれた峰）が・そこで・突き出ている（ところ）・山脚・に・ある（ところ）」","jomon2_bnum10.html"
"青州","平原郡","鬲県","前漢","山東省徳州市徳城区","華北平原、川岸の微高地、自然堤防","上古音：「鬲」kl ĕk／- -／k ek／k rek／k rik
上古音：「鬲」ɡl iek／l iek／l iek／l ek／gl ik","アイヌ語：鬲＝「リ・アク(ri-ak)」＝「高い・弟（のように小さいもの）」","jomon2_bnum10.html"
"青州","平原郡","高唐県","前漢","山東省聊城市高唐県","華北平原、当時の黄河河道の微高地、自然堤防","上古音：「高」k oɡ／k au／k ɔ̂ɡ／k aw／k agw
上古音：「唐」dʰ ɑŋ／d aŋ／dʰ ɑŋ／d aŋ／d ang","アイヌ語：高唐＝「ク・アク・テュ・アゥ・ウン(ku-ak-tu-aw-un)」＝「矢の（ように鋭い）・弟（のように小さい）or射る・峰の・角、枝分かれ・にある（ところ）」
※アイヌ語「ク＝弓」。中国大陸、朝鮮半島では「ク＝矢」の可能性。サハリン、シベリアのニヴフ（ギリヤーク）語も「ク＝矢」。","jomon2_bnum10.html"
"青州","平原郡","重丘県","前漢","山東省徳州市陵城区","華北平原の黄河支流に挟まれた微高地、自然堤防","上古音：「重」dʰ i̯uŋ／d ǐwɔŋ／dʰ juŋ／d iewŋ／d rjungh
上古音：「丘」kʰ i̯ŭɡ／kʰ ǐwə／kʰ juə̆ɡ／kʰ jwəɣ／kh jəg","アイヌ語：重丘＝「テュン・キル・アク(tun-kir-ak)」＝「間の・山脚の・弟（のように小さいもの）」","jomon2_bnum10.html"
"青州","平原郡","羽県","前漢","山東省徳州市禹城市","華北平原、縦横に走る川にある微高地、自然堤防","上古音：「羽」ɡ i̯wo／ɣ ǐwa／ɣ juaɡ／ɣ jwaɣ／gw jagx","アイヌ語：羽
＝「キル・アク(kir-ak)」＝「山脚の・弟（のように小さいもの）」
or「リ・アク(ri-ak)」＝「高い・弟（のように小さいもの）」","jomon2_bnum10.html"
"青州","平原郡","般県","前漢","山東省徳州市楽陵市","華北平原、馬頬河の岸辺の微高地、自然堤防","上古音：「般」- -／bʰ wɑn／b uan／bʰ uɑn／b wan／b an
上古音：「般」p wɑn／p ean／p uan／p rwan／p ran","アイヌ語：般＝「プ・アゥ・ウン・プ・アゥ・ウン(pu-aw-un-pu-aw-un)」＝「倉の（屋根のような三角山）の・角、枝分かれ・にある（ところ）・倉の（屋根のような三角山）の・角、枝分かれ・にある（ところ）」","jomon2_bnum10.html"
"青州","平原郡","楽陵県","前漢","山東省徳州市楽陵市","華北平原、馬頬河の岸辺の微高地、自然堤防","上古音：「樂」ŋl ŏk／ŋ eauk／ŋ ɔk／ŋ rawk／ng rakw
上古音：「樂」ɡl ɔk／l auk／l ɔ̂k2／l awk／ngl akw
上古音：「陵」l i̯əŋ／l ǐəŋ／l jəŋ／l iəŋ／l jəng","アイヌ語：楽陵
＝「ル・アク・リ・アゥ・ウン(ru-ak-ri-aw-un)」＝「消えかかった・弟（のように小さいもの）が・高い・角、枝分かれ・にある（ところ）」
or「キル・アク・リ・アゥ・ウン(kir-ak-ri-aw-un)」＝「山脚の・弟（のように小さいもの）が・高い・角、枝分かれ・にある（ところ）」","jomon2_bnum10.html"
"青州","平原郡","瑗県","前漢","山東省徳州市禹城市","華北平原、縦横に走る川にある微高地、自然堤防","上古音：「瑗」ɡ i̯wan／ɣ ǐwan／ɣ juan／ɣ iwan／gw janh","アイヌ語：瑗「キル・アゥ・ウン(kir-aw-un)」＝「山脚の・角、枝分かれ・にある（ところ）」","jomon2_bnum10.html"
"青州","平原郡","祝阿県","前漢","山東省徳州市斉河県","泰沂山脈北の山裾、現黄河（旧済水）の小山。","上古音：「祝」ȶ  -／ȶ ǐuk／ȶ jok／t jəwk／t jəkw
上古音：「阿」ʔ ɑ／0 ai／ʔ ɑ／ʔ a／· ar","アイヌ語：祝阿＝「テュ・アク・アゥ(tu-ak-aw)」＝「峰の・弟の（ように小さい）・角、枝分かれ」","jomon2_bnum10.html"
"青州","平原郡","阿陽県","前漢","山東省徳州市禹城市","華北平原、縦横に走る川にある微高地、自然堤防","上古音：「阿」ʔ ɑ／0 ai／ʔ ɑ／ʔ a／· ar
上古音：「陽」d i̯aŋ／ʎ ǐaŋ／d jaŋ／r iaŋ／r ang","アイヌ語：阿陽＝「アゥ・テュ・アン(aw-tu-an)」＝「角、枝分かれた・峰・がある（ところ）」","jomon2_bnum10.html"
"青州","平原郡","漯陰県","前漢","山東省徳州市斉河県","泰沂山脈北の山裾、現黄河（旧済水）の川向こう。","上古音：「㶟」- -／- -／l juəd／l iwər／l jədx
上古音：「陰」ʔ i̯əm／0 ǐəm／ʔ jəm／ʔ iəm／· jəm","アイヌ語：漯陰＝「リ・アゥ・アッ・イ・アム(ri-aw-at-i-am)」＝「高い・角、枝分かれが・たくさんある・その・爪（のように平べったく鋭い峰）」","jomon2_bnum10.html"
"青州","平原郡","扐県","前漢","山東省済南市商河県","華北平原、徒駭河の岸辺、網目状の支流","上古音：「扐」l ək／- -／l ə̂k／l ək／l ək","アイヌ語：扐＝「ラケ(rake)」＝「低地」","jomon2_bnum10.html"
"青州","平原郡","富平県","前漢","山東省浜州市恵民県","泰沂山脈北方の平原、現黄河（旧済水）北岸、自然堤防と湧水","上古音：「富」p i̯ŭɡ／p ǐwə／p juə̆ɡ／p jwəɣ／p jəgh
上古音：「平」bʰ i̯ĕŋ／b ǐeŋ／bʰ jĕŋ／b ieŋ／b jing","アイヌ語：富平＝「プィ・アク・プィ・エ・エン(puy-ak-puy-e-en)」＝「湧水の穴orこぶ山・弟の（ように小さい）・湧水の穴orこぶ山・そこで・突き出ている（ところ）」","jomon2_bnum10.html"
"青州","平原郡","安徳県","前漢","山東省徳州市陵城区","華北平原、馬頬河の岸辺、微高地、自然堤防","上古音：「安」ʔ ɑn／0 an／ʔ ɑn／ʔ an／· an
上古音：「徳」t ək／t ək／t ə̂k／t ək／t ək","アイヌ語：安徳＝「アゥ・ウン・テク(aw-un-tek)」＝「枝分かれ・にある・腕（のように伸びた微高地）」","jomon2_bnum10.html"
"青州","平原郡","合陽県","前漢","山東省徳州市臨邑県","華北平原。徒駭河の岸辺、微高地、自然堤防","上古音：「合」ɡʰ əp／ɣ əp／ɣ ə̂p／ɡ əp／g əp
上古音：「合」- -／k əp／k ə̂p／k əp／k əp
上古音：「陽」d i̯aŋ／ʎ ǐaŋ／d jaŋ／r iaŋ／r ang","アイヌ語：合陽
＝「カプ・テュ・アゥ・ウン(kap-tu-aw-un)」＝「薄っぺらな・峰の・角、枝分かれ・にある（ところ）」
or「カプ・リ・アゥ・ウン(kap-ri-aw-un)」＝「薄っぺらな・高い・角、枝分かれ・にある（ところ）」","jomon2_bnum10.html"
"青州","平原郡","楊虚県","前漢","山東省聊城市茌平区","華北平原。徒駭河の岸辺、微高地、自然堤防","上古音：「楊」d i̯aŋ／ʎ ǐaŋ／d jaŋ／r iaŋ／r ang
上古音：「虛」kʰ i̯o／h ǐa／x jaɡ／kʰ jaɣ／h jag","アイヌ語：楊虚
＝「テュ・アゥ・ウン・キル・アク(tu-aw-un-kir-ak)」＝「峰の・角、枝分かれ・にある・山脚の・弟（のように小さいもの）」
or「リ・アゥ・ウン・キル・アク(ri-aw-un-kir-ak)」＝「高い・角、枝分かれ・にある・山脚の・弟（のように小さいもの）」","jomon2_bnum10.html"
"青州","平原郡","龍頟県","前漢","山東省徳州市斉河県","泰沂山脈北の山裾、現黄河（旧済水）の川向こう。","上古音：「龍」l i̯uŋ／l ǐwɔŋ／l juŋ／l iewŋ／l jung
上古音：「頟」- -／- -／- -／ŋ rak／- -","アイヌ語：龍頟＝「レル・ウン・キル・アク(rer-un-kir-ak)」＝「山向こう、山陰・にある・山脚の・弟（のように小さい峰）」","jomon2_bnum10.html"
"青州","平原郡","厭次県","後漢","山東省浜州市","当時の湾岸","上古音：「厭」ʔ i̯ap／0 ǐap／ʔ jap／ʔ jiap／· jiap
上古音：「次」tsʰ i̯ər／tsʰ ǐei／tsʰ jed／tsʰ jier／tsh jidh","アイヌ語：厭次
＝「イ・アプ・テュ・エ・エン(i-ap-tu-e-en)」＝「その・釣り針の（ように曲がった）・峰が・そこで・突き出ている（ところ）」
or「イ・アプ・チゥ・エ・エン(i-ap-ciw-e-en)」＝「その・釣り針の（ように曲がった）・水流、水脈が・そこで・突き出ている（ところ）」","jomon2_bnum10.html"
"青州","千乗郡","千乗県","前漢","山東省淄博市高青県","当時は淄博市あたりまで湾入、微高地、自然堤防","上古音：「千」tsʰ ien／tsʰ ien／tsʰ ien／tsʰ en／tsh in
上古音：「乘」- i̯əŋ／ȡ ǐəŋ／ȡʰ jəŋ／zd jiəŋ／d jəngh","アイヌ語：千乗
＝「チゥ・エ・エン・チゥ・エ・エン(ciw-e-en-ciw-e-en)」＝「水流、水脈が・そこで・突き出ている（ところ）・水流、水脈が・そこで・突き出ている（ところ）」
or「テュ・エ・エン・テュ・エ・エン(tu-e-en-tu-e-en)」＝「峰が・そこで・突き出ている（ところ）・峰が・そこで・突き出ている（ところ）」","jomon2_bnum10.html"
"青州","千乗郡","東鄒県","前漢","山東省淄博市高青県","当時は淄博市あたりまで湾入、微高地、自然堤防","上古音：「東」t uŋ／t ɔŋ／t ûŋ／t ewŋ／t ung
上古音：「鄒」- -／tʃ ǐɔ／ts uɡ／- -／ts rjug","アイヌ語：東鄒＝「テュン・テュク(tun-tuk)」＝「間の・小山」","jomon2_bnum10.html"
"青州","千乗郡","建信県","前漢","山東省淄博市高青県","当時は淄博市あたりまで湾入、微高地、自然堤防","上古音：「建」k i̯ăn／k ǐan／k jăn／k jan／k janh
上古音：「信」s i̯ĕn／s ǐen／s jen／s jien／s jinh","アイヌ語：建信＝「キル・アゥ・ウン・シル・エ・エン(kir-aw-un-sir-e-en)」＝「山脚の・角、枝分かれ・にある・山が・そこで・突き出ている」","jomon2_bnum10.html"
"青州","千乗郡","狄県","前漢","山東省淄博市高青県","当時は淄博市あたりまで湾入、微高地、自然堤防","上古音：「狄」dʰ iek／d iek／dʰ iek／d ek／d ik","アイヌ語：狄＝「テュク(tuk)」＝「小山」","jomon2_bnum10.html"
"青州","千乗郡","湿沃県","前漢","山東省浜州市浜城区","当時の湾岸","上古音：「濕」ɕ i̯əp／ɕ ǐəp／ç jəp／stʰ jiəp／h rjəp
上古音：「沃」ʔ ok／0 auk／ʔ ɔ̂k1／ʔ wawk／· akw","アイヌ語：湿沃
＝「テュ・アプ・オク(tu-ap-ok)」＝「峰の・釣り針の（ように曲がった）・うなじ（盆の窪のような窪み）」
or「チゥ・アプ・オク(ciw-ap-ok)」＝「水流、水脈の・釣り針の（ように曲がった）・うなじ（盆の窪のような窪み）」","jomon2_bnum10.html"
"青州","千乗郡","平安県","前漢","山東省浜州市浜城区","当時の湾岸","上古音：「平」bʰ i̯ĕŋ／b ǐeŋ／bʰ jĕŋ／b ieŋ／b jing
上古音：「安」ʔ ɑn／0 an／ʔ ɑn／ʔ an／· an","アイヌ語：平安＝「プィ・エ・エン・アゥ・ウン(puy-e-en-aw-un)」＝「湧水の穴orこぶ山が・そこで・突き出ている・角、枝分かれ・にある（ところ）」","jomon2_bnum10.html"
"青州","千乗郡","博昌県","前漢","山東省浜州市博興県","当時の海岸線、微高地、自然堤防","上古音：「博」p ɑk／p uak／p uɑk／p wak／p ak
上古音：「昌」ȶʰ i̯aŋ／ȶʰ ǐaŋ／ȶʰ jaŋ／tʰ jaŋ／th jang","アイヌ語：博昌
＝「プ・アク・テュ・アゥ・ウン(pu-ak-tu-aw-un)」＝「倉の（屋根のような三角山）の・弟の（ように小さい）・峰の・角、枝分かれ・にある（ところ）」
or「プ・アク・チゥ・アゥ・ウン(pu-ak-ciw-aw-un)」＝「倉の（屋根のような三角山）の・弟の（ように小さい）・水流、水脈の・角、枝分かれ・にある（ところ）」","jomon2_bnum10.html"
"青州","千乗郡","蓼城県","前漢","山東省東営市利津県","当時の海岸線、微高地、自然堤防","上古音：「蓼」ɡl -／l ǐuk／l jok／l iəwk／gl jəkw
上古音：「城」ȡ i̯ĕŋ／ʑ ǐeŋ／ʑ jeŋ／d jieŋ／d jing","アイヌ語：蓼城＝「リ・アク・テュ・エ・エン(ri-ak-tu-e-en)」＝「高い・弟の（ように小さい）・峰が・そこで・突き出ている（ところ）」","jomon2_bnum10.html"
"青州","千乗郡","琅槐県","前漢","山東省東営市広饒県","当時の湾入した海岸線、微高地、自然堤防","上古音：「琅」l ɑŋ／l aŋ／l ɑŋ／l aŋ／l ang
上古音：「槐」ɡʰ wər／ɣ oəi／ɣ uə̂d／ɡ wər／gw əd","アイヌ語：琅槐
＝「ル・アゥ・ウン・ク・アッ(ru-aw-un-ku-at)」＝「消えかかった・角、枝分かれ（の川）・にある・矢（先のように鋭い峰）が・たくさんある（ところ）」
※アイヌ語「ク＝弓」。中国大陸、朝鮮半島では「ク＝矢」の可能性。サハリン、シベリアのニヴフ（ギリヤーク）語も「ク＝矢」。","jomon2_bnum10.html"
"青州","千乗郡","楽安県","前漢","山東省東営市広饒県","当時の湾入した海岸線、微高地、自然堤防","上古音：「樂」ŋl ŏk／ŋ eauk／ŋ ɔk／ŋ rawk／ng rakw
上古音：「樂」ɡl ɔk／l auk／l ɔ̂k2／l awk／ngl akw
上古音：「安」ʔ ɑn／0 an／ʔ ɑn／ʔ an／· an","アイヌ語：楽安＝
＝「ル・アク・アゥ・ウン(ru-ak-aw-un)」＝「消えかかった・弟（のように小さいもの）の・角、枝分かれ・にある（ところ）」
or「キル・アク・アゥ・ウン(kir-ak-aw-un)」＝「山脚の・弟（のように小さいもの）の・角、枝分かれ・にある（ところ）」","jomon2_bnum10.html"
"青州","千乗郡","高苑県","前漢","山東省浜州市鄒平市","","上古音：「高」k oɡ／k au／k ɔ̂ɡ／k aw／k agw
上古音：「苑」ʔ i̯wăn／0 ǐwan／ʔ juăn／ʔ jwan／·w janx","アイヌ語：高苑＝「ク・アク・イ・アゥ・ウン(ku-ak-i-aw-un)」＝「矢の（ように鋭い）・弟の（ように小さい）or射る・その・角、枝分かれ・にある（ところ）」
※アイヌ語「ク＝弓」。中国大陸、朝鮮半島では「ク＝矢」の可能性。サハリン、シベリアのニヴフ（ギリヤーク）語も「ク＝矢」。","jomon2_bnum10.html"
"青州","北海郡","営陵県","前漢","山東省濰坊市昌楽県","山東半島の付け根中央部","上古音：「營」ɡ i̯wĕŋ／ʎ ǐweŋ／ɡ jueŋ／- -／gw rjing
上古音：「陵」l i̯əŋ／l ǐəŋ／l jəŋ／l iəŋ／l jəng","アイヌ語：営陵＝「キル・エ・エン・リ・アゥ・ウン(kir-e-en-ri-aw-un)」＝「山脚が・そこで・突き出ている・高い・角、枝分かれ・にある（ところ）」","jomon2_bnum10.html"
"青州","北海郡","淳于県","前漢","山東省濰坊市坊子区","山東半島の付け根中央部","上古音：「淳」ȡ i̯wən／ʑ ǐwən／ʑ juən／d jiwən／d jən
上古音：「于」ɡ i̯wo／ɣ ǐwa／ɣ juaɡ／ɣ jwaɣ／gw jag","アイヌ語：淳于
＝「テュ・エ・エン・キル・アク(tu-e-en-kir-ak)」＝「峰が・そこで・突き出ている・山脚の・弟（のように小さいもの）」
or「チゥ・エ・エン・キル・アク(ciw-e-en-kir-ak)」＝「水流、水脈が・そこで・突き出ている・山脚の・弟（のように小さいもの）」","jomon2_bnum10.html"
"青州","北海郡","益県","前漢","山東省濰坊市寿光市","山東半島の付け根北部の海沿い、微高地","上古音：「益」ʔ i̯ĕk／0 ǐek／ʔ jek／ʔ jiek／· jik","アイヌ語：益＝「イ・アク(i-ak)」＝「その・弟（のように小さい峰）」","jomon2_bnum10.html"
"青州","北海郡","劇県","前漢","山東省濰坊市寿光市","山東半島の付け根北部の海沿い、微高地","上古音：「劇」ɡʰ i̯ăk／g iak／ɡʰ jăk／ɡ iak／g jiak","アイヌ語：劇＝「キル・アク(kir-ak)」＝「山脚の・弟（のように小さい峰）」","jomon2_bnum10.html"
"青州","北海郡","都昌県","前漢","山東省濰坊市昌邑市","濰河沿いの微高地、自然堤防","上古音：「都」t o／t a／t ɑɡ／t aɣ／t ag
上古音：「昌」ȶʰ i̯aŋ／ȶʰ ǐaŋ／ȶʰ jaŋ／tʰ jaŋ／th jang","アイヌ語：都昌＝「テュ・アク・テュ・アゥ・ウン(tu-ak-tu-aw-un)」＝「峰の・弟（のように小さいもの）・峰の・角、枝分かれ・にある（ところ）」","jomon2_bnum10.html"
"青州","北海郡","平城県","前漢","山東省濰坊市昌邑市","濰河沿いの微高地、自然堤防","上古音：「平」bʰ i̯ĕŋ／b ǐeŋ／bʰ jĕŋ／b ieŋ／b jing
上古音：「城」ȡ i̯ĕŋ／ʑ ǐeŋ／ʑ jeŋ／d jieŋ／d jing","アイヌ語：平城＝「ピル・エ・エン・テュ・エ・エン(pir-e-en-tu-e-en)」＝「傷（のように切り刻まれた峰）が・そこで・突き出ている（ところ）・峰が・そこで・突き出ている（ところ）」","jomon2_bnum10.html"
"青州","北海郡","平寿県","前漢","山東省濰坊市濰城区","白浪河流域の微高地、自然堤防","上古音：「平」bʰ i̯ĕŋ／b ǐeŋ／bʰ jĕŋ／b ieŋ／b jing
上古音：「壽」ȡ -／ʑ ǐu／ʑ jŏɡ／d jəw／d jəgwh","アイヌ語：平寿＝「ピル・エ・エン・テュ・アク(pir-e-en-tu-ak)」＝「傷（のように切り刻まれた峰）が・そこで・突き出ている・峰の・弟（のように小さいもの）」","jomon2_bnum10.html"
"青州","北海郡","寿光県","前漢","山東省濰坊市寿光市","山東半島の付け根北部の海沿いの微高地、自然堤防","上古音：「壽」ȡ -／ʑ ǐu／ʑ jŏɡ／d jəw／d jəgwh
上古音：「光」k wɑŋ／k uaŋ／k uɑŋ／k waŋ／kw angh","アイヌ語：寿光＝「テュ・アク・ク・アゥ・ウン(tu-ak-ku-aw-un)」＝「峰の・弟の（ように小さい）・矢の（先のような鋭い）・角、枝分かれ・にある（ところ）」
※アイヌ語「ク＝弓」。中国大陸、朝鮮半島では「ク＝矢」の可能性。サハリン、シベリアのニヴフ（ギリヤーク）語も「ク＝矢」。
※第一回～第三十一回「日本書紀のエラーコラム」／第三十二回～第九十二回「日出ずる国のエラーコラム」／第九十三回～「日没する国のエラーコラム」／第百九十七回～「日没する国のエラーコラム／第二百三回～「騎馬民族北方系渡来人のエラーコラム」／第五百七回～「継体の不審死と磐井の乱」／第五百三十五回～「三国史記朝鮮地名と倭人」","jomon2_bnum10.html"
"青州","東萊郡","平度県","前漢","山東省煙台市平度市","北部に険しい岩山","上古音：「平」bʰ i̯ĕŋ／b ǐeŋ／bʰ jĕŋ／b ieŋ／b jing
上古音：「度」dʰ ɑk／d ak／dʰ ɑk／d ak／d ak","アイヌ語：平度
＝「ピル・エ・エン・タク(pir-e-en-tak)」＝「傷（のように切り刻まれたもの）が・そこで・突き出ている・石」
or「ピ・エ・エン・タク(pi-e-en-tak)」＝「石が・そこで・突き出ている・石」","jomon2_bnum11.html"
"青州","東萊郡","盧郷県","前漢","山東省青島市平度市","上流の氾濫原、川筋の跡","上古音：「盧」l o／l a／l ɑɡ／l aɣ／l ag
上古音：「鄉」x i̯aŋ／h ǐaŋ／x jaŋ／x jaŋ／h jang","アイヌ語：盧郷＝「ル・アク・ヘ・アゥ・ウン(ru-ak-he-aw-un)」＝「（川筋の）消えかかったor跡の・弟の（ように小さい）・頭、上流の・角、枝分かれ・にある（ところ）」","jomon2_bnum11.html"
"青州","東萊郡","監朐県","前漢","山東省煙台市萊州市","険しい岩山","上古音：「監」kl am／k eam／k am／k ram／k ramh
上古音：「朐」k i̯u／k ǐwɔ／k juɡ／k jew／k ugh","アイヌ語：監朐＝「ク・アム・キル・ケ(ku-am-kir-ke)」＝「矢の（ように鋭い）・爪の（ように平べったく鋭い）・山脚・のところ」
※アイヌ語「ク＝弓」。中国大陸、朝鮮半島では「ク＝矢」の可能性。サハリン、シベリアのニヴフ（ギリヤーク）語も「ク＝矢」。","jomon2_bnum11.html"
"青州","東萊郡","掖県","前漢","山東省煙台市萊州市","険しい岩山","上古音：「掖」z i̯ăk／ʎ iak／d jăk／r iak／r ak","アイヌ語：掖
＝「テュ・アク(tu-ak)」＝「峰の・弟（のように小さもの）」
or「リ・アク(ri-ak)」＝「高い・弟（のように小さもの）」","jomon2_bnum11.html"
"青州","東萊郡","当利県","前漢","山東省煙台市萊州市","険しい岩山まで湾入","上古音：「当」t ɑŋ／t aŋ／t ɑŋ／t aŋ／t angh
上古音：「利」l i̯əd／l ǐei／l jed／l ier／l jidh","アイヌ語：当利＝「ト・アゥ・ウン・リ・アッ(to-aw-un-ri-at)」＝「海、湖沼の・角、枝分かれ・にある・高い（ところが）・たくさんある（ところ）」","jomon2_bnum11.html"
"青州","東萊郡","陽楽県","前漢","山東省煙台市萊州市","","上古音：「陽」d i̯aŋ／ʎ ǐaŋ／d jaŋ／r iaŋ／r ang
上古音：「樂」ŋl ŏk／ŋ eauk／ŋ ɔk／ŋ rawk／ng rakw
上古音：「樂」ɡl ɔk／l auk／l ɔ̂k2／l awk／ngl akw","アイヌ語：陽楽
＝「テュ・アゥ・ウン・キル・アク(tu-aw-un-kir-ak)」＝「峰の・角、枝分かれ・にある・山脚の・弟（のように小さいもの）」
or「テュ・アゥ・ウン・ル・アク(tu-aw-un-ru-ak)」＝「峰の・角、枝分かれ・にある・消えかかった・弟（のように小さいもの）」
or「リ・アゥ・ウン・キル・アク(ri-aw-un-kir-ak)」＝「高い・角、枝分かれ・にある・山脚の・弟（のように小さいもの）」
or「リ・アゥ・ウン・ル・アク(ri-aw-un-ru-ak)」＝「高い・角、枝分かれ・にある・消えかかった・弟（のように小さいもの）」","jomon2_bnum11.html"
"青州","東萊郡","陽石県","前漢","山東省煙台市萊州市","","上古音：「陽」d i̯aŋ／ʎ ǐaŋ／d jaŋ／r iaŋ／r ang
上古音：「石」ȡ i̯ăk／ʑ iak／- -／d jiak／d jiak","アイヌ語：陽石
＝「テュ・アゥ・ウン・テュ・アク(tu-aw-un-tu-ak)」＝「峰の・角、枝分かれ・にある・峰の・弟（のように小さいもの）」
or「リ・アゥ・ウン・テュ・アク(ri-aw-un-tu-ak)」＝「高い・角、枝分かれ・にある・峰の・弟（のように小さいもの）」","jomon2_bnum11.html"
"青州","東萊郡","腄県","前漢","山東省煙台市福山区","","上古音：「腄」- -／- -／t jua／t iwa／t rjuar
上古音：「腄」- -／- -／dʰ jua／d iwa／d rjuarh","アイヌ語：腄＝「テュ・アゥ(tu-aw)」＝「峰の・角、枝分かれ」","jomon2_bnum11.html"
"青州","東萊郡","牟平県","前漢","山東省煙台市福山区","","上古音：「牟」m／m ǐu／m jŏɡ／m jəw／m jəgw
上古音：「平」bʰ i̯ĕŋ／b ǐeŋ／bʰ jĕŋ／b ieŋ／b jing","アイヌ語：牟平
＝「ムィ・アク・ピル・エ・エン(muy-ak-pir-e-en)」＝「頂の・弟の（ように小さい）・傷（のように切り刻まれたもの）が・そこで・突き出ている（ところ）」
or「ムィ・アク・ピ・エ・エン(muy-ak-pi-e-en)」＝「頂の・弟の（ように小さい）・石が・そこで・突き出ている（ところ）」","jomon2_bnum11.html"
"青州","東萊郡","東牟県","前漢、後漢","山東省煙台市福山区","","上古音：「東」t uŋ／t ɔŋ／t ûŋ／t ewŋ／t ung
上古音：「牟」m／m ǐu／m jŏɡ／m jəw／m jəgw","アイヌ語：東牟
＝「テュン・ムィ・アク(tun-muy-ak)」＝「間の・頂の・弟（のように小さいもの）」","jomon2_bnum11.html"
"青州","東萊郡","黄県","前漢","山東省煙台市竜口市","","上古音：「黄」ɡʰ wɑŋ／ɣ uaŋ／ɣ uɑŋ／ɡ waŋ／gw ang","アイヌ語：黄＝「ク・アゥ・ウン(ku-aw-un)」＝「矢の（ように鋭い）・角、枝分かれ・にある（ところ）」
※アイヌ語「ク＝弓」。中国大陸、朝鮮半島では「ク＝矢」の可能性。サハリン、シベリアのニヴフ（ギリヤーク）語も「ク＝矢」。","jomon2_bnum11.html"
"青州","東萊郡","徐郷県","前漢","山東省煙台市竜口市","","上古音：「徐」dz i̯o／z ǐa／z jaɡ／r jaɣ／sd jag
上古音：「鄉」x i̯aŋ／h ǐaŋ／x jaŋ／x jaŋ／h jang","アイヌ語：徐郷＝「テュ・アク・ヘ・アゥ・ウン(tu-ak-he-aw-un)」＝「峰の・弟の（ように小さい）・頭の・角、枝分かれ・にある（・ところ）」","jomon2_bnum11.html"
"青州","東萊郡","惤県","前漢","山東省煙台市竜口市","","上古音：「㡉」- -／- -／k ien／k en／k in","アイヌ語：惤＝「キル・エ・エン(kir-e-en)」＝「山脚が・そこで・突き出ている（ところ）」","jomon2_bnum11.html"
"青州","東萊郡","曲成県","前漢","山東省煙台市招遠市","","上古音：「曲」kʰ i̯uk／kʰ ǐwɔk／kʰ juk／kʰ jewk／kh juk
上古音：「成」ȡ i̯ĕŋ／ʑ ǐeŋ／ʑ jeŋ／d jieŋ／d jing","アイヌ語：曲成
＝「キル・アク・テュ・エ・エン(kir-ak-tu-e-en)」＝「山脚の・弟の（ように小さい）・峰が・そこで・突き出ている」
or「キル・ク・テュ・エ・エン(kir-ku-tu-e-en)」＝「山脚の・矢の（ように鋭い）・峰が・そこで・突き出ている」
※アイヌ語「ク＝弓」。中国大陸、朝鮮半島では「ク＝矢」の可能性。サハリン、シベリアのニヴフ（ギリヤーク）語も「ク＝矢」。","jomon2_bnum11.html"
"青州","東萊郡","育犂県","前漢","山東省煙台市牟平区","","上古音：「育」d -／ʎ ǐuk／ɡ jok／ɣr iəwk／r əkw
上古音：「犂」l i̯ər／- -／l jed／l ier／l jid
上古音：「犂」l iər／l iei／l ied／l er／l id","アイヌ語：育犂
＝「キル・アク・リ・アッ(kir-ak-ri-at)」＝「山脚の・弟（のように小さいもの）が・高い（ところが）・たくさんある（ところ）」
or「リ・アク・リ・アッ(ri-ak-ri-at)」＝「高い・弟（のように小さいもの）・高い（ところが）・たくさんある（ところ）」","jomon2_bnum11.html"
"青州","東萊郡","昌陽県","前漢","山東省威海市文登区","山東半島先端の峰裾。","上古音：「昌」ȶʰ i̯aŋ／ȶʰ ǐaŋ／ȶʰ jaŋ／tʰ jaŋ／th jang
上古音：「陽」d i̯aŋ／ʎ ǐaŋ／d jaŋ／r iaŋ／r ang","アイヌ語：昌陽
＝「テュ・アゥ・ウン・テュ・アゥ・ウン(tu-aw-un-tu-aw-un)」＝「峰の・角、枝分かれ・にある（ところ）・峰の・角、枝分かれ・にある（ところ）」※たくさんの峰の枝分かれ。
or「テュ・アゥ・ウン・リ・アゥ・ウン(tu-aw-un-ri-aw-un)」＝「峰の・角、枝分かれ・にある（ところ）・高い・角、枝分かれ・にある（ところ）」","jomon2_bnum11.html"
"青州","東萊郡","不夜県","前漢","山東省威海市栄成市","","上古音：「不」p i̯ŭɡ／p ǐwə／p juə̆ɡ／p jwəɣ／p jəgx
上古音：「不」- -／- -／tʰ jŏɡ／tʰ iəw／th jəgwh
上古音：「夜」z i̯ăɡ／ʎ ia／d jăɡ／r aɣ／r iagh","アイヌ語：不夜
＝「ピル・アク・テュ・アク(pir-ak-tu-ak)」＝「傷の（ように切り刻まれた）・弟（のように小さいもの）・峰の・弟（のように小さいもの）」
or「ピル・アク・リ・アク(pir-ak-ri-ak)」＝「傷の（ように切り刻まれた）・弟（のように小さいもの）・高い・弟（のように小さいもの）」","jomon2_bnum11.html"
"青州","斉郡","臨菑県","前漢","山東省淄博市臨淄区","泰沂山脈北東部の山裾","上古音：「臨」bl i̯əm／l ǐəm／l jəm／l iəm／bl jəmh
上古音：「菑」tʂ i̯əɡ／tʃ ǐə／ts əɡ／ts iəɣ／ts rjəg","アイヌ語：臨菑＝「リ・アム・テュ・アク(ri-am-tu-ak)」＝「高い・爪の（ように平べったく鋭い）・峰の・弟（のように小さいもの）」","jomon2_bnum11.html"
"青州","斉郡","西安県","前漢","山東省淄博市臨淄区","泰沂山脈北東部の山裾","上古音：「西」s iər／s iei／s ied／s er／s id
上古音：「安」ʔ ɑn／0 an／ʔ ɑn／ʔ an／· an","アイヌ語：西安
＝「シル・エ・エン・アゥ・ウン(sir-e-en-aw-un)」＝「山が・そこで・突き出ている・角、枝分かれ・にある（ところ）」","jomon2_bnum11.html"
"青州","斉郡","利県","前漢","山東省浜州市博興県","泰沂山脈北部の山裾","上古音：「利」l i̯əd／l ǐei／l jed／l ier／l jidh","アイヌ語：利＝「リ・アッ(ri-at)」＝「高い（ところが）・たくさんある（ところ）」","jomon2_bnum11.html"
"青州","斉郡","昌国県","前漢","山東省淄博市張店区","泰沂山脈北部の山裾","上古音：「昌」ȶʰ i̯aŋ／ȶʰ ǐaŋ／ȶʰ jaŋ／tʰ jaŋ／th jang
上古音：「國」k wək／k uək／k uə̂k／k wək／kw ək","アイヌ語：昌国＝「テュ・アゥ・ウン・ク・アク(tu-aw-un-ku-ak)」＝「峰の・角、枝分かれ・にある・矢の（ように鋭い）・弟（のように小さいもの）or射る（ようなところ）」
※アイヌ語「ク＝弓」。中国大陸、朝鮮半島では「ク＝矢」の可能性。サハリン、シベリアのニヴフ（ギリヤーク）語も「ク＝矢」。","jomon2_bnum11.html"
"青州","斉郡","広県","前漢","山東省濰坊市青州市","泰沂山脈東北部の山、山裾","上古音：「廣」k wɑŋ／k uaŋ／k uɑŋ／k waŋ／kw angx","アイヌ語：広＝「ク・アゥ・ウン(ku-aw-un)」＝「矢の（ように鋭い）・角、枝分かれ・にある（ところ）」
※アイヌ語「ク＝弓」。中国大陸、朝鮮半島では「ク＝矢」の可能性。サハリン、シベリアのニヴフ（ギリヤーク）語も「ク＝矢」。","jomon2_bnum11.html"
"青州","斉郡","臨朐県","前漢","山東省濰坊市臨ク県","泰沂山脈東部の山、山裾","上古音：「臨」bl i̯əm／l ǐəm／l jəm／l iəm／bl jəmh
上古音：「朐」k i̯u／k ǐwɔ／k juɡ／k jew／k ugh","アイヌ語：臨朐＝「リ・アム・キル・ク(ri-am-kir-ku)」＝「高い・爪（のように鋭いもの）・山脚の・矢（先のように鋭いもの）」
※アイヌ語「ク＝弓」。中国大陸、朝鮮半島では「ク＝矢」の可能性。サハリン、シベリアのニヴフ（ギリヤーク）語も「ク＝矢」。","jomon2_bnum11.html"
"青州","斉郡","広饒県","前漢","山東省東営市広饒県","泰沂山脈東北方の平地、海岸","上古音：「廣」k wɑŋ／k uaŋ／k uɑŋ／k waŋ／kw angx
上古音：「饒」ȵ i̯oɡ／ȵ ǐau／ɲ jɔɡ／n jiaw／ng rjagwh","アイヌ語：広饒＝「ク・アゥ・ウン・ニ・アク(ku-aw-un-ni-ak)」＝「矢の（ように鋭い）・角、枝分かれ・にある・棒の（ように細長い）・弟（のように小さい峰）」
※アイヌ語「ク＝弓」。中国大陸、朝鮮半島では「ク＝矢」の可能性。サハリン、シベリアのニヴフ（ギリヤーク）語も「ク＝矢」。","jomon2_bnum11.html"
"青州","斉郡","鉅定県","前漢","山東省東営市広饒県","泰沂山脈東北方の平地、海岸","上古音：「鉅」ɡʰ i̯o／- -／ɡʰ jaɡ／ɡ jaɣ／g jagx
上古音：「定」dʰ ieŋ／d ieŋ／dʰ ieŋ／d eŋ／d ingh
上古音：「定」t ieŋ／- -／- -／t eŋ／- -","アイヌ語：鉅定＝「キル・アク・テュ・エ・エン(kir-ak-tu-e-en)」＝「山脚の・弟の（ように小さい）・峰が・そこで・突き出ている（ところ）」","jomon2_bnum11.html"
"兗州","陳留郡","陳留県","前漢","河南省開封市祥符区","洛陽東方の平原、黄河流域の微高地、自然堤防","上古音：「陳」dʰ i̯ĕn／d ǐen／dʰ jen／d ien／d rjinh
上古音：「留」l -／l ǐu／l jŏɡ／l iəw／l jəgwh","アイヌ語：陳留＝「テュ・エ・エン・リ・アゥ(tu-e-en-ri-aw)」＝「峰が・そこで・突き出ている・高い・角、枝分かれ」","jomon2_bnum11.html"
"兗州","陳留郡","小黄県","前漢","河南省開封市祥符区","洛陽東方の平原、黄河流域の微高地、自然堤防","上古音：「小」s i̯oɡ／s ǐau／s jɔɡ／s jiaw／s jagwx
上古音：「黃」ɡʰ wɑŋ／ɣ uaŋ／ɣ uɑŋ／ɡ waŋ／gw ang","アイヌ語：小黄＝「シル・アク・キル・アゥ・ウン(sir-ak-kir-aw-un)」＝「山の・弟の（ように小さい）・山脚の・角、枝分かれ・にある（ところ）」","jomon2_bnum11.html"
"兗州","陳留郡","成安県","前漢","河南省商丘市民権県","洛陽東方の平原、黄河故道の微高地、自然堤防","上古音：「成」ȡ i̯ĕŋ／ʑ ǐeŋ／ʑ jeŋ／d jieŋ／d jing
上古音：「安」ʔ ɑn／0 an／ʔ ɑn／ʔ an／· an","アイヌ語：成安＝「テュ・エ・エン・アゥ・ウン(tu-e-en-aw-un)」＝「峰が・そこで・突き出ている・角、枝分かれ・にある（ところ）」","jomon2_bnum11.html"
"兗州","陳留郡","寧陵県","前漢","河南省商丘市寧陵県","洛陽東方の平原、黄河故道の微高地、自然堤防","上古音：「寧」n ieŋ／n ieŋ／n ieŋ／- -／- -／n ing
上古音：「陵」l i̯əŋ／l ǐəŋ／l jəŋ／l iəŋ／l jəng","アイヌ語：寧陵＝「ニ・エ・エン・リ・アゥ・ウン(ni-e-en-ri-aw-un)」＝「棒（のような細長い峰）が・そこで、突き出ている・高い・角、枝分かれ・にある（ところ）」","jomon2_bnum11.html"
"兗州","陳留郡","雍丘県","前漢","河南省開封市杞県","洛陽東方の平原、黄河故道の微高地、自然堤防","上古音：「雍」ʔ i̯uŋ／0 ǐwɔŋ／- -／ʔ jewŋ／- -
上古音：「丘」kʰ i̯ŭɡ／kʰ ǐwə／kʰ juə̆ɡ／kʰ jwəɣ／kh jəg","アイヌ語：雍丘＝「イ・アゥ・ウン・キル・アク(i-aw-un-kir-ak)」＝「それの・（川の）角、枝分かれ・にある・山脚の・弟（のように小さいもの）」","jomon2_bnum11.html"
"兗州","陳留郡","酸棗県","前漢","河南省新郷市延津県","洛陽北東の山裾の平原、当時の黄河沿岸","上古音：「酸」s wɑn／s uan／s uɑn／s wan／s uan
上古音：「棗」ts -／ts u／ts ôɡ／ts əw／ts əgwx","アイヌ語：酸棗＝「サン・テュ・アゥ(san-tu-aw)」＝「前にある、浜にある・峰の・角、枝分かれ」","jomon2_bnum11.html"
"兗州","陳留郡","東昏県","前漢","河南省開封市蘭考県","洛陽東方の平原、黄河故道の微高地、自然堤防","上古音：「東」t uŋ／t ɔŋ／t ûŋ／t ewŋ／t ung
上古音：「昏」xm wən／h uən／m̥ uə̂n／xm wən／hm ən","アイヌ語：東昏＝「テュン・ム・アゥ・ウン(tun-mu-aw-un)」＝「間の・ふさがった・角、枝分かれ・にある（ところ）」","jomon2_bnum11.html"
"兗州","陳留郡","襄邑県","前漢","河南省商丘市睢県","洛陽東方の平原、蛇行する川","上古音：「襄」sn i̯aŋ／s ǐaŋ／s jaŋ／s jaŋ／sn jang
上古音：「邑」ʔ i̯əp／0 ǐəp／ʔ jəp／ʔ iəp／· jəp","アイヌ語：襄邑＝「シアン・イ・アプ(sian-i-ap)」＝「大きな・その・釣り針（のように曲がった岸or川）」","jomon2_bnum11.html"
"兗州","陳留郡","外黄県","前漢","河南省商丘市民権県","洛陽東方の平原、黄河故道の微高地、自然堤防","上古音：「外」ŋ wɑd／ŋ uat／ŋ uɑd／ŋ war／ngw adh
上古音：「黄」ɡʰ wɑŋ／ɣ uaŋ／ɣ uɑŋ／ɡ waŋ／gw ang","アイヌ語：外黄＝「キル・アッ・キル・アゥ・ウン(kir-at-kir-aw-un)」＝「山脚が・たくさんある・山脚の・角、枝分かれ・にある（ところ）」","jomon2_bnum11.html"
"兗州","陳留郡","封丘県","前漢","河南省新郷市封丘県","洛陽北東の山裾の平原、当時の黄河沿岸","上古音：「封」p i̯uŋ／p ǐwɔŋ／p juŋ／p jewŋ／p jung
上古音：「丘」kʰ i̯ŭɡ／kʰ ǐwə／kʰ juə̆ɡ／kʰ jwəɣ／kh jəg","アイヌ語：封丘＝「ピル・ウン・キル・アク(pir-un-kir-ak)」＝「傷（の切り刻まれたようなもの）・にある・山脚の・弟（のように小さいもの）」","jomon2_bnum11.html"
"兗州","陳留郡","長羅県","前漢","河南省新郷県長垣県長垣市","洛陽東方の平原、当時は黄河の東岸の平原","上古音：「長」t i̯aŋ／t ǐaŋ／t jaŋ／t iaŋ／t rjangx
上古音：「長」dʰ i̯aŋ／d ǐaŋ／dʰ jaŋ／d iaŋ／d rjangh
上古音：「羅」l ɑ／l ai／l ɑ／l a／l ar","アイヌ語：長羅
＝「テュ・アゥ・ウン・ル・アゥ(tu-aw-un-ru-aw)」＝「峰の・角、枝分かれ・にある・消えかかった・角、枝分かれ」","jomon2_bnum11.html"
"兗州","陳留郡","尉氏県","前漢","河南省開封市尉氏県","黄河南岸、洛陽東方の山裾の丘陵","上古音：「尉」ʔ i̯wəd／0 ǐwət／ʔ juə̆t／ʔ jwət／·w jət
上古音：「氏」ȡ i̯ĕɡ／ȶ ǐe／j jeɡ／d jieɣ／g rjigx","アイヌ語：尉氏＝「イ・ウ・アッ・テュ・イク(i-u-at-tu-ik)」＝「それが・互いに重なるように・たくさんある・峰の・関節（のように曲がったもの）」","jomon2_bnum11.html"
"兗州","陳留郡","傿県","前漢","河南省商丘市柘城県","黄河南岸、華北平原","上古音：「傿」- -／- -／ʔ jăn／ʔ jan／· janh","アイヌ語：傿
＝「ヤ・アン(ya-an)」＝「岸・がある（ところ）」
or「ヤ・ウン(ya-un)」＝「岸・にある（ところ）」
or「イ・アゥ・ウン(i-aw-un)」＝「その・（川の）角、枝分かれ・にある（ところ）」","jomon2_bnum11.html"
"兗州","陳留郡","長垣県","前漢","河南省新郷県長垣市","当時は黄河東岸","上古音：「長」t i̯aŋ／t ǐaŋ／t jaŋ／t iaŋ／t rjangx
上古音：「長」dʰ i̯aŋ／d ǐaŋ／dʰ jaŋ／d iaŋ／d rjangh
上古音：「垣」ɡ i̯wăn／ɣ ǐwan／ɣ juăn／ɣ jwan／gw jan","アイヌ語：長垣＝「テュ・アゥ・ウン・キル・アゥ・ウン(tu-aw-un-kir-aw-un)」＝「峰の・角、枝分かれ・にある（ところ）・山脚の・角、枝分かれ・にある（ところ）」","jomon2_bnum11.html"
"兗州","陳留郡","平丘県","前漢","河南省新郷県長垣市","当時は黄河東岸","上古音：「平」bʰ i̯ĕŋ／b ǐeŋ／bʰ jĕŋ／b ieŋ／b jing
上古音：「丘」kʰ i̯ŭɡ／kʰ ǐwə／kʰ juə̆ɡ／kʰ jwəɣ／kh jəg","アイヌ語：平丘＝「ピル・エ・エン・キル・アク(pir-e-en-kir-ak)」＝「傷（の切り刻まれたようなもの）が・そこで・突き出ている・山脚の・弟（のように小さいもの）」","jomon2_bnum11.html"
"兗州","陳留郡","済陽県","前漢","河南省開封市蘭考県","洛陽東方の平原、黄河故道の微高地、自然堤防","上古音：「濟」ts iər／ts iei／ts ied／ts er／ts idh
上古音：「陽」d i̯aŋ／ʎ ǐaŋ／d jaŋ／r iaŋ／r ang","アイヌ語：済陽＝「テュ・エ・エン・テュ・アゥ・ウン(tu-e-en-tu-aw-un)」＝「峰が・そこで・突き出ている・峰の・角、枝分かれ・にある（ところ）」","jomon2_bnum11.html"
"兗州","陳留郡","浚儀県","前漢","河南省開封市祥符区","洛陽東方の平原、黄河流域の微高地、自然堤防","上古音：「浚」s i̯wən／s iwən／s juən／s jiwən／s jənh
上古音：「儀」ŋ ia／ŋ ǐai／ŋ ja／ŋ ia／ng jar","アイヌ語：浚儀＝「シル・エ・エン・キル・アゥ(sir-e-en-kir-aw)」＝「山が・そこで・突き出ている・山脚の・角、枝分かれ」","jomon2_bnum11.html"
"兗州","東郡","濮陽県","秦or前漢","河南省濮陽市濮陽県","微山湖北西の平原、当時の黄河の東岸の微高地、自然堤防","上古音：「濮」- -／p ɔk／p ûk／p ewk／p uk
上古音：「陽」d i̯aŋ／ʎ ǐaŋ／d jaŋ／r iaŋ／r ang","アイヌ語：濮陽＝「プ・ク・テュ・アゥ・ウン(pu-ku-tu-aw-un)」＝「倉の（屋根のような三角山の）・矢の（ように鋭い）・峰の・角、枝分かれ・にある（ところ）」
※アイヌ語「ク＝弓」。中国大陸、朝鮮半島では「ク＝矢」の可能性。サハリン、シベリアのニヴフ（ギリヤーク）語も「ク＝矢」。","jomon2_bnum11.html"
"兗州","東郡","観県","秦or前漢","山東省聊城市莘県","微山湖北西の平原、当時の黄河の東岸の微高地、自然堤防","上古音：「觀」k wɑn／k uan／k uɑn／k wan／kw anh","アイヌ語：観＝「ク・アゥ・ウン(ku-aw-un)」＝「矢の（ように鋭い）・角、枝分かれ・にある（ところ）」
※アイヌ語「ク＝弓」。中国大陸、朝鮮半島では「ク＝矢」の可能性。サハリン、シベリアのニヴフ（ギリヤーク）語も「ク＝矢」。","jomon2_bnum11.html"
"兗州","東郡","聊城県","秦or前漢","山東省聊城市東昌府区","微山湖北西の平原、当時の黄河の南岸の微高地、自然堤防","上古音：「聊」l  -／l iu／l ioɡ／l eəw／l iəgw
上古音：「城」ȡ i̯ĕŋ／ʑ ǐeŋ／ʑ jeŋ／d jieŋ／d jing","アイヌ語：聊城＝「ル・アク・テュ・エ・エン(ru-ak-tu-e-en)」＝「消えかかった・弟の（ように小さい）・峰が・そこで・突き出ている（ところ）」","jomon2_bnum11.html"
"兗州","東郡","頓丘県","秦or前漢","河南省濮陽市清豊県","当時の黄河の沿岸の微高地、自然堤防","上古音：「頓」t wən／t uən／t uə̂n／t wən／t ənh
上古音：「丘」kʰ i̯ŭɡ／kʰ ǐwə／kʰ juə̆ɡ／kʰ jwəɣ／kh jəg","アイヌ語：頓丘＝「テュ・アゥ・ウン・キル・アク(tu-aw-un-kir-ak)」＝「山の・角、枝分かれ・にある・山脚の・弟（のように小さいもの）」","jomon2_bnum11.html"
"兗州","東郡","発干県","秦or前漢","山東省聊城市莘県","泰沂山脈西方の平原、黄河沿いの微高地、自然堤防","上古音：「發」p i̯wăt／p ǐwat／p juăt／p jwat／p jat
上古音：「干」k ɑn／k an／k ɑn／k an／k an","アイヌ語：発干＝「ピル・アッ・ク・アゥ・ウン(pir-at-ku-aw-un)」＝「傷（のように切り刻まれたもの）が・たくさんある・矢の（ように鋭い峰の）・角、枝分かれ・にある（ところ）」
※アイヌ語「ク＝弓」。中国大陸、朝鮮半島では「ク＝矢」の可能性。サハリン、シベリアのニヴフ（ギリヤーク）語も「ク＝矢」。","jomon2_bnum11.html"
"兗州","東郡","范県","秦or前漢","河南省濮陽市范県","泰沂山脈西方の平原、黄河沿いの微高地、自然堤防","上古音：「范」bʰ i̯wăm／b ǐwam／bʰ juăm／b jwam／b jamx","アイヌ語：范＝「ピル・アム(pir-am)」＝「傷の（ように切り刻まれた）・爪（のように平べったく鋭い峰）」","jomon2_bnum11.html"
"兗州","東郡","茌平県","秦or前漢","山東省聊城市茌平区","泰沂山脈西北の平原、黄河本流沿い、微高地、自然堤防","上古音：「茬」- -／- -／ts əɡ／ts iəɣ／ts rjəg
上古音：「茬」- -／- -／dzʰ əɡ／dz iəɣ／dz rjəg
上古音：「平」bʰ i̯ĕŋ／b ǐeŋ／bʰ jĕŋ／b ieŋ／b jing","アイヌ語：茌平＝「テュ・アク・ピル・エ・エン(tu-ak-pir-e-en)」＝「山の・弟の（ように小さい）・傷（のように切り刻まれたもの）が・そこで・突き出ている（ところ）」","jomon2_bnum11.html"
"兗州","東郡","東武陽県","秦or前漢","山東省聊城市莘県","微山湖北西の平原、当時の黄河の東岸の微高地、自然堤防","上古音：「東」t uŋ／t ɔŋ／t ûŋ／t ewŋ／t ung
上古音：「武」m i̯wo／m ǐwa／m juaɡ／m jwaɣ／m jagx
上古音：「陽」d i̯aŋ／ʎ ǐaŋ／d jaŋ／r iaŋ／r ang","アイヌ語：東武陽＝「テュン・ムィ・アク・テュ・アゥ・ウン(tun-muy-ak-tu-aw-un)」＝「間の・頂の・弟の（ように小さい）・峰の・角、枝分かれ・にある（ところ）」","jomon2_bnum11.html"
"兗州","東郡","博平県","秦or前漢","山東省聊城市茌平区","泰沂山脈西北の平原、黄河本流沿い、微高地、自然堤防","上古音：「博」p ɑk／p uak／p uɑk／p wak／p ak
上古音：「平」bʰ i̯ĕŋ／b ǐeŋ／bʰ jĕŋ／b ieŋ／b jing","アイヌ語：博平＝「プ・アク・ピル・エ・エン(pu-ak-pir-e-en)」＝「倉の（屋根のような三角山の）・弟の（ように小さい）・傷の（ように切り刻まれたものの）・そこで・突き出ている（ところ）」","jomon2_bnum11.html"
"兗州","東郡","黎県","秦or前漢","山東省菏沢市鄆城県","微山湖北西の平原、黄河故道の微高地、自然堤防","上古音：「黎」l iər／l iei／l ied／l er／l id","アイヌ語：黎＝「リ・アッ(ri-at)」＝「高い（ところが）・たくさんある（ところ）」","jomon2_bnum11.html"
"兗州","東郡","離狐県","秦or前漢","山東省菏沢市牡丹区","微山湖北西の平原、黄河故道の微高地、自然堤防","上古音：「離」l ia／l ǐai／l ja／l ia／l jiarh
上古音：「狐」ɡʰ wo／ɣ a／ɣ uɑɡ／ɡ waɣ／gw ag","アイヌ語：離狐＝「リ・アゥ・キル・アク(ri-aw-kir-ak)」＝「高い・角、枝分かれの・山脚の・弟（のように小さいもの）」","jomon2_bnum11.html"
"兗州","東郡","清県","秦or前漢","山東省聊城市茌平区","泰沂山脈西北の平原、黄河本流沿い、微高地、自然堤防","上古音：「清」tsʰ i̯ĕŋ／tsʰ ǐeŋ／tsʰ jeŋ／tsʰ jieŋ／tsh jing","アイヌ語：清＝「テュ・エ・エン(tu-e-en)」＝「峰が・そこで・突き出ている（ところ）」","jomon2_bnum11.html"
"兗州","東郡","東阿県","秦or前漢","山東省聊城市東阿県","泰沂山脈北西の平原、黄河の本流の微高地、自然堤防","上古音：「東」t uŋ／t ɔŋ／t ûŋ／t ewŋ／t ung
上古音：「阿」ʔ ɑ／0 ai／ʔ ɑ／ʔ a／· ar","アイヌ語：東阿＝「テュ・ウン・アゥ(tu-un-aw)」＝「峰・にある・枝分かれ」","jomon2_bnum11.html"
"兗州","東郡","臨邑県","秦or前漢","山東省徳州市臨邑県","泰沂山脈北方の平原、黄河と支流が作る微高地、自然堤防","上古音：「臨」bl i̯əm／l ǐəm／l jəm／l iəm／bl jəmh
上古音：「邑」ʔ i̯əp／0 ǐəp／ʔ jəp／ʔ iəp／· jəp","アイヌ語：臨邑＝「リ・アム・イ・アプ(ri-am-i-ap)」＝「高い・爪の（ように平べったく鋭い）・その・釣り針（のように曲がったもの）」","jomon2_bnum11.html"
"兗州","東郡","須昌県","秦or前漢","山東省泰安市東平県","泰沂山脈西方の峰の麓","上古音：「須」s i̯u／s ǐwɔ／s juɡ／s jew／s jug
上古音：「昌」ȶʰ i̯aŋ／ȶʰ ǐaŋ／ȶʰ jaŋ／tʰ jaŋ／th jang","アイヌ語：須昌＝「シル・ク・テュ・アゥ・ウン(sir-ku-tu-aw-un)」＝「山の・矢の（ように鋭い）・峰の・角、枝分かれ・にある（ところ）」
※アイヌ語「ク＝弓」。中国大陸、朝鮮半島では「ク＝矢」の可能性。サハリン、シベリアのニヴフ（ギリヤーク）語も「ク＝矢」。","jomon2_bnum11.html"
"兗州","東郡","寿良県","秦or前漢","山東省泰安市東平県","泰沂山脈西方の峰の麓","上古音：「壽」ȡ -／ʑ ǐu／ʑ jŏɡ／d jəw／d jəgwh
上古音：「良」l i̯aŋ／l ǐaŋ／l jaŋ／l iaŋ／l jang","アイヌ語：寿良＝「テュ・アク・リ・アゥ・ウン(tu-ak-ri-aw-un)」＝「峰の・弟の（ように小さい）・高い・角、枝分かれ・にある（ところ）」","jomon2_bnum11.html"
"兗州","東郡","楽昌県","秦or前漢","河南省濮陽市南楽県","泰沂山脈西方の平原、黄河河道の微高地、自然堤防","上古音：「樂」ŋl ŏk／ŋ eauk／ŋ ɔk／ŋ rawk／ng rakw
上古音：「樂」ɡl ɔk／l auk／l ɔ̂k2／l awk／ngl akw
上古音：「昌」ȶʰ i̯aŋ／ȶʰ ǐaŋ／ȶʰ jaŋ／tʰ jaŋ／th jang","アイヌ語：楽昌
＝「キル・アク・テュ・アゥ・ウン(kir-ak-tu-aw-un)」＝「山脚の・弟の（ように小さい）・峰の・角、枝分かれ・にある（ところ）」
or「ル・アク・テュ・アゥ・ウン(ru-ak-tu-aw-un)」＝「消えかかった・弟の（ように小さい）・峰の・角、枝分かれ・にある（ところ）」","jomon2_bnum11.html"
"兗州","東郡","陽平県","秦or前漢","山東省聊城市莘県","微山湖北西の平原、当時の黄河の東岸の微高地、自然堤防","上古音：「陽」d i̯aŋ／ʎ ǐaŋ／d jaŋ／r iaŋ／r ang
上古音：「平」bʰ i̯ĕŋ／b ǐeŋ／bʰ jĕŋ／b ieŋ／b jing","アイヌ語：陽平
＝「テュ・アゥ・ウン・ピル・エ・エン(tu-aw-un-pir-e-en)」＝「峰の・角、枝分かれ・にある・傷（のように切り刻まれたもの）が・そこで・突き出ている（ところ）」","jomon2_bnum11.html"
"兗州","東郡","白馬県","秦or前漢","河南省安陽市滑県","当時の黄河の東岸、南岸、微高地、自然堤防","上古音：「白」bʰ ăk／b eak／bʰ uăk／b rwak／b rak
上古音：「馬」m ɔ／m ea／m uăɡ／m rwaɣ／m ragx","アイヌ語：白馬＝「プ・アク・ム・アク(pu-ak-mu-ak)」＝「倉の（屋根のような三角山の）・弟（のように小さいもの）・ふさがっている・弟」","jomon2_bnum11.html"
"兗州","東郡","南燕県","秦or前漢","河南省新郷市延津県","当時の黄河の東岸、微高地、自然堤防","上古音：「南」n əm／n əm／n ə̂m／n əm／n əm
上古音：「燕」ʔ ian／0 ian／ʔ iæn／ʔ ean／· ianh","アイヌ語：南燕＝「ニ・アム・イ・アン(ni-am-i-an)」＝「棒の（ように細長い）・爪（のように平べったく鋭い峰）・それ・がある」","jomon2_bnum11.html"
"兗州","東郡","廩丘県","秦or前漢","山東省菏沢市鄆城県","微山湖北西の平原、黄河故道の微高地、自然堤防","上古音：「廩」bl i̯əm／l ǐəm／- -／- -／l iəm／bl jəmx
上古音：「丘」kʰ i̯ŭɡ／kʰ ǐwə／kʰ juə̆ɡ／kʰ jwəɣ／kh jəg","アイヌ語：廩丘＝「リ・アム・キル・アク(ri-am-kir-ak)」＝「高い・爪（のように平べったく鋭い）・山脚の・弟（のように小さいもの）」","jomon2_bnum11.html"
"兗州","東郡","衛国県","前漢","河南省濮陽市清豊県","当時の黄河の沿岸の微高地、自然堤防","上古音：「衛」ɡ i̯wad／ɣ ǐwat／ɣ juæd／ɣ iwar／gw jadh
上古音：「國」k wək／k uək／k uə̂k／k wək／kw ək","アイヌ語：衛国＝「キル・アッ・ク・アク(kir-at-ku-ak)」＝「山脚が・たくさんある・矢の（ように鋭い）・弟（のように小さいもの）」
※アイヌ語「ク＝弓」。中国大陸、朝鮮半島では「ク＝矢」の可能性。サハリン、シベリアのニヴフ（ギリヤーク）語も「ク＝矢」。","jomon2_bnum11.html"
"兗州","東平郡","無塩県","前漢","山東省泰安市東平県","東平湖沿岸の湿地、平地、山。","上古音：「無」m i̯wo／m ǐwa／m juaɡ／m jwaɣ／m jag
上古音：「鹽」- -／ʎ ǐam／ɡ jam／ɣr iam／g rjam","アイヌ語：無塩
＝「ムィ・アク・キル・アム(muy-ak-kir-am)」＝「頂の・弟の（ように小さい）・山脚の・爪（のように平べったく鋭いもの）」","jomon2_bnum11.html"
"兗州","東平郡","任城県","前漢","山東省済寧市微山県","微山湖北岸の自然堤防","上古音：「任」ȵ i̯əm／ȵ ǐəm／ȵ jəm／n jiəm／n jəmh
上古音：「城」ȡ i̯ĕŋ／ʑ ǐeŋ／ʑ jeŋ／d jieŋ／d jing","アイヌ語：任城＝「ニ・アム・テュ・エ・エン(ni-am-tu-e-en)」＝「棒の（ように細長い）・爪の（ように平べったく鋭いもの）・峰が・そこで・突き出ている（ところ）」","jomon2_bnum11.html"
"兗州","東平郡","東平陸県","前漢","山東省済寧市汶上県","微山湖と東平湖の間の平原、微高地、自然堤防","上古音：「東」t uŋ／t ɔŋ／t ûŋ／t ewŋ／t ung
上古音：「平」bʰ i̯ĕŋ／b ǐeŋ／bʰ jĕŋ／b ieŋ／b jing
上古音：「陸」l -／l ǐuk／l jok／l iəwk／l jəkw","アイヌ語：東平陸
＝「テュン・ピル・エ・エン・リ・アク(tun-pir-e-en-ri-ak)」＝「間の・傷（のように切り刻まれたもの）が・そこで・突き出ている・高い・弟（のように小さいもの）」
or「テュ・ウン・ピル・エ・エン・リ・アク(tu-un-pir-e-en-ri-ak)」＝「峰・にある・傷（のように切り刻まれたもの）が・そこで・突き出ている・高い・弟（のように小さいもの）」","jomon2_bnum11.html"
"兗州","東平郡","樊県","前漢","山東省済寧市任城区","微山湖北岸の平地、微高地、自然堤防","上古音：「樊」bʰ i̯wăn／b ǐwan／bʰ juăn／b jwan／b jan","アイヌ語：樊＝「ピル・アゥ・ウン(pir-aw-un)」＝「傷の（ように切り刻まれた）・角、枝分かれ・にある（ところ）」","jomon2_bnum11.html"
"兗州","東平郡","亢父県","前漢","山東省済寧市任城区","微山湖北岸の平地、微高地、自然堤防","上古音：「亢」kʰ ɑŋ／kʰ aŋ／kʰ ɑŋ／kʰ aŋ／kh angh
上古音：「父」p i̯wo／p ǐwa／- -／p jwaɣ／- -
上古音：「父」bʰ i̯wo／b ǐwa／bʰ juaɡ／b jwaɣ／b jagx","アイヌ語：亢父＝「ク・アゥ・ウン・ピル・アク(ku-aw-un-pir-ak)」＝「矢（先のように鋭い）・角、枝分かれ・にある・傷の（ように切り刻まれた）・弟（のように小さいもの）」
※アイヌ語「ク＝弓」。中国大陸、朝鮮半島では「ク＝矢」の可能性。サハリン、シベリアのニヴフ（ギリヤーク）語も「ク＝矢」。","jomon2_bnum11.html"
"兗州","東平郡・東平国","寿張県","後漢","山東省済寧市","微山湖北岸の平地、微高地、自然堤防","上古音：「壽」ȡ -／ʑ ǐu／ʑ jŏɡ／d jəw／d jəgwh
上古音：「張」t i̯aŋ／t ǐaŋ／t jaŋ／t iaŋ／t rjang","アイヌ語：寿張＝「テュ・アク・テュ・アゥ・ウン(tu-ak-tu-aw-un)」＝「峰の・弟（のように小さいもの）・峰の・角、枝分かれ・にある（ところ）」","jomon2_bnum11.html"
"兗州","東平郡・東平国","須昌県","後漢","山東省済寧市梁山県","東平湖西岸の平地。","上古音：「須」s i̯u／s ǐwɔ／s juɡ／s jew／s jug
上古音：「昌」ȶʰ i̯aŋ／ȶʰ ǐaŋ／ȶʰ jaŋ／tʰ jaŋ／th jang","アイヌ語：須昌＝「シル・ク・テュ・アゥ・ウン(sir-ku-tu-aw-un)」＝「山の・矢の（ように鋭い）・峰の・角、枝分かれ・にある（ところ）」
※アイヌ語「ク＝弓」。中国大陸、朝鮮半島では「ク＝矢」の可能性。サハリン、シベリアのニヴフ（ギリヤーク）語も「ク＝矢」。","jomon2_bnum11.html"
"兗州","東平郡・東平国","寧陽県","前漢","山東省泰安市寧陽県","","上古音：「寧」n ieŋ／n ieŋ／n ieŋ／- -／n ing
上古音：「陽」d i̯aŋ／ʎ ǐaŋ／d jaŋ／r iaŋ／r ang","アイヌ語：寧陽
＝「ニ・エ・エン・テュ・アゥ・ウン(ni-e-en-tu-aw-un)」＝「棒（のように細長い峰）が・そこで・突き出ている・峰の・角、枝分かれ・にある（ところ）」
or「ニ・エ・エン・リ・アゥ・ウン(ni-e-en-ri-aw-un)」＝「棒（のように細長い峰）が・そこで・突き出ている・高い・角、枝分かれ・にある（ところ）」","jomon2_bnum11.html"
"兗州","泰山郡","富陽県","前漢","山東省泰安市東平県","大汶河が東平湖に注ぐ河口","上古音：「富」p i̯ŭɡ／p ǐwə／p juə̆ɡ／p jwəɣ／p jəgh
上古音：「陽」d i̯aŋ／ʎ ǐaŋ／d jaŋ／r iaŋ／r ang","アイヌ語：富陽
＝「ピル・アク・テュ・アゥ・ウン(pir-ak-tu-aw-un)」＝「傷の（ように切り刻まれた）・弟の（ように小さい）・峰の・角、枝分かれ・にある（ところ）」
or「ピル・アク・リ・アゥ・ウン(pir-ak-ri-aw-un)」＝「傷の（ように切り刻まれた）・弟の（ように小さい）・高い・角、枝分かれ・にある（ところ）」","jomon2_bnum11.html"
"兗州","東平郡","富城県","前漢","山東省泰安市肥城市","東平湖東方、泰沂山脈のふもと","上古音：「富」p i̯ŭɡ／p ǐwə／p juə̆ɡ／p jwəɣ／p jəgh
上古音：「城」ȡ i̯ĕŋ／ʑ ǐeŋ／ʑ jeŋ／d jieŋ／d jing","アイヌ語：富城＝「ピル・アク・テュ・エ・エン(pir-ak-tu-e-en)」＝「傷の（ように切り刻まれた）・弟の（ように小さい）・峰が・そこで・突き出ている（ところ）」","jomon2_bnum11.html"
"兗州","泰山郡","奉高県","前漢","山東省泰安市岱岳区","","上古音：「奉」bʰ  i̯uŋ, pʰ i̯uŋ／b ǐwɔŋ／bʰ juŋ／b jewŋ／b jungx
上古音：「高」k oɡ／k au／k ɔ̂ɡ／k aw／k agw","アイヌ語：奉高＝「ピル・ウン・ク・アク(pir-un-ku-ak)」＝「傷（のように切り刻まれた）・にある・矢の（ように鋭い）・弟（のように小さいもの）or射る（ようなところ）」
※アイヌ語「ク＝弓」。中国大陸、朝鮮半島では「ク＝矢」の可能性。サハリン、シベリアのニヴフ（ギリヤーク）語も「ク＝矢」。","jomon2_bnum11.html"
"兗州","泰山郡","東平陽県","前漢","山東省泰安市新泰市","","上古音：「東」t uŋ／t ɔŋ／t ûŋ／t ewŋ／t ung
上古音：「平」bʰ i̯ĕŋ／b ǐeŋ／bʰ jĕŋ／b ieŋ／b jing
上古音：「陽」d i̯aŋ／ʎ ǐaŋ／d jaŋ／r iaŋ／r ang","アイヌ語：（東）平陽
＝「テュ・ウン・ピル・ウン・テュ・アゥ・ウン(tu-un-pir-un-tu-aw-un)」＝「峰・にある・傷（のように切り刻まれたもの）・にある・峰の・角、枝分かれ・にある（ところ）」
or「テュ・ウン・ピル・ウン・リ・アゥ・ウン(tu-un-pir-un-ri-aw-un)」＝「峰・にある・傷（のように切り刻まれたもの）・にある・高い・角、枝分かれ・にある（ところ）」
or「テュン・ピル・ウン・テュ・アゥ・ウン(tun-pir-un-tu-aw-un)」＝「間の・傷（のように切り刻まれたもの）・にある・峰の・角、枝分かれ・にある（ところ）」
or「テュン・ピル・ウン・リ・アゥ・ウン(tun-pir-un-ri-aw-un)」＝「間の・傷（のように切り刻まれたもの）・にある・高い・角、枝分かれ・にある（ところ）」","jomon2_bnum11.html"
"兗州","泰山郡","博県","前漢","山東省泰安市泰山区","","上古音：「博」p ɑk／p uak／p uɑk／p wak／p ak","アイヌ語：博
＝「プ・アク(pu-ak)」＝「倉の（屋根のような三角山の）・弟（のように小さいもの）」
or「パケ(pake)」＝「岬」","jomon2_bnum11.html"
"兗州","泰山郡","山茌県","前漢","山東省済南市長清区","","上古音：「山」s ăn／ʃ ean／-／s rian／s rian
上古音：「茬」- -／- -／ts əɡ／ts iəɣ／ts rjəg
上古音：「茬」- -／- -／dzʰ əɡ／dz iəɣ／dz rjəg","アイヌ語：山茌＝「シル・アゥ・ウン・テュ・アク(sir-aw-un-tu-ak)」＝「山の・角、枝分かれ・にある・峰の・弟（のように小さいもの）」","jomon2_bnum11.html"
"兗州","泰山郡","柴県","前漢","山東省泰安市岱岳区","","上古音：「柴」dzʰ ăr／dʒ e／dzʰ eɡ／dz re／dz rig","アイヌ語：柴＝「テュ・アク(tu-ak)」＝「峰の・弟（のように小さいもの）」","jomon2_bnum11.html"
"兗州","泰山郡","蓋県","前漢","山東省淄博市沂源県","穿入蛇行の川","上古音：「蓋」k ɑb／k at／k ɑd, k  ɑb／k ar／k abh
上古音：「蓋」ɡʰ ɑp／ɣ ap／- -／ɡ ap／- -","アイヌ語：蓋
＝「キル・アプ(kir-ap)」＝「山脚の・釣り針（のように曲がったもの）」
or「ク・アプ(ku-ap)」＝「矢の（ように鋭い峰の）・釣り針（のように曲がったもの）」
※アイヌ語「ク＝弓」。中国大陸、朝鮮半島では「ク＝矢」の可能性。サハリン、シベリアのニヴフ（ギリヤーク）語も「ク＝矢」。","jomon2_bnum11.html"
"兗州","泰山郡","梁父県","前漢","山東省泰安市岱岳区","","上古音：「梁」l i̯aŋ／l ǐaŋ／l jaŋ／l iaŋ／l jang
上古音：「父」p i̯wo／p ǐwa／- -／p jwaɣ／- -
上古音：「父」bʰ i̯wo／b ǐwa／bʰ juaɡ／b jwaɣ／b jagx","アイヌ語：梁父＝「リ・アゥ・ウン・ピル・アク(ri-aw-un-pir-ak)」＝「高い・角、枝分かれ・にある・傷の（ように切り刻まれた）・弟の（ように小さいもの）」","jomon2_bnum11.html"
"兗州","泰山郡","南武陽県","前漢","山東省臨沂市平邑県","","上古音：「南」n əm／n əm／n ə̂m／n əm／n əm
上古音：「武」m i̯wo／m ǐwa／m juaɡ／m jwaɣ／m jagx
上古音：「陽」d i̯aŋ／ʎ ǐaŋ／d jaŋ／r iaŋ／r ang","アイヌ語：南武陽
＝「ニ・アム・ムィ・アク・テュ・アゥ・ウン(ni-am-muy-ak-tu-aw-un)」＝「棒の（ように細長い）・爪の（ように平べったく鋭い）・頂の・弟の（ように小さい）・峰の・角、枝分かれ・にある（ところ）」
or「ニ・アム・ムィ・アク・リ・アゥ・ウン(ni-am-muy-ak-ri-aw-un)」＝「棒の（ように細長い）・爪の（ように平べったく鋭い）・頂の・弟の（ように小さい）・高い・角、枝分かれ・にある（ところ）」","jomon2_bnum11.html"
"兗州","泰山郡","萊蕪県","前漢","山東省淄博市淄川区","","上古音：「萊」l əɡ／l ə／l ə̂ɡ／l əɣ／l əgh
上古音：「蕪」m i̯wo／m ǐwa／m juaɡ／m jwaɣ／m jag","アイヌ語：萊蕪＝「ル・アク・ムィ・アク(ru-ak-muy-ak)」＝「消えかかった・弟（のように小さいもの）・頂の・弟（のように小さいもの）」","jomon2_bnum11.html"
"兗州","泰山郡","鉅平県","前漢","山東省泰安市岱岳区","","上古音：「鉅」ɡʰ i̯o／- -／ɡʰ jaɡ／ɡ jaɣ／g jagx
上古音：「平」bʰ i̯ĕŋ／b ǐeŋ／bʰ jĕŋ／b ieŋ／b jing","アイヌ語：鉅平＝「キル・アク・ピル・エ・エン(kir-ak-pir-e-en)」＝「山脚の・弟の（ように小さいもの）・傷（のように切り刻まれたもの）が・そこで・突き出ている（ところ）」","jomon2_bnum11.html"
"兗州","泰山郡","嬴県","前漢","山東省済南市萊蕪区","","上古音：「嬴」d i̯ĕŋ／ʎ ǐeŋ／d jeŋ／r ieŋ／r ing","アイヌ語：嬴
＝「テュ・エ・エン(tu-e-en)」＝「峰が・そこで・突き出ている（ところ）」
or「リ・エン(ri-en)」＝「高く・突き出ている（ところ）」","jomon2_bnum11.html"
"兗州","泰山郡","牟県","前漢","山東省済南市鋼城区","","上古音：「牟」m／m ǐu／m jŏɡ／m jəw／m jəgw","アイヌ語：牟＝「ムィ・アク(muy-ak)」＝「頂の・弟の（ように小さいもの）」","jomon2_bnum11.html"
"兗州","泰山郡","蒙陰県","前漢","山東省臨沂市蒙陰県","","上古音：「蒙」m uŋ／m ɔŋ／m ûŋ／m ewŋ／m ung
上古音：「陰」ʔ i̯əm／0 ǐəm／ʔ jəm／ʔ iəm／· jəm","アイヌ語：蒙陰＝「ムク・イ・アム(muk-i-am)」＝「ふさがっている・その・爪（のように平べったく鋭い峰）」","jomon2_bnum11.html"
"兗州","泰山郡","費県","前漢","山東省臨沂市費県","奇岩が折り重なるカルスト地形、中華奇石城（google画像検索）","上古音：「費」pʰ i̯wəd／pʰ ǐwəi／p juəd／- -／p jiədh
上古音：「費」- -／b ǐwəi／bʰ juə̆d／b jwər／b jədh","アイヌ語：費
＝「ピ・ウ・アッ(pi-u-at)」＝「石が・互いに重なるように・たくさんある（ところ）」","jomon2_bnum11.html"
"兗州","泰山郡","寧陽県","","","","","※東平郡・東平国で既出","jomon2_bnum11.html"
"兗州","泰山郡","乗丘県","前漢","山東省済寧市兗州区","","上古音：「乘」- i̯əŋ／ȡ ǐəŋ／ȡʰ jəŋ／zd jiəŋ／d jəngh
上古音：「丘」kʰ i̯ŭɡ／kʰ ǐwə／kʰ juə̆ɡ／kʰ jwəɣ／kh jəg","アイヌ語：乗丘＝「チゥ・アゥ・ウン・キル・アク(ciw-aw-un-kir-ak)」＝「水流、水脈の・角、枝分かれ・にある・山脚の・弟（のように小さいもの）」","jomon2_bnum11.html"
"兗州","泰山郡","桃山県","前漢","山東省泰安市寧陽県","","上古音：「桃」dʰ oɡ／d au／dʰ ɔ̂ɡ／d aw／d agw
上古音：「山」s ăn／ʃ ean／-／s rian／s rian","アイヌ語：桃山＝「テュ・アク・シル・アゥ・ウン(tu-ak-sir-aw-un)」＝「峰の・弟の（ように小さい）・山の・角、枝分かれ・にある（ところ）」","jomon2_bnum11.html"
"兗州","泰山郡","式県","前漢","山東省省済寧市汶上県","","上古音：「式」ɕ i̯ək／ɕ ǐək／ɕ jək／stʰ jiək／sth jək","アイヌ語：式＝「シル・アク(sir-ak)」＝「山の・弟（のように小さいもの）」","jomon2_bnum11.html"
"兗州","済北国","盧県","前漢","山東省済南市長清区","","上古音：「盧」l o／l a／l ɑɡ／l aɣ／l ag","アイヌ語：盧
＝「ル・アク(ru-ak)」＝「消えかかった・弟（のように小さいもの）」
or「ラケ(rake)」＝「低地」","jomon2_bnum11.html"
"兗州","済北国","蛇丘県","前漢","山東省泰安市岱岳区","","上古音：「蛇」d ia／ʎ ǐai／d ja／r ia／r ar
上古音：「蛇」- -／- -／tʰ ɑ／tʰ a／th ar
上古音：「蛇」ʰ ia／ȡ iai／- -／- -／d jar
上古音：「丘」kʰ i̯ŭɡ／kʰ ǐwə／kʰ juə̆ɡ／kʰ jwəɣ／kh jəg","アイヌ語：蛇丘＝「テュ・アゥ・キル・アク(tu-aw-kir-ak)」＝「峰の・角、枝分かれの・山脚の・弟（のように小さいもの）」","jomon2_bnum11.html"
"兗州","済北国","肥成県","前漢","山東省泰安市肥城市","東平湖東方、泰沂山脈のふもと","上古音：「肥」bʰ i̯wər／b ǐwəi／bʰ juə̆d／b jiwər／b jəd
上古音：「成」ȡ i̯ĕŋ／ʑ ǐeŋ／ʑ jeŋ／d jieŋ／d jing","アイヌ語：肥成＝「ピル・テュ・エ・エン(pir-tu-e-en)」＝「傷の（ように切り刻まれた）・峰が・そこで・突き出ている（ところ）」","jomon2_bnum11.html"
"兗州","済北国","茌平県","","","","","※（東郡）茌平県と同じ","jomon2_bnum11.html"
"兗州","済北国","剛県","前漢","山東省泰安市寧陽県","","上古音：「剛」k ɑŋ／k aŋ／k ɑŋ／k aŋ／k ang","アイヌ語：剛＝「ク・アゥ・ウン(ku-aw-un)」＝「矢の（ように鋭い）・角、枝分かれ・にある（ところ）」
※アイヌ語「ク＝弓」。中国大陸、朝鮮半島では「ク＝矢」の可能性。サハリン、シベリアのニヴフ（ギリヤーク）語も「ク＝矢」。","jomon2_bnum11.html"
"兗州","山陽郡","昌邑県","前漢","山東省菏沢市巨野県","黄河の分流、微高地、自然堤防","上古音：「昌」ȶʰ i̯aŋ／ȶʰ ǐaŋ／ȶʰ jaŋ／tʰ jaŋ／th jang
上古音：「邑」ʔ i̯əp／0 ǐəp／ʔ jəp／ʔ iəp／· jəp","アイヌ語：昌邑
＝「チゥ・アゥ・ウン・イ・アプ(ciw-aw-un-i-ap)」＝「水流、水脈の・角、枝分かれ・にある・その・釣り針（のように曲がったもの）」
or「テュ・アゥ・ウン・イ・アプ(tu-aw-un-i-ap)」＝「峰の・角、枝分かれ・にある・その・釣り針（のように曲がったもの）」","jomon2_bnum11.html"
"兗州","山陽郡","南平陽県","前漢","山東省済寧市鄒城市","","上古音：「南」n əm／n əm／n ə̂m／n əm／n əm
上古音：「平」bʰ i̯ĕŋ／b ǐeŋ／bʰ jĕŋ／b ieŋ／b jing
上古音：「陽」d i̯aŋ／ʎ ǐaŋ／d jaŋ／r iaŋ／r ang","アイヌ語：平陽
＝「ニ・アム・ピル・エ・エン・テュ・アゥ・ウン(ni-am-pir-e-en-tu-aw-un)」＝「棒の・爪の（ように平べったく鋭い）・傷（のように切り刻まれたもの）が・そこで・突き出ている・峰の・角、枝分かれ・にある（ところ）」
or「ニ・アム・ピル・エ・エン・リ・アゥ・ウン(ni-am-pir-e-en-ri-aw-un)」＝「棒の・爪の（ように平べったく鋭い）・傷（のように切り刻まれたもの）が・そこで・突き出ている・高い・角、枝分かれ・にある（ところ）」","jomon2_bnum11.html"
"兗州","山陽郡","湖陵県","前漢","山東省済寧市微山県","微山湖（南四湖）の湖畔","上古音：「湖」ɡʰ o／ɣ a／ɣ ɑɡ／ɡ aɣ／g ag
上古音：「陵」l i̯əŋ／l ǐəŋ／l jəŋ／l iəŋ／l jəng","アイヌ語：湖陵＝「キル・アク・リ・アゥ・ウン(kir-ak-ri-aw-un)」＝「山脚の・弟の（ように小さい）・高い・角、枝分かれ・にある（ところ）」","jomon2_bnum11.html"
"兗州","山陽郡","方与県","前漢","山東省済寧市魚台県","微山湖（南四湖）の西岸","上古音：「方」- -／- -／bʰ juaŋ／b jwaŋ／b jang
上古音：「方」p i̯waŋ／p ǐwaŋ／p juaŋ／p jwaŋ／p jang
上古音：「与」- -／ʎ ǐa／d jaɡ／r iaɣ／r agx","アイヌ語：方与
＝「ピル・アゥ・ウン・テュ・アク(pir-aw-un-tu-ak)」＝「傷の（ように切り刻まれた）・角、枝分かれ・にある・峰の・弟（のように小さいもの）」
or「ピル・アゥ・ウン・リ・アク(pir-aw-un-ri-ak)」＝「傷の（ように切り刻まれた）・角、枝分かれ・にある・高い・弟（のように小さいもの）」","jomon2_bnum11.html"
"兗州","山陽郡","東緡県","前漢","山東省済寧市金郷県","微山湖（南四湖）の西方、菏澤周辺、枝分かれの川にある丘陵","上古音：「東」t uŋ／t ɔŋ／t ûŋ／t ewŋ／t ung
上古音：「緡」m i̯ən／m ǐen／m juən／m iwən／m jiən","アイヌ語：東緡
＝「テュン・ムィ・アゥ・ウン(tun-muy-aw-un)」＝「間の・頂の・角、枝分かれ・にある（ところ）」","jomon2_bnum11.html"
"兗州","山陽郡","爰戚県","前漢","山東省済寧市嘉祥県","微山湖北西の山裾、小丘陵","上古音：「爰」ɡ i̯wăn／ɣ ǐwan／ɣ juăn／ɣ jwan／gw jan
上古音：「戚」tsʰ -／tsʰ iuk／tsʰ iok／tsʰ eəwk／sth iəkw","アイヌ語：爰戚＝「キル・アゥ・ウン・テュ・アク(kir-aw-un-tu-ak)」＝「山脚の・角、枝分かれ・にある・峰の・弟（のように小さいもの）」","jomon2_bnum11.html"
"兗州","山陽郡","瑕丘県","前漢","山東省済寧市兗州区","微山湖北の小丘陵群、残丘","上古音：「瑕」ɡʰ ɔ／ɣ ea／ɣ ăɡ／ɡ raɣ／g rag
上古音：「丘」kʰ i̯ŭɡ／kʰ ǐwə／kʰ juə̆ɡ／kʰ jwəɣ／kh jəg","アイヌ語：瑕丘＝「キル・アク・キル・アク(kir-ak-kir-ak)」＝「山脚の・弟（のように小さいもの）・山脚の・弟（のように小さいもの）」※たくさんの小さな峰。","jomon2_bnum11.html"
"兗州","山陽郡","鉅野県","前漢","山東省菏沢市巨野県","微山湖西方の山裾の大湿沼「大野沢」の岸辺の微高地、自然堤防","上古音：「鉅」ɡʰ i̯o／- -／ɡʰ jaɡ／ɡ jaɣ／g jagx
上古音：「野」d i̯ɔ／ʎ ia／d jăɡ／r aɣ／r iagx","アイヌ語：鉅野＝「キル・アク・テュ・アク(kir-ak-tu-ak)」＝「山脚の・弟（のように小さいもの）・峰の・弟（のように小さいもの）」","jomon2_bnum11.html"
"兗州","山陽郡","単父県","前漢","山東省菏沢市単県","微山湖西方、黄河故道の微高地、自然堤防","上古音：「単」t ɑn／t an／t ɑn／t an／t an
上古音：「単」- -／ʑ ǐan／ʑ jæn／d jian／d janh
上古音：「父」p i̯wo／p ǐwa／- -／p jwaɣ／- -
上古音：「父」bʰ i̯wo／b ǐwa／bʰ juaɡ／b jwaɣ／b jagx","アイヌ語：単父＝「テュ・アゥ・ウン・ピル・アク(tu-aw-un-pir-ak)」＝「峰の・角、枝分かれ・にある・傷の（ように切り刻まれた）・弟（のように小さいもの）」","jomon2_bnum11.html"
"兗州","山陽郡","成武県","前漢","山東省菏沢市成武県","微山湖西方、黄河故道の微高地、自然堤防","上古音：「成」ȡ i̯ĕŋ／ʑ ǐeŋ／ʑ jeŋ／d jieŋ／d jing
上古音：「武」m i̯wo／m ǐwa／m juaɡ／m jwaɣ／m jagx","アイヌ語：成武＝「テュ・エ・エン・ムィ・アク(tu-e-en-muy-ak)」＝「峰が・そこで・突き出ている・頂の・弟（のように小さいもの）」","jomon2_bnum11.html"
"兗州","山陽郡","都関県","前漢","山東省菏沢市鄄城県","古黄河南岸、大野澤の微高地、自然堤防","上古音：「都」t o／t a／t ɑɡ／t aɣ／t ag
上古音：「關」k wan／k oan／k uan／k rwan／kw ran","アイヌ語：都関
＝「テュ・アク・ク・アゥ・ウン(tu-ak-ku-aw-un)」＝「峰の・弟（のように小さいもの）・矢の（ように鋭い）・角、枝分かれ・にある（ところ）」
※アイヌ語「ク＝弓」。中国大陸、朝鮮半島では「ク＝矢」の可能性。サハリン、シベリアのニヴフ（ギリヤーク）語も「ク＝矢」。","jomon2_bnum11.html"
"兗州","山陽郡","薄県","前漢","河南省商丘市梁園区","微山湖西方の平原の微高地、自然堤防","上古音：「薄」bʰ ɑk／b uak／bʰ uɑk／b wak／b ak","アイヌ語：薄
＝「プ・アク・ク・アゥ・ウン(pu-ak-ku-aw-un)」＝「倉の（屋根のような三角山の）・弟（のように小さいもの）」","jomon2_bnum11.html"
"兗州","済陰郡","定陶県","前漢","山東省菏沢市定陶区","微山湖西方の平原、雷夏澤の南岸の微高地、自然堤防","上古音：「定」dʰ ieŋ／d ieŋ／dʰ ieŋ／d eŋ／d ingh
上古音：「定」t ieŋ／- -／- -／t eŋ／- -
上古音：「陶」d -／ʎ ǐu／- -／- -／r iaw
上古音：「陶」dʰ -／d u／dʰ ôɡ／d əw／d əgw","アイヌ語：定陶＝「テュ・エ・エン・テュ・アク(tu-e-en-tu-ak)」＝「峰が・そこで・突き出ている・峰の・弟（のように小さいもの）」","jomon2_bnum11.html"
"兗州","済陰郡","冤句県","前漢","山東省菏沢市牡丹区","微山湖西方の平原、大野澤周辺の微高地、自然堤防","上古音：「冤」ʔ i̯wăn／0 ǐwan／ʔ juăn／ʔ jwan／·w jan
上古音：「句」k u／k ɔ／k ûɡ／k ew／k ugh","アイヌ語：冤句＝「イ・アゥ・ウン・ク・ク(i-aw-un-ku-ku)」＝「その・角、枝分かれ・にある・矢（のように鋭い峰）・矢」
※たくさんの矢のように鋭い峰の枝分かれ。
※アイヌ語「ク＝弓」。中国大陸、朝鮮半島では「ク＝矢」の可能性。サハリン、シベリアのニヴフ（ギリヤーク）語も「ク＝矢」。","jomon2_bnum11.html"
"兗州","済陰郡","呂都県","前漢","山東省菏沢市牡丹区","微山湖西方の平原、大野澤周辺の微高地、自然堤防","上古音：「呂」ɡl i̯o／l ǐa／l jaɡ／l iaɣ／gl jagx
上古音：「都」t o／t a／t ɑɡ／t aɣ／t ag","アイヌ語：呂都＝「リ・アク・テュ・アク(ri-ak-tu-ak)」＝「高い・弟（のように小さいもの）・峰の・弟」","jomon2_bnum11.html"
"兗州","済陰郡","葭密県","前漢","山東省菏沢市牡丹区","微山湖西方の平原、大野澤周辺の微高地、自然堤防","上古音：「葭」k ɔ／k ea／k ăɡ／k raɣ／k rag
上古音：「密」m i̯ĕt／m ǐet／m juət／m iet, m iwət／m jit","アイヌ語：葭密＝「ク・アク・ムィ・アッ(ku-ak-muy-at)」＝「矢の（ように鋭い）・弟の（ように小さい）or射る・頂が・たくさんある（ところ）」
※アイヌ語「ク＝弓」。中国大陸、朝鮮半島では「ク＝矢」の可能性。サハリン、シベリアのニヴフ（ギリヤーク）語も「ク＝矢」。","jomon2_bnum11.html"
"兗州","済陰郡","成陽県","前漢","山東省菏沢市牡丹区","微山湖西方の平原、大野澤周辺の微高地、自然堤防","上古音：「成」ȡ i̯ĕŋ／ʑ ǐeŋ／ʑ jeŋ／d jieŋ／d jing
上古音：「陽」d i̯aŋ／ʎ ǐaŋ／d jaŋ／r iaŋ／r ang","アイヌ語：成陽
＝「テュ・エ・エン・テュ・アゥ・ウン(tu-e-en-tu-aw-un)」＝「峰が・そこで・突き出ている・峰の・角、枝分かれ・にある（ところ）」
or「テュ・エ・エン・リ・アゥ・ウン(tu-e-en-ri-aw-un)」＝「峰が・そこで・突き出ている・高い・角、枝分かれ・にある（ところ）」","jomon2_bnum11.html"
"兗州","済陰郡","鄄城県","前漢","山東省菏沢市鄄城県","古黄河南岸、大野澤の微高地、自然堤防","上古音：「鄄」- -／- -／k jæn／k jian／kw jianh
上古音：「城」ȡ i̯ĕŋ／ʑ ǐeŋ／ʑ jeŋ／d jieŋ／d jing","アイヌ語：鄄城
＝「キル・アゥ・ウン・テュ・エ・エン(kir-aw-un-tu-e-en)」＝「山脚の・角、枝分かれ・にある・峰が・そこで・突き出ている（ところ）」","jomon2_bnum11.html"
"兗州","済陰郡","句陽県","前漢","山東省菏沢市牡丹区","微山湖西方の平原、大野澤周辺の微高地、自然堤防","上古音：「句」k u／k ɔ／k ûɡ／k ew／k ugh
上古音：「陽」d i̯aŋ／ʎ ǐaŋ／d jaŋ／r iaŋ／r ang","アイヌ語：句陽＝「ク・ク・テュ・アゥ・ウン(ku-ku-tu-aw-un)」＝「矢（のように鋭い）・矢の・峰の・角、枝分かれ・にある（ところ）」※たくさんの矢のように鋭い峰の枝分かれ。
※アイヌ語「ク＝弓」。中国大陸、朝鮮半島では「ク＝矢」の可能性。サハリン、シベリアのニヴフ（ギリヤーク）語も「ク＝矢」。","jomon2_bnum11.html"
"兗州","済陰郡","秺県","前漢","山東省菏沢市成武県","微山湖西方、黄河故道の微高地、自然堤防","上古音：「秅」dʰ ăɡ／- -／dʰ ăɡ／d raɣ／d rag
上古音：「秅」t ɑɡ／- -／- -／t aɣ／- -","アイヌ語：秺＝「テュ・アク(tu-ak)」＝「峰の・弟の（ように小さいもの）」","jomon2_bnum11.html"
"兗州","済陰郡","乗氏県","前漢","山東省菏沢市巨野県","微山湖西方の山裾の大湿沼「大野沢」の岸辺の微高地、自然堤防","上古音：「乘」- i̯əŋ／ȡ ǐəŋ／ȡʰ jəŋ／zd jiəŋ／d jəngh
上古音：「氏」ȡ i̯ĕɡ／ȶ ǐe／j jeɡ／d jieɣ／g rjigx","アイヌ語：乗氏＝「テュ・エ・エン・テュ・イク(tu-e-en-tu-ik)」＝「峰が・そこで・突き出ている・峰の・関節（のように曲がったもの）」","jomon2_bnum11.html"
"冀州","魏郡","鄴県","前漢","河南省安陽市安陽県","太行山脈の山裾。","上古音：「鄴」- -／ŋ ǐap／ŋ jăp／ŋ jap／ng jap","アイヌ語：鄴＝「キル・アプ(kir-ap)」＝「山脚の・釣り針（のように曲がったもの）」","jomon2_bnum11.html"
"冀州","魏郡","館陶県","前漢","河北省邯鄲市館陶県","太行山脈東方、華北平野の平原、陶丘、微高地","上古音：「館」k wɑn／k uan／k uɑn／k wan／kw anh
上古音：「陶」d -／ʎ ǐu／- -／- -／r iaw
上古音：「陶」dʰ -／d u／dʰ ôɡ／d əw／d əgw","アイヌ語：館陶＝「ｸ(ku)・アゥ・ウン・テュ・アク(aw-un-tu-ak)」＝「矢の（ように鋭い）・角、枝分かれ・にある・峰の・弟の（ように小さいもの）」
※アイヌ語「ク＝弓」。中国大陸、朝鮮半島では「ク＝矢」の可能性。サハリン、シベリアのニヴフ（ギリヤーク）語も「ク＝矢」。","jomon2_bnum11.html"
"冀州","魏郡","斥丘県","前漢","河北省邯鄲市成安県","太行山脈東方、華北平原、微高地、自然堤防","上古音：「斥」ȶʰ i̯ăk／ȶʰ iak／ȶʰ jăɡ／tʰ jiak／th jiagh
上古音：「丘」kʰ i̯ŭɡ／kʰ ǐwə／kʰ juə̆ɡ／kʰ jwəɣ／kh jəg","アイヌ語：斥丘＝「テュ・アク・キル・アク(tu-ak-kir-ak)」＝「峰の・弟の（ように小さいもの）・山脚の・弟の（ように小さいもの）」","jomon2_bnum11.html"
"冀州","魏郡","沙県","前漢","河北省邯鄲市渉県","太行山脈の山塊、谷。","上古音：「沙」s a／ʃ eai／s a／s ra／s rar","アイヌ語：沙＝「シル・アゥ(sir-aw)」＝「山の・角、枝分かれ」","jomon2_bnum11.html"
"冀州","魏郡","内黄県","前漢","河南省安陽市内黄県","華北平原の微高地、自然堤防","上古音：「内」n wəd／n uəi／n uə̂b, n uə̂d／n wər／n əbh
上古音：「黄」ɡʰ wɑŋ／ɣ uaŋ／ɣ uɑŋ／ɡ waŋ／gw ang","アイヌ語：内黄＝「ニ・アッ・キル・アゥ・ウン(ni-at-kir-aw-un)」＝「棒（のような細長い峰）が・たくさんある・山脚の・角、枝分かれ」","jomon2_bnum11.html"
"冀州","魏郡","清淵県","前漢","山東省聊城市冠県北東部","当時の黄河沿岸、華北平原の微高地、自然堤防","上古音：「清」tsʰ i̯ĕŋ／tsʰ ǐeŋ／tsʰ jeŋ／tsʰ jieŋ／tsh jing
上古音：「淵」ʔ iwen／0 iwen／ʔ iuen／ʔ wen／·w in","アイヌ語：清淵＝「テュ・エ・エン・イ・ウ・エン(tu-e-en-i-u-en)」＝「峰が・そこで・突き出ている・それが・互いに重なるように・突き出ている」","jomon2_bnum11.html"
"冀州","魏郡","魏県","前漢","河北省邯鄲市魏県","当時の黄河沿岸、華北平原の微高地、自然堤防","上古音：「魏」ŋ wər／ŋ ǐwəi／- -／ŋ jwər／- -","アイヌ語：魏＝「キル・アゥ・ウル(kir-aw-ur)」＝「山脚の・角、枝分かれの・丘」","jomon2_bnum11.html"
"冀州","魏郡","繁陽県","前漢","河南省安陽市内黄県","当時の黄河沿岸、華北平原の微高地、自然堤防","上古音：「繁」bʰ wɑn／b ǐwan／ bʰ juăn／b wan／b jan
上古音：「陽」d i̯aŋ／ʎ ǐaŋ／d jaŋ／r iaŋ／r ang","アイヌ語：繁陽＝「ピル・アゥ・ウン・テュ・アゥ・ウン(pir-aw-un-tu-aw-un)」＝「傷の（ように切り刻まれた）・角、枝分かれ・にある（ところ）・峰の・角、枝分かれ・にある（ところ）」","jomon2_bnum11.html"
"冀州","魏郡","元城県","前漢","河北省邯鄲市大名県北東部","当時の黄河沿岸、華北平原の微高地、自然堤防","上古音：「元」ŋ i̯wăn／ŋ ǐwan／ŋ juăn／ŋ jwan／ngw jan
上古音：「城」ȡ i̯ĕŋ／ʑ ǐeŋ／ʑ jeŋ／d jieŋ／d jing","アイヌ語：元城＝「キル・アゥ・ウン・テュ・エ・エン(kir-aw-un-tu-e-en)」＝「山脚の・角、枝分かれ・にある・峰が・そこで・突き出ている（ところ）」","jomon2_bnum11.html"
"冀州","魏郡","梁期県","前漢","河北省邯鄲市磁県北東部","太行山脈の山裾","上古音：「梁」l i̯aŋ／l ǐaŋ／l jaŋ／l iaŋ／l jang
上古音：「期」ɡʰ i̯əɡ／g ǐə／ɡʰ jəɡ／ɡ iəɣ／g jəg","アイヌ語：梁期＝「リ・アゥ・ウン・キル・アク(ri-aw-un-kir-ak)」＝「高い・角、枝分かれ・にある・山脚の・弟（のように小さいもの）」","jomon2_bnum11.html"
"冀州","魏郡","黎陽県","前漢","河南省鶴壁市浚県","太行山脈の山裾、黄河北岸","上古音：「黎」l iər／l iei／l ied／l er／l id
上古音：「陽」d i̯aŋ／ʎ ǐaŋ／d jaŋ／r iaŋ／r ang","アイヌ語：黎陽＝「リ・エン・テュ・アゥ・ウン(ri-en-tu-aw-un)」＝「高く・突き出ている・峰の・角、枝分かれ・にある（ところ）」
※「平野部に突出する大伾山と浮丘山が城壁内部にあり市街地を挟んでいる。「十里城池半入山」と呼ばれ、丘と街並みが織りなす風景は豫北地方の景勝の一つとされる。」（wikipedia）","jomon2_bnum11.html"
"冀州","魏郡","即裴県","前漢","河北省邯鄲市肥郷区","太行山脈の山裾、漳河の網の目の支流の微高地、自然堤防","上古音：「即」ts i̯ək／ts ǐet／ts jet／- -／ts jit
上古音：「裴」- -／b uəi／bʰ uə̂d／b wər／b əd","アイヌ語：即裴＝「テュ・アッ・ピル・アッ(tu-at-pir-at)」＝「峰が・たくさんある・傷（のように切り刻まれた）が・たくさんある（ところ）」","jomon2_bnum11.html"
"冀州","魏郡","武始県","前漢","河北省邯鄲市南西部","太行山脈の山裾の小さな峰","上古音：「武」m i̯wo／m ǐwa／m juaɡ／m jwaɣ／m jagx
上古音：「始」ɕ i̯əɡ／ɕ ǐə／ɕ jəɡ／stʰ jiəɣ／sth jəgx","アイヌ語：武始＝「ムィ・アク・シル・アク(muy-ak-sir-ak)」＝「頂の・弟（のように小さいもの）・山の・弟」","jomon2_bnum11.html"
"冀州","魏郡","邯会県","前漢","河北省邯鄲市肥郷区","太行山脈の山裾、漳河の網の目の支流の微高地、自然堤防","上古音：「邯」- -／ɣ am／- -／- -／- -
上古音：「會」ɡʰ wɑd／ɣ uat／ɣ uɑd／ɡ war／gw adh
上古音：「會」k wɑd／k uat／k uɑd／k war／kw adh","アイヌ語：邯会
＝「キル・アム・ク・アッ(kir-am-ku-at)」＝「山脚の・爪（のように平べったく鋭い）・矢（の先のような鋭い峰）が・たくさんある（ところ）」
※アイヌ語「ク＝弓」。中国大陸、朝鮮半島では「ク＝矢」の可能性。サハリン、シベリアのニヴフ（ギリヤーク）語も「ク＝矢」。","jomon2_bnum11.html"
"冀州","魏郡","陰安県","前漢","河南省濮陽市清豊県","当時の黄河の沿岸の微高地、自然堤防","上古音：「陰」ʔ i̯əm／0 ǐəm／ʔ jəm／ʔ iəm／· jəm
上古音：「安」ʔ ɑn／0 an／ʔ ɑn／ʔ an／· an","アイヌ語：陰安＝「イ・アム・アゥ・ウン(i-am-aw-un)」＝「その・爪（のように鋭い）・角、枝分かれ・にある（ところ）」","jomon2_bnum11.html"
"冀州","魏郡","平恩県","前漢","河北省邯鄲市邱県","華北平原、黄河本流と西側から網の目のように流れ下る古漳河が作る微高地、自然堤防","上古音：「平」bʰ i̯ĕŋ／b ǐeŋ／bʰ jĕŋ／b ieŋ／b jing
上古音：「恩」ʔ ən／0 en／ʔ ə̂n／ʔ ən／· ən","アイヌ語：平恩＝「ピル・エ・エン・アゥ・ウン(pir-e-en-aw-un)」＝「傷（のように切り刻まれた川、峰）が・そこで・突き出ている・角、枝分かれ・にある（ところ）」","jomon2_bnum11.html"
"冀州","魏郡","邯溝県","前漢","河北省邯鄲市肥郷区","太行山脈の山裾、漳河の網の目の支流の微高地、自然堤防","上古音：「邯」- -／ɣ am／- -／- -／- -
上古音：「溝」k u／k ɔ／k ûɡ／k ew／k ug","アイヌ語：邯溝＝「キル・アム・ク・ク(kir-am-ku-ku)」＝「山脚の・爪（のように平べったく鋭い）・矢（のように鋭い）・矢」
※たくさんの矢のように鋭い峰。
※アイヌ語「ク＝弓」。中国大陸、朝鮮半島では「ク＝矢」の可能性。サハリン、シベリアのニヴフ（ギリヤーク）語も「ク＝矢」。","jomon2_bnum11.html"
"冀州","魏郡","武安県","前漢","河北省邯鄲市武安市","太行山脈の山裾","上古音：「武」m i̯wo／m ǐwa／m juaɡ／m jwaɣ／m jagx
上古音：「安」ʔ ɑn／0 an／ʔ ɑn／ʔ an／· an","アイヌ語：武安＝「ムィ・アク・アゥ・ウン(muy-ak-aw-un)」＝「頂の・弟の（ように小さいもの）・角、枝分かれ・にある（ところ）」","jomon2_bnum11.html"
"冀州","魏郡","曲梁県","後漢","河北省邯鄲市永年区","太行山脈の山裾、小さな独立した峰","上古音：「曲」kʰ i̯uk／kʰ ǐwɔk／kʰ juk／kʰ jewk／kh juk
上古音：「梁」l i̯aŋ／l ǐaŋ／l jaŋ／l iaŋ／l jang","アイヌ語：曲梁
＝「キル・アク・リ・アゥ・ウン(kir-ak-ri-aw-un)」＝「山脚の・弟の（ように小さい）・高い・角、枝分かれ・にある（ところ）」
or「キル・ク・リ・アゥ・ウン(kir-ku-ri-aw-un)」＝「山脚の・矢（のように鋭い）・高い・角、枝分かれ・にある（ところ）」
※アイヌ語「ク＝弓」。中国大陸、朝鮮半島では「ク＝矢」の可能性。サハリン、シベリアのニヴフ（ギリヤーク）語も「ク＝矢」。
※第一回～第三十一回「日本書紀のエラーコラム」／第三十二回～第九十二回「日出ずる国のエラーコラム」／第九十三回～「日没する国のエラーコラム」／第百九十七回～「日没する国のエラーコラム／第二百三回～「騎馬民族北方系渡来人のエラーコラム」／第五百七回～「継体の不審死と磐井の乱」／第五百三十五回～「三国史記朝鮮地名と倭人」","jomon2_bnum11.html"
"冀州","鉅鹿郡","鉅鹿県","前漢","河北省邢台市平郷県南西部","華北平原、鉅鹿沢、微高地","上古音：「鉅」ɡʰ i̯o／- -／ɡʰ jaɡ／ɡ jaɣ／g jagx
上古音：「鹿」／l uk／l ɔk／- -／l ewk／- -","アイヌ語：鉅鹿＝「キル・アク・ル・アク(kir-ak-ru-ak)」＝「山脚の・弟（のように小さいもの）・消えかかった・弟」","jomon2_bnum12.html"
"冀州","鉅鹿郡","南䜌県","前漢","河北省邢台市巨鹿県","華北平原、鉅鹿沢、微高地","上古音：「南」n əm／n əm／n ə̂m／n əm／n əm
上古音：「䜌」- -／- -／l uɑn／l wan／l uan
上古音：「䜌」- -／- -／l juæn／l iwan／l juanh","アイヌ語：南䜌＝「ニ・アム・ル・アゥ・ウン(ni-am-ru-aw-un)」＝「棒の（ように細長い）・爪の（ように平べったく鋭い）・消えかかった・角、枝分かれ・にある（ところ）」","jomon2_bnum12.html"
"冀州","鉅鹿郡","広阿県","前漢","河北省邢台市隆堯県","華北平原、鉅鹿沢、微高地","上古音：「廣」k wɑŋ／k uaŋ／k uɑŋ／k waŋ／kw angx
上古音：「阿」ʔ ɑ／0 ai／ʔ ɑ／ʔ a／· ar","アイヌ語：広阿＝「ク・アゥ・ウン・アゥ・ウン(ku-aw-un-aw-un)」＝「矢の（ように鋭い）・角、枝分かれ・にある・角、枝分かれ・にある（ところ）」※鋭い峰の枝分かれがたくさんあるところ。
※アイヌ語「ク＝弓」。中国大陸、朝鮮半島では「ク＝矢」の可能性。サハリン、シベリアのニヴフ（ギリヤーク）語も「ク＝矢」。","jomon2_bnum12.html"
"冀州","鉅鹿郡","象氏県","前漢","河北省邢台市隆堯県","華北平原、鉅鹿沢、微高地、自然堤防","上古音：「象」dz i̯aŋ／z ǐaŋ／z jaŋ／r jaŋ／r jangx
上古音：「氏」ȡ i̯ĕɡ／ȶ ǐe／j jeɡ／d jieɣ／g rjigx","アイヌ語：象氏
＝「テュ・アゥ・ウン・テュ・アク(tu-aw-un-tu-ak)」＝「峰の・角、枝分かれ・にある・峰の・弟（のように小さいもの）」
or「チゥ・アゥ・ウン・チゥ・アク(ciw-aw-un-ciw-ak)」＝「水流、水脈の・角、枝分かれ・にある・水流、水脈の・弟（のように小さいもの）」","jomon2_bnum12.html"
"冀州","鉅鹿郡","廮陶県","前漢","河北省邢台市寧晋県","華北平原、大湿地帯の寧晋泊の自然堤防","上古音：「廮」- -／- -／ʔ jeŋ／ʔ jieŋ／· jingx
上古音：「陶」d -／ʎ ǐu／- -／- -／r iaw
上古音：「陶」dʰ -／d u／dʰ ôɡ／d əw／d əgw","アイヌ語：廮陶＝「イ・エ・エン・テュ・アク(i-e-en-tu-ak)」＝「それが・そこで・突き出ている・峰の・弟（のように小さいもの）」","jomon2_bnum12.html"
"冀州","鉅鹿郡","宋子県","前漢","河北省石家荘市趙県","華北平原、大湿地帯の寧晋泊の自然堤防","上古音：「宋」s  -／s uŋ／s ôŋ／s əwŋ／s əngwh
上古音：「子」ts i̯əɡ／ts ǐə／ts jəɡ／ts jiəɣ／ts jəgx","アイヌ語：宋子＝「サン・テュ・アク(san-tu-ak)」＝「前に出る、浜にある・峰の・弟（のように小さいもの）」","jomon2_bnum12.html"
"冀州","鉅鹿郡","楊氏県","前漢","河北省邢台市寧晋県","華北平原、大湿地帯の寧晋泊の自然堤防","上古音：「楊」d i̯aŋ／ʎ ǐaŋ／d jaŋ／r iaŋ／r ang
上古音：「氏」ȡ i̯ĕɡ／ȶ ǐe／j jeɡ／d jieɣ／g rjigx","アイヌ語：楊氏
＝「テュ・アゥ・ウン・テュ・アク(tu-aw-un-tu-ak)」＝「峰の・角、枝分かれ・にある・峰の・弟（のように小さいもの）」
or「テュ・アゥ・ウン・チゥ・アク(tu-aw-un-ciw-ak)」＝「峰の・角、枝分かれ・にある・水流、水脈の・弟（のように小さいもの）」","jomon2_bnum12.html"
"冀州","鉅鹿郡","臨平県","前漢","河北省石家荘市晋州市","華北平原、滹沱河南岸","上古音：「臨」bl i̯əm／l ǐəm／l jəm／l iəm／bl jəmh
上古音：「平」bʰ i̯ĕŋ／b ǐeŋ／bʰ jĕŋ／b ieŋ／b jing","アイヌ語：臨平＝「リ・アム・ピル・エ・エン(ri-am-pir-e-en)」＝「高い・爪の（ように平べったく鋭い）・傷の（ように切り刻まれた峰が）・そこで・突き出ている（ところ）」","jomon2_bnum12.html"
"冀州","鉅鹿郡","下曲陽県","前漢","河北省石家荘市晋州市","華北平原、滹沱河南岸の微高地、自然堤防","上古音：「下」ɡʰ ɔ／ɣ ea／ɣ ăɡ／ɡ raɣ／g ragx
上古音：「曲」kʰ i̯uk／kʰ ǐwɔk／kʰ juk／kʰ jewk／kh juk
上古音：「陽」d i̯aŋ／ʎ ǐaŋ／d jaŋ／r iaŋ／r ang","アイヌ語：曲陽
＝「キル・アク・キル・ク・テュ・アゥ・ウン(kir-ak-kir-ku-tu-aw-un)」＝「山脚の・弟の（ように小さい）・山脚の・矢の（ように鋭い）・峰の・角、枝分かれ・にある（ところ）」
or「キル・アク・キル・アク・テュ・アゥ・ウン(kir-ak-kir-ak-tu-aw-un)」＝「山脚の・弟の（ように小さい）・山脚の・弟・峰の・角、枝分かれ・にある（ところ）」※たくさんの小さな峰の枝分かれ。
※アイヌ語「ク＝弓」。中国大陸、朝鮮半島では「ク＝矢」の可能性。サハリン、シベリアのニヴフ（ギリヤーク）語も「ク＝矢」。","jomon2_bnum12.html"
"冀州","鉅鹿郡","貰県","前漢","河北省石家荘市辛集市","華北平原、滹沱河南岸の微高地、自然堤防","上古音：「貰」ɕ i̯ad／ɕ ǐat／ɕ jæd／stʰ jiar／sth jadh
上古音：「貰」- -／ȡ ia／- -／zd jiaɣ／- -","アイヌ語：貰＝「シル・アッ(sir-at)」＝「山が・たくさんある（ところ）」","jomon2_bnum12.html"
"冀州","鉅鹿郡","郻県","前漢","河北省石家荘市辛集市","華北平原、滹沱河南岸の微高地、自然堤防","上古音：kʰ i̯o , kʰ i̯u／kʰ ǐau／kʰ jŏɡ／kʰ iəw／kʰ jəɡ","アイヌ語：郻＝「キル・アク(kir-ak)」＝「山脚の・弟（のように小さいもの）」","jomon2_bnum12.html"
"冀州","鉅鹿郡","新市県","前漢","河北省石家荘市正定県","太行山脈のふもとの山脚、滹沱河北岸","上古音：「新」s i̯ĕn／s ǐen／s jen／s jien／s jin
上古音：「市」ȡ i̯əɡ／ʑ ǐə／ʑ jəɡ／d jiəɣ／d jəgx","アイヌ語：新市＝「シル・エ・エン・テュ・アク(sir-e-en-tu-ak)」＝「山が・そこで・突き出ている・峰の・弟（のように小さいもの）」","jomon2_bnum12.html"
"冀州","鉅鹿郡","堂陽県","前漢","河北省邢台市新河県","華北平原、黄河、漳河の微高地、自然堤防","上古音：「堂」dʰ ɑŋ／d aŋ／dʰ ɑŋ／d aŋ／d ang
上古音：「陽」d i̯aŋ／ʎ ǐaŋ／d jaŋ／r iaŋ／r ang","アイヌ語：堂陽＝「テュ・アゥ・ウン・テュ・アゥ・ウン(tu-aw-un-tu-aw-un)」＝「峰の・角、枝分かれ・にある（ところ）・峰の・角、枝分かれ・にある（ところ）」※たくさんの峰の枝分かれ。","jomon2_bnum12.html"
"冀州","鉅鹿郡","安定県","前漢","河北省石家荘市辛集市","華北平原、滹沱河南岸の微高地、自然堤防","上古音：「安」ʔ ɑn／0 an／ʔ ɑn／ʔ an／· an
上古音：「定」dʰ ieŋ／d ieŋ／dʰ ieŋ／d eŋ／d ingh
上古音：「定」t ieŋ／- -／- -／t eŋ／- -","アイヌ語：安定＝「アゥ・ウン・テュ・エ・エン(aw-un-tu-e-en)」＝「角、枝分かれ・にある・峰が・そこで・突き出ている（ところ）」","jomon2_bnum12.html"
"冀州","鉅鹿郡","敬武県","前漢","河北省石家荘市趙県北東部","華北平原、大湿地帯の寧晋泊の自然堤防","上古音：「敬」k i̯ĕŋ／k ǐeŋ／k jĕŋ／k ieŋ／k jingh
上古音：「武」m i̯wo／m ǐwa／m juaɡ／m jwaɣ／m jagx","アイヌ語：敬武＝「キル・エ・エン・ムィ・アク(kir-e-en-muy-ak)」＝「山脚が・そこで・つきでている・頂の・弟（のように小さいもの）」","jomon2_bnum12.html"
"冀州","鉅鹿郡","歴郷県","前漢","河北省邢台市寧晋県","華北平原、大湿地帯の寧晋泊の自然堤防","上古音：「歷」l iek／l iek／l iek／l ek／l ik
上古音：「鄉」x i̯aŋ／h ǐaŋ／x jaŋ／x jaŋ／h jang","アイヌ語：歴郷＝「リ・アク・シル・アゥ・ウン(ri-ak-sir-aw-un)」＝「高い・弟の（ように小さい）・山の・角、枝分かれ・にある（ところ）」","jomon2_bnum12.html"
"冀州","鉅鹿郡","楽信県","前漢","河北省石家荘市辛集市","華北平原、滹沱河南岸の微高地、自然堤防","上古音：「樂」ŋl ŏk／ŋ eauk／ŋ ɔk／ŋ rawk／ng rakw
上古音：「樂」ɡl ɔk／l auk／l ɔ̂k2／l awk／ngl akw
上古音：「信」s i̯ĕn／s ǐen／s jen／s jien／s jinh","アイヌ語：楽信
＝「キル・アク・シル・エ・エン(kir-ak-sir-e-en)」＝「山脚の・弟（のように小さい）・山が・そこで・突き出ている（ところ）」
or「ル・アク・シル・エ・エン(ru-ak-sir-e-en)」＝「消えかかった・弟（のように小さい）・山が・そこで・突き出ている（ところ）」","jomon2_bnum12.html"
"冀州","鉅鹿郡","武陶県","前漢","河北省邢台市隆堯県","華北平原、鉅鹿沢、微高地、自然堤防","上古音：「武」m i̯wo／m ǐwa／m juaɡ／m jwaɣ／m jagx
上古音：「陶」d -／ʎ ǐu／- -／- -／r iaw
上古音：「陶」dʰ -／d u／dʰ ôɡ／d əw／d əgw","アイヌ語：武陶＝「ムィ・アク・テュ・アク(muy-ak-tu-ak)」＝「頂の・弟（のように小さい）・峰の・弟」","jomon2_bnum12.html"
"冀州","鉅鹿郡","柏郷県","前漢","河北省邢台市柏郷県","華北平原、太行山脈から流れ出る川が作る微高地、自然堤防","上古音：「柏」p ăk／p eak／p uăk／p rwak／p rak
上古音：「鄉」x i̯aŋ／h ǐaŋ／x jaŋ／x jaŋ／h jang","アイヌ語：柏郷＝「プ・アク・シル・アゥ・ウン(pu-ak-sir-aw-un)」＝「倉の（屋根のような三角の）・弟の（ように小さい）・山の・角、枝分かれ・にある（ところ）」","jomon2_bnum12.html"
"冀州","鉅鹿郡","安郷県","前漢","河北省石家荘市無極県","華北平原。滹沱河北岸の微高地、自然堤防","上古音：「安」ʔ ɑn／0 an／ʔ ɑn／ʔ an／· an
上古音：「鄉」x i̯aŋ／h ǐaŋ／x jaŋ／x jaŋ／h jang","アイヌ語：安郷＝「アゥ・ウン・シル・アゥ・ウン(aw-un-sir-aw-un)」＝「（川の）角、枝分かれ・にある・山の・角、枝分かれ・にある（ところ）」","jomon2_bnum12.html"
"冀州","鉅鹿郡","穀丘県","前漢","河北省衡水市安平県南西部","天津市南西の平原の微高地、自然堤防","上古音：「穀」k uk／k ɔk／k ûk／k ewk／k uk
上古音：「丘」kʰ i̯ŭɡ／kʰ ǐwə／kʰ juə̆ɡ／kʰ jwəɣ／kh jəg","アイヌ語：穀丘＝「ク・ク・キル・アク(ku-ku-kir-ak)」＝「矢の（ように鋭い）・矢の・山脚の・弟（のように小さいもの）」
※アイヌ語「ク＝弓」。中国大陸、朝鮮半島では「ク＝矢」の可能性。サハリン、シベリアのニヴフ（ギリヤーク）語も「ク＝矢」。","jomon2_bnum12.html"
"冀州","巨鹿郡","高郭県","前漢","河北省滄州市任丘市","湖沼地帯東岸、微高地、自然堤防","上古音：「高」k oɡ／k au／k ɔ̂ɡ／k aw／k agw
上古音：「郭」k wɑk／k uak／k uɑk／k wak／kw ak","アイヌ語：高郭＝「ク・アク・ク・アク(ku-ak-ku-ak)」＝「矢の（ように鋭い）・弟（のように小さい峰）or射る（ようなところ）・矢の・弟or射る」
※アイヌ語「ク＝弓」。中国大陸、朝鮮半島では「ク＝矢」の可能性。サハリン、シベリアのニヴフ（ギリヤーク）語も「ク＝矢」。","jomon2_bnum12.html"
"冀州","常山郡","真定県","前漢","河北省石家荘市正定県","太行山脈のふもとの山脚、滹沱河北岸","上古音：「真」ȶ i̯ĕn／ȶ ǐen／ȶ jen／t jien／t jin
上古音：「定」dʰ ieŋ／d ieŋ／dʰ ieŋ／d eŋ／d ingh
上古音：「定」t ieŋ／- -／- -／t eŋ／- -","アイヌ語：真定＝「テュ・エ・エン・テュ・エ・エン(tu-e-en-tu-e-en)」＝「峰が・そこで・突き出ている（ところ）・峰が・そこで・突き出ている（ところ）」
※たくさんの峰が突き出ているところ。","jomon2_bnum12.html"
"冀州","常山郡","藁城県","前漢","河北省石家荘市藁城区","太行山脈のふもとの山脚、滹沱河北岸","上古音：「藁」- -／k au／- -／k aw／- -
上古音：「城」ȡ i̯ĕŋ／ʑ ǐeŋ／ʑ jeŋ／d jieŋ／d jing","アイヌ語：藁城＝「ク・アゥ・テュ・エ・エン(ku-aw-tu-e-en)」＝「矢の（ように鋭い）・角、枝分かれの・峰が・そこで・突き出ている（ところ）」
※アイヌ語「ク＝弓」。中国大陸、朝鮮半島では「ク＝矢」の可能性。サハリン、シベリアのニヴフ（ギリヤーク）語も「ク＝矢」。","jomon2_bnum12.html"
"冀州","常山郡","肥累県","前漢","河北省石家荘市藁城区南西部","太行山脈のふもとの山脚、滹沱河北岸","上古音：「肥」bʰ i̯wər／b ǐwəi／bʰ juə̆d／b jiwər／b jəd
上古音：「累」l i̯wăr／l ǐwəi／l juər／- -／l jərh","アイヌ語：肥累＝「ピル・アッ・リ・アゥ・ウル(pir-at-ri-aw-ur)」＝「傷の（ように切り刻まれたもの）が・たくさんある・高い・角、枝分かれの・丘（ところ）」","jomon2_bnum12.html"
"冀州","常山郡","綿曼県","前漢","河北省石家荘市鹿泉区北東部","太行山脈の山裾、滹沱河南岸","上古音：「綿」m i̯an／m ǐan／- -／m jiwan／- -
上古音：「曼」m i̯wăn／m ǐwan／m juăn／m jwan／m janh","アイヌ語：綿曼＝「ムィ・アゥ・ウン・ムィ・アゥ・ウン(muy-aw-un-muy-aw-un)」＝「頂の・角、枝分かれ・にある（ところ）・頂の・角、枝分かれ・にある（ところ）」※たくさんの頂の枝分かれ。","jomon2_bnum12.html"
"冀州","常山郡","元氏県","前漢","河北省石家荘市元氏県","太行山脈の山裾","上古音：「元」ŋ i̯wăn／ŋ ǐwan／ŋ juăn／ŋ jwan／ngw jan
上古音：「氏」ȡ i̯ĕɡ／ȶ ǐe／j jeɡ／d jieɣ／g rjigx","アイヌ語：元氏＝「キル・アゥ・ウン・テュ・アク(kir-aw-un-tu-ak)」＝「山脚の・角、枝分かれ・にある・峰の・弟（のように小さいもの）」","jomon2_bnum12.html"
"冀州","常山郡","石邑県","前漢","河北省石家荘市鹿泉区北東部","太行山脈の山裾、滹沱河南岸","上古音：「石」ȡ i̯ăk／ʑ iak／- -／d jiak／d jiak
上古音：「邑」ʔ i̯əp／0 ǐəp／ʔ jəp／ʔ iəp／· jəp","アイヌ語：石邑＝「テュ・アク・イ・アプ(tu-ak-i-ap)」＝「峰の・弟（のように小さいもの）・その・釣り針（のように曲がったもの）」","jomon2_bnum12.html"
"冀州","常山郡","桑中県","前漢","河北省石家荘市鹿泉区","太行山脈の山裾、滹沱河南岸","上古音：「桑」s ɑŋ／s aŋ／s ɑŋ／s aŋ／s ang
上古音：「中」t -／t ǐuŋ／t joŋ／t iəwŋ／t rjəngw","アイヌ語：桑中＝「サン・テュ・アゥ・ウン(san-tu-aw-un)」＝「平山の・峰の・角、枝分かれ・にある（ところ）」","jomon2_bnum12.html"
"冀州","常山郡","霊寿県","前漢","河北省石家荘市霊寿県","太行山脈の山裾、滹沱河北岸","上古音：「靈」l ieŋ／l ieŋ／l ieŋ／l eŋ／l ing
上古音：「壽」ȡ -／ʑ ǐu／ʑ jŏɡ／d jəw／d jəgwh","アイヌ語：霊寿＝「リ・エン・テュ・アク(ri-en-tu-ak)」＝「高く・突き出ている・峰の・弟（のように小さいもの）」","jomon2_bnum12.html"
"冀州","常山郡","蒲吾県","前漢","河北省石家荘市平山県南東部","太行山脈の山裾","上古音：「蒲」bʰ wo／b ua／bʰ uɑɡ／b waɣ／b ag
上古音：「吾」ŋ o／ŋ a／ŋ ɑɡ／ŋ aɣ／ng ag
上古音：「吾」- -／- -／ŋ ăɡ／ŋ raɣ／ng rag","アイヌ語：蒲吾＝「ピル・アク・キル・アク(pir-ak-kir-ak)」＝「傷の（ように切り刻まれた）・弟（のように小さい峰）・山脚の・弟」","jomon2_bnum12.html"
"冀州","常山郡","上曲陽県","前漢","河北省保定市曲陽県","太行山脈の山裾。大沙河北岸。","上古音：「上」 ȡ i̯aŋ／ʑ ǐaŋ／ʑ jaŋ／d jaŋ／d jangh
上古音：「曲」kʰ i̯uk／kʰ ǐwɔk／kʰ juk／kʰ jewk／kh juk
上古音：「陽」d i̯aŋ／ʎ ǐaŋ／d jaŋ／r iaŋ／r ang","アイヌ語：曲陽
＝「テュ・アゥ・ウン・キル・ク・テュ・アゥ・ウン(tu-aw-un-kir-ku-tu-aw-un)」＝「峰の・角、枝分かれ・にある・山脚の・矢の（ように鋭い）・峰の・角、枝分かれ・にある（ところ）」
or「テュ・アゥ・ウン・キル・ク・リ・アゥ・ウン(tu-aw-un-kir-ku-ri-aw-un)」＝「峰の・角、枝分かれ・にある・山脚の・矢の（ように鋭い）・高い・角、枝分かれ・にある（ところ）」
or「テュ・アゥ・ウン・キル・アク・テュ・アゥ・ウン(tu-aw-un-kir-ak-tu-aw-un)」＝「峰の・角、枝分かれ・にある・山脚の・弟の（ように小さい）・峰の・角、枝分かれ・にある（ところ）」
or「テュ・アゥ・ウン・キル・アク・リ・アゥ・ウン(tu-aw-un-kir-ak-ri-aw-un)」＝「峰の・角、枝分かれ・にある・山脚の・弟の（ように小さい）・高い・角、枝分かれ・にある（ところ）」
※アイヌ語「ク＝弓」。中国大陸、朝鮮半島では「ク＝矢」の可能性。サハリン、シベリアのニヴフ（ギリヤーク）語も「ク＝矢」。","jomon2_bnum12.html"
"冀州","常山郡","九門県","前漢","河北省石家荘市藁城区北西部","華北平原、滹沱河北岸の微高地、自然堤防","上古音：「九」k i̯ŭɡ／k ǐu／k jŏɡ／k jəw／k jəgwx
上古音：「門」m wən／m uən／m uə̂n／m wən／m ən","アイヌ語：九門＝「キル・アク・ムィ・アゥ・ウン(kir-ak-muy-aw-un)」＝「山脚の・弟の（ように小さい）・頂の・角、枝分かれ・にある（ところ）」","jomon2_bnum12.html"
"冀州","常山郡","井陘県","前漢","河北省石家荘市井陘県","太行山脈の東端の山塊","上古音：「丼」- -／ts ǐeŋ／ts jeŋ／ts jieŋ／ts jingx
上古音：「陘」- -／ɡʰ ieŋ／ɣ ieŋ／ɣ ieŋ／ɡ eŋ／g ing","アイヌ語：井陘＝「テュ・エ・エン・キル・エ・エン(tu-e-en-kir-e-en)」＝「峰が・そこで・突き出ている（ところ）・山脚が・そこで・突き出ている（ところ）」","jomon2_bnum12.html"
"冀州","常山郡","房子県","前漢","河北省邢台市臨城県","太行山脈の山裾、山裾の小さな湖沼、小さな山、峰。","上古音：「房」bʰ i̯waŋ／b uaŋ／bʰ juaŋ／b jwaŋ／b jang
上古音：「子」ts i̯əɡ／ts ǐə／ts jəɡ／ts jiəɣ／ts jəgx","アイヌ語：房子＝「ピル・アゥ・ウン・テュ・アク(pir-aw-un-tu-ak)」＝「傷の（ように切り刻まれた）・角、枝分かれ・にある・峰の・弟（のように小さいもの）」","jomon2_bnum12.html"
"冀州","常山郡","中丘県","前漢","河北省邢台市内丘県","太行山脈の山裾。","上古音：「中」t -／t ǐuŋ／t joŋ／t iəwŋ／t rjəngw
上古音：「丘」kʰ i̯ŭɡ／kʰ ǐwə／kʰ juə̆ɡ／kʰ jwəɣ／kh jəg","アイヌ語：中丘＝「テュ・アゥ・ウン・キル・アク(tu-aw-un-kir-ak)」＝「峰の・角、枝分かれ・にある・山脚の・弟（のように小さいもの）」","jomon2_bnum12.html"
"冀州","常山郡","封斯県","前漢","河北省石家荘市趙県","太行山脈の山裾、華北平原、寧晋泊の西端の微高地、自然堤防","上古音：「封」p i̯uŋ／p ǐwɔŋ／p juŋ／p jewŋ／p jung
上古音：「斯」 s i̯ĕɡ／s ǐe／s jeɡ／s jieɣ／s jig","アイヌ語：封斯＝「ピル・ウン・シル・アク(pir-un-sir-ak)」＝「傷（のように切り刻まれたもの）・にある・山の・弟（のように小さいもの）」","jomon2_bnum12.html"
"冀州","常山郡","平棘県","前漢","河北省石家荘市趙県","太行山脈の山裾、華北平原、寧晋泊の西端の微高地、自然堤防","上古音：「平」bʰ i̯ĕŋ／b ǐeŋ／bʰ jĕŋ／b ieŋ／b jing
上古音：「棘」k i̯ək／k ǐək／k jək／k iək／k jək","アイヌ語：平棘＝「ピル・エ・エン・キル・アク(pir-e-en-kir-ak)」＝「傷（のように切り刻まれたもの）が・そこで・突き出ている・・山脚の・弟（のように小さいもの）」","jomon2_bnum12.html"
"冀州","常山郡","関県","前漢","河北省石家荘市欒城区","太行山脈の山裾、華北平原の西端の微高地、自然堤防","上古音：「關」k wan／k oan／k uan／k rwan／kw ran","アイヌ語：関＝「ク・アゥ・ウン(ku-aw-un)」＝「矢の（ように鋭い）・角、枝分かれ・にある（ところ）」
※アイヌ語「ク＝弓」。中国大陸、朝鮮半島では「ク＝矢」の可能性。サハリン、シベリアのニヴフ（ギリヤーク）語も「ク＝矢」。","jomon2_bnum12.html"
"冀州","常山郡","鄗県","前漢","河北省石家荘市高邑県","太行山脈の山裾、孤立丘","上古音：「鄗」- -／ɣ au／kʰ ɔɡ／kʰ raw／kh ragw","アイヌ語：鄗＝「ク・アク(ku-ak)」＝「矢の（ように鋭い峰の）・弟（のように小さいもの）」
※アイヌ語「ク＝弓」。中国大陸、朝鮮半島では「ク＝矢」の可能性。サハリン、シベリアのニヴフ（ギリヤーク）語も「ク＝矢」。","jomon2_bnum12.html"
"冀州","常山郡","高邑県","後漢","河北省石家荘市高邑県","太行山脈の山裾、孤立丘","上古音：「高」k oɡ／k au／k ɔ̂ɡ／k aw／k agw
上古音：「邑」ʔ i̯əp／0 ǐəp／ʔ jəp／ʔ iəp／· jəp","アイヌ語：高邑＝「ク・アゥ・イ・アプ(ku-aw-i-ap)」＝「矢の（ように鋭い峰の）・角、枝分かれ・その・釣り針（のように曲がっている川）」
※アイヌ語「ク＝弓」。中国大陸、朝鮮半島では「ク＝矢」の可能性。サハリン、シベリアのニヴフ（ギリヤーク）語も「ク＝矢」。","jomon2_bnum12.html"
"冀州","常山郡","南行唐県","前漢","河北省石家荘市行唐県","太行山脈の山裾、大沙河南岸","上古音：「南」n əm／n əm／n ə̂m／n əm／n əm
上古音：「行」ɡʰ ɑŋ／ɣ aŋ／ɣ ɑŋ／ɡ aŋ／g angh
上古音：「行」ɡ ăŋ／ɣ eaŋ／ɣ ăŋ／ɡ raŋ／g rangh
上古音：「唐」dʰ ɑŋ／d aŋ／dʰ ɑŋ／d aŋ／d ang","アイヌ語：南行唐＝「ニ・アム・キル・アゥ・ウン・テュ・アゥ・ウン(ni-am-kir-aw-un-tu-aw-un)」＝「棒の（ように細長い）・爪の（ように平べったく鋭い）・山脚の・角、枝分かれ・にある（ところ）・峰の・角、枝分かれ・にある（ところ）」","jomon2_bnum12.html"
"冀州","常山郡","欒城県","後漢","河北省石家荘市欒城県","太行山脈の山裾、華北平原の西端","上古音：「欒」bl wɑn／l uan／l uɑn／l wan／bl an
上古音：「城」ȡ i̯ĕŋ／ʑ ǐeŋ／ʑ jeŋ／d jieŋ／d jing","アイヌ語：欒城＝「ル・アゥ・ウン・テュ・エ・エン(ru-aw-un-tu-e-en)」＝「消えかかった・角、枝分かれ・にある・峰が・そこで・突き出ている（ところ）」","jomon2_bnum12.html"
"冀州","常山郡","上艾県","後漢","","","","※（太原郡）上艾県参照","jomon2_bnum12.html"
"冀州","中山郡、中山国","盧奴県","前漢","河北省保定市定州市","太行山脈の山裾、大沙河沿岸の微高地、自然堤防","上古音：「盧」l o／l a／l ɑɡ／l aɣ／l ag
上古音：「奴」n o／n a／n ɑɡ／n aɣ／n ag","アイヌ語：盧奴＝「ル・アク・ニ・アク(ru-ak-ni-ak)」＝「消えかかった・弟（のように小さい）・棒の（ように細長い）・弟」","jomon2_bnum12.html"
"冀州","中山郡、中山国","北平県","前漢","河北省保定市満城区","太行山脈の山裾","上古音：「北」p ək／p ək／p uə̂k／p wək／p ək
上古音：「平」bʰ i̯ĕŋ／b ǐeŋ／bʰ jĕŋ／b ieŋ／b jing","アイヌ語：北平＝「プ・アク・ピル・エ・エン(pu-ak-pir-e-en)」＝「倉の（屋根のような三角山の）・弟の（ように小さい）・傷（のように切り刻まれたもの）が・そこで・突き出ている（ところ）」","jomon2_bnum12.html"
"冀州","中山郡、中山国","北新成県","前漢","河北省保定市徐水区南西部","太行山脈の山裾。","上古音：「北」p ək／p ək／p uə̂k／p wək／p ək
上古音：「新」s i̯ĕn／s ǐen／s jen／s jien／s jin
上古音：「成」ȡ i̯ĕŋ／ʑ ǐeŋ／ʑ jeŋ／d jieŋ／d jing","アイヌ語：北新成＝「プ・アク・シル・エ・エン・テュ・エ・エン(pu-ak-sir-e-en-tu-e-en)」＝「倉の（屋根のような三角の）・弟の（ように小さい）・山が・そこで・突き出ている（ところ）・峰が・そこで・突き出ている（ところ）」","jomon2_bnum12.html"
"冀州","中山郡、中山国","唐県","前漢","河北省保定市唐県","太行山脈の山裾","上古音：「唐」dʰ ɑŋ／d aŋ／dʰ ɑŋ／d aŋ／d ang","アイヌ語：唐＝「テュ・アゥ・ウン(tu-aw-un)」＝「峰の・角、枝分かれ・にある（ところ）」","jomon2_bnum12.html"
"冀州","中山郡、中山国","深沢県","前漢","河北省石家荘市深沢県","華北平原、滹沱河沿岸の微高地、自然堤防","上古音：「深」ɕ i̯əm／ɕ ǐəm／ɕ jəm／stʰ jiəm／sth jəmh
上古音：「澤」dʰ ăk／d eak／dʰ ăk／d rak／d rak","アイヌ語：深沢＝「シル・アム・テュ・アク(sir-am-tu-ak)」＝「山の・爪の（ように平べったく鋭い）・峰の・弟（のように小さいもの）」","jomon2_bnum12.html"
"冀州","中山郡、中山国","苦陘県","前漢","河北省定州市南東部","華北平原、大沙河北岸の微高地、自然堤防","上古音：「苦」kʰ o／kʰ a／kʰ ɑɡ／kʰ aɣ／kh agx
上古音：「陘」ɡʰ ieŋ／ɣ ieŋ／ɣ ieŋ／ɡ eŋ／g ing","アイヌ語：苦陘＝「ク・アク・キル・エ・エン(ku-ak-kir-e-en)」＝「矢の（ように鋭い）・弟の（ように小さい）or射る・山脚が・そこで・突き出ている（ところ）」
※アイヌ語「ク＝弓」。中国大陸、朝鮮半島では「ク＝矢」の可能性。サハリン、シベリアのニヴフ（ギリヤーク）語も「ク＝矢」。","jomon2_bnum12.html"
"冀州","中山郡、中山国","安国県","前漢","河北省保定市安国市","華北平原、大沙河北岸の微高地、自然堤防","上古音：「安」ʔ ɑn／0 an／ʔ ɑn／ʔ an／· an
上古音：「國」k wək／k uək／k uə̂k／k wək／kw ək","アイヌ語：安国＝「アゥ・ウン・ク・アク(aw-un-ku-ak)」＝「角、枝分かれ・にある・矢の（ように鋭い）・弟（のように小さい峰）or射る（ようなところ）」
※アイヌ語「ク＝弓」。中国大陸、朝鮮半島では「ク＝矢」の可能性。サハリン、シベリアのニヴフ（ギリヤーク）語も「ク＝矢」。","jomon2_bnum12.html"
"冀州","中山郡、中山国","曲逆県","前漢","河北省保定市順平県南東部","太行山脈の山裾","上古音：「曲」kʰ i̯uk／kʰ ǐwɔk／kʰ juk／kʰ jewk／kh juk
上古音：「逆」ŋ i̯ăk／- -／ŋ jăk／ŋ iak／ng jiak","アイヌ語：曲逆
＝「キル・ク・キル・アク(kir-ku-kir-ak)」＝「山脚の・矢（先のように鋭いもの）・山脚の・弟（のように小さいもの）」
or「キル・アク・キル・アク(kir-ak-kir-ak)」＝「山脚の・弟（のように小さいもの）・山脚の・弟」※たくさんの小さな峰。
※アイヌ語「ク＝弓」。中国大陸、朝鮮半島では「ク＝矢」の可能性。サハリン、シベリアのニヴフ（ギリヤーク）語も「ク＝矢」。","jomon2_bnum12.html"
"冀州","中山郡、中山国","望都県","前漢","河北省保定市望都県","太行山脈の山裾、華北平原西端、唐河北岸の微高地、自然堤防","上古音：「望」m i̯waŋ／m ǐwaŋ／m juaŋ／m jwaŋ／m jangh
上古音：「都」t o／t a／t ɑɡ／t aɣ／t ag","アイヌ語：望都＝「ムィ・アゥ・ウン・テュ・アク(muy-aw-un-tu-ak)」＝「頂の・角、枝分かれ・にある・峰の・弟（のように小さいもの）」","jomon2_bnum12.html"
"冀州","中山郡、中山国","新市県","前漢","河北省石家荘市正定県","太行山脈の山裾、滹沱河沿岸の微高地、自然堤防","上古音：「新」s i̯ĕn／s ǐen／s jen／s jien／s jin
上古音：「市」ȡ i̯əɡ／ʑ ǐə／ʑ jəɡ／d jiəɣ／d jəgx","アイヌ語：新市＝「シル・エ・エン・テュ・アク(sir-e-en-tu-ak)」＝「山が・そこで・突き出ている・峰の・弟（のように小さいもの）」","jomon2_bnum12.html"
"冀州","中山郡、中山国","新処県","前漢","河北省保定市定州市","太行山脈の山裾、大沙河沿岸の微高地、自然堤防","上古音：「新」s i̯ĕn／s ǐen／s jen／s jien／s jin
上古音：「處」ȶʰ i̯o／ȶʰ ǐa／cʰ jaɡ／tʰ jaɣ／kh rjagh","アイヌ語：新処＝「シル・エ・エン・テュ・アク(sir-e-en-tu-ak)」＝「山が・そこで・突き出ている・峰の・弟（のように小さいもの）」","jomon2_bnum12.html"
"冀州","中山郡、中山国","毋極県","前漢","河北省石家荘市無極県","太行山脈の山裾、滹沱河北岸の微高地、自然堤防","上古音：「毋」m i̯wo／m ǐwa／m juaɡ／m jwaɣ／m jag
上古音：「極」 ɡʰ i̯ək／g ǐək／ɡʰ jək／ɡ iək／g jək","アイヌ語：毋極＝「ムィ・アク・キル・アク(muy-ak-kir-ak)」＝「頂の・弟（のように小さいもの）・山脚の・弟」","jomon2_bnum12.html"
"冀州","中山郡、中山国","陸成県","前漢","河北省保定市蠡県","太行山脈の山裾、大沙河沿岸の微高地、自然堤防","上古音：「陸」l -／l ǐuk／l jok／l iəwk／l jəkw
上古音：「成」ȡ i̯ĕŋ／ʑ ǐeŋ／ʑ jeŋ／d jieŋ／d jing","アイヌ語：陸成＝「ル・アク・テュ・エ・エン(ru-ak-tu-e-en)」＝「消えかかった・弟の（ように小さい）・峰が・そこで・突き出ている（ところ）」","jomon2_bnum12.html"
"冀州","中山郡、中山国","安険県","前漢","河北省定州市南東部","太行山脈の山裾、大沙河沿岸の微高地、自然堤防","上古音：「安」ʔ ɑn／0 an／ʔ ɑn／ʔ an／· an
上古音：「險」xl i̯am, xl i̯ăm／h ǐam／x jɐm／x iam／h jiamx","アイヌ語：安険＝「アゥ・ウン・シル・アム(aw-un-sir-am)」＝「角、枝分かれ・にある・山の・爪（のように平べったく鋭いもの）」","jomon2_bnum12.html"
"冀州","中山郡、中山国","漢昌県","後漢","河北省定州市邢邑鎮周辺","太行山脈の山裾、大沙河沿岸の微高地、自然堤防","上古音：「漢」x ɑn／h an／x ɑn／x an／h anh
上古音：「昌」ȶʰ i̯aŋ／ȶʰ ǐaŋ／ȶʰ jaŋ／tʰ jaŋ／th jang","アイヌ語：漢昌＝「シル・アゥ・ウン・テュ・アゥ・ウン(sir-aw-un-tu-aw-un)」＝「山の・角、枝分かれ・にある（ところ）・峰の・角、枝分かれ・にある（ところ）」","jomon2_bnum12.html"
"冀州","中山郡、中山国","蠡吾県","後漢","河北省保定市博野県西北部","太行山脈の山裾、唐河南岸の微高地、自然堤防","上古音：「蠡」- -／l iei／l ieɡ／l eɣ／l igx
上古音：「吾」ŋ o／ŋ a／ŋ ăɡ／ŋ raɣ／ng rag","アイヌ語：蠡吾＝「リ・アク・キル・アク(ri-ak-kir-ak)」＝「高い・弟（のように小さいもの）・山脚の・弟」","jomon2_bnum12.html"
"冀州","中山郡、中山国","蒲陰県","後漢","河北省保定市順平県東南部","太行山脈の山裾","上古音：「蒲」bʰ wo／b ua／bʰ uɑɡ／b waɣ／b ag
上古音：「陰」ʔ i̯əm／0 ǐəm／ʔ jəm／ʔ iəm／· jəm","アイヌ語：蒲陰＝「プ・アク・イ・アム(pu-ak-i-am)」＝「倉の（屋根のような三角山の）・弟の（ように小さい）・その・爪（のように平べったく鋭いもの）」","jomon2_bnum12.html"
"冀州","中山郡、中山国","南深沢県","前漢","河北省石家荘市深沢県","華北平原、滹沱河沿岸の微高地、自然堤防","上古音：「南」n əm／n əm／n ə̂m／n əm／n əm
上古音：「深」ɕ i̯əm／ɕ ǐəm／ɕ jəm／stʰ jiəm／sth jəmh
上古音：「澤」dʰ ăk／d eak／dʰ ăk／d rak／d rak","アイヌ語：深沢＝「ニ・アム・シル・アム・テュ・アク(ni-am-sir-am-tu-ak)」＝「棒の（ように細長い）・爪（のように平べったく鋭い）・山の・爪の・峰の・弟（のように小さいもの）」","jomon2_bnum12.html"
"冀州","中山郡、中山国","蠡吾県","前漢","河北省保定市博野県","華北平原、大沙河沿岸の微高地、自然堤防","上古音：「蠡」- -／l iei／l ieɡ／l eɣ／l igx
上古音：「吾」ŋ o／ŋ a／ŋ ăɡ／ŋ raɣ／ng rag","アイヌ語：蠡吾＝「リ・アク・キル・アク(ri-ak-kir-ak)」＝「高い・弟（のように小さい峰）・山脚の・弟（のように小さい峰）」","jomon2_bnum12.html"
"冀州","中山郡、中山国","饒陽県","前漢","河北省衡水市饒陽県","平原","上古音：「饒」ȵ i̯oɡ／ȵ ǐau／ɲ jɔɡ／n jiaw／ng rjagwh
上古音：「陽」d i̯aŋ／ʎ ǐaŋ／d jaŋ／r iaŋ／r ang","アイヌ語：饒陽＝「ニ・アク・テュ・アゥ・ウン(ni-ak-tu-aw-un)」＝「棒の・弟の（ように小さい）・峰の・角、枝分かれ・にある（ところ）」","jomon2_bnum12.html"
"冀州","信都郡","信都県","前漢","河北省衡水市冀州区","華北平原の衡水湖湖岸の微高地、自然堤防","上古音：「信」s i̯ĕn／s ǐen／s jen／s jien／s jinh
上古音：「都」t o／t a／t ɑɡ／t aɣ／t ag","アイヌ語：信都＝「シル・エ・エン・テュ・アク(sir-e-en-tu-ak)」＝「山が・そこで・突き出ている・峰の・弟（のように小さいもの）」","jomon2_bnum12.html"
"冀州","信都郡","歴県","前漢","河北省衡水市景県南西部","華北平原の衡水湖湖岸の微高地、自然堤防","上古音：「歷」l iek／l iek／l iek／l ek／l ik","アイヌ語：歴＝「リ・アク(ri-ak)」＝「高い・弟（のように小さいもの）」","jomon2_bnum12.html"
"冀州","信都郡","扶柳県","前漢","河北省衡水市冀州区北西部","華北平原の衡水湖西方の微高地、自然堤防","上古音：「扶」bʰ i̯wo／b ǐwa／bʰ juaɡ／b jew／b jag
上古音：「扶」- -／- -／p juaɡ／p jwaɣ／p jag
上古音：「柳」l -／l ǐu／l jŏɡ／l iəw／l jəgwx","アイヌ語：扶柳＝「ピル・アク・ル・アク(pir-ak-ru-ak)」＝「傷の（ように切り刻まれた）・弟（のように小さいもの）・消えかかった・弟」","jomon2_bnum12.html"
"冀州","信都郡","辟陽県","前漢","河北省衡水市冀州区南東部","華北平原の衡水湖南方の微高地、自然堤防","上古音：「辟」bʰ i̯ĕk／b ǐek／bʰ jek／b jiek／b jik
上古音：「辟」p i̯ĕk／p ǐek／p jek／p jiek／p jik
上古音：「陽」d i̯aŋ／ʎ ǐaŋ／d jaŋ／r iaŋ／r ang","アイヌ語：辟陽＝「ピル・アク・テュ・アゥ・ウン(pir-ak-tu-aw-un)」＝「傷の（ように切り刻まれた）・弟の（ように小さい）・峰の・角、枝分かれ・にある（ところ）」","jomon2_bnum12.html"
"冀州","信都郡","南宮県","前漢","河北省邢台市南宮市","華北平原の衡水湖西南方の微高地、自然堤防","上古音：「南」n əm／n əm／n ə̂m／n əm／n əm
上古音：「宮」k -／k ǐuŋ／k joŋ／k jəwŋ／k jəngw","アイヌ語：南宮＝「ニ・アム・キル・アゥ・ウン(ni-am-kir-aw-un)」＝「棒の（ように細長い・爪の（ように平べったく鋭い）・山脚の・角、枝分かれ・にある（ところ）」","jomon2_bnum12.html"
"冀州","信都郡","下博県","前漢","河北省衡水市深州市南東部","華北平原、滹沱河南岸、衡水湖北方の微高地、自然堤防","上古音：「下」ɡʰ ɔ／ɣ ea／ɣ ăɡ／ɡ raɣ／g ragx
上古音：「博」p ɑk／p uak／p uɑk／p wak／p ak","アイヌ語：下博＝「キル・アク・プ・アク(kir-ak-pu-ak)」＝「山脚の・弟の（ように小さい）or射る・倉の（屋根のような三角山の）・弟」","jomon2_bnum12.html"
"冀州","信都郡","武邑県","前漢","河北省衡水市武邑県","華北平原、衡水湖北東方の微高地、自然堤防","上古音：「武」m i̯wo／m ǐwa／m juaɡ／m jwaɣ／m jagx
上古音：「邑」ʔ i̯əp／0 ǐəp／ʔ jəp／ʔ iəp／· jəp","アイヌ語：武邑＝「ムィ・アク・イ・アプ(muy-ak-i-ap)」＝「頂の・弟の（ように小さい）・その・釣り針（のように曲がったもの）」","jomon2_bnum12.html"
"冀州","信都郡","観津県","前漢","河北省衡水市武邑県東部","華北平原、衡水湖北東方の微高地、自然堤防","上古音：「觀」k wɑn／k uan／k uɑn／k wan／kw anh（観）
上古音：「津」ts i̯ĕn／ts ǐen／ts jen／ts jien／ts jin","アイヌ語：観津＝「ク・アゥ・ウン・テュ・エ・エン(ku-aw-un-tu-e-en)」＝「矢の（ように鋭い）・角、枝分かれ・にある・峰が・そこで・突き出ている（ところ）」
※アイヌ語「ク＝弓」。中国大陸、朝鮮半島では「ク＝矢」の可能性。サハリン、シベリアのニヴフ（ギリヤーク）語も「ク＝矢」。","jomon2_bnum12.html"
"冀州","信都郡","広川県","前漢","河北省衡水市景県南西部","華北平原、衡水湖北東方の微高地、自然堤防、当時の黄河の岸辺。","上古音：「廣」k wɑŋ／k uaŋ／k uɑŋ／k waŋ／kw angx
上古音：「川」ȶʰ i̯wan／ȶʰ ǐwən／- -／- -／th jiən","アイヌ語：広川＝「ク・アゥ・ウン・テュ・アゥ・ウン(ku-aw-un-tu-aw-un)」＝「矢の（ように鋭い）・角、枝分かれ・にある（ところ）・峰の・角、枝分かれ・にある（ところ）」
※アイヌ語「ク＝弓」。中国大陸、朝鮮半島では「ク＝矢」の可能性。サハリン、シベリアのニヴフ（ギリヤーク）語も「ク＝矢」。","jomon2_bnum12.html"
"冀州","信都郡","楽郷県","前漢","河北省保定市清苑区","太行山脈寄りの華北平原、峰裾の名残、唐河沿岸の微高地、自然堤防","上古音：「樂」ŋl ŏk／ŋ eauk／ŋ ɔk／ŋ rawk／ng rakw
上古音：「樂」ɡl ɔk／l auk／l ɔ̂k2／l awk／ngl akw
上古音：「鄉」x i̯aŋ／h ǐaŋ／x jaŋ／x jaŋ／h jang","アイヌ語：楽郷
＝「キル・アク・シル・アゥ・ウン(kir-ak-sir-aw-un)」＝「山脚の・弟の（ように小さい）・山の・角、枝分かれ・にある（ところ）」
or「ル・アク・シル・アゥ・ウン(ru-ak-sir-aw-un)」＝「消えかかった・弟の（ように小さい）・山の・角、枝分かれ・にある（ところ）」","jomon2_bnum12.html"
"冀州","信都郡","桃県","前漢","河北省衡水市深州市南西部","華北平原、滹沱河南岸の微高地、自然堤防","上古音：「桃」dʰ oɡ／d au／dʰ ɔ̂ɡ／d aw／d agw","アイヌ語：桃＝「テュ・アク(tu-ak)」＝「峰の・弟（のように小さいもの）」","jomon2_bnum12.html"
"冀州","信都郡","昌成県","前漢","河北省衡水市阜城県","華北平原の微高地、自然堤防","上古音：「昌」ȶʰ i̯aŋ／ȶʰ ǐaŋ／ȶʰ jaŋ／tʰ jaŋ／th jang
上古音：「成」ȡ i̯ĕŋ／ʑ ǐeŋ／ʑ jeŋ／d jieŋ／d jing
第百二十五回　中国漢代の県名（上古音）が示す！東夷、南蛮の言語はアイヌ語だった！～冀州安平国、安平郡／河間国、河間郡～","アイヌ語：昌成＝「テュ・アゥ・ウン・テュ・エ・エン(tu-aw-un-tu-e-en)」＝「峰の・角、枝分かれ・にある（ところ）・峰が・そこで・突き出ている（ところ）」","jomon2_bnum12.html"
"冀州","安平国、安平郡","阜城県","後漢","河北省衡水市阜城県","華北平原の微高地、自然堤防","上古音：「阜」bʰ -／b ǐu／bʰ jŏɡ／b jəw／b jəgwx
上古音：「城」ȡ i̯ĕŋ／ʑ ǐeŋ／ʑ jeŋ／d jieŋ／d jing","アイヌ語：阜城＝「ピル・アク・テュ・エ・エン(pir-ak-tu-e-en)」＝「傷の（ように切り刻まれた）・弟の（ように小さい）・峰が・そこで・突き出ている（ところ）」","jomon2_bnum12.html"
"冀州","信都郡","脩県","前漢","河北省衡水市景県","華北平原の微高地、自然堤防","上古音：「脩」s  -／s ǐu／s jŏɡ／s jəw／st jəgw","アイヌ語：脩＝「シル・アク(sir-ak)」＝「山・弟（のように小さいもの）」","jomon2_bnum12.html"
"冀州","信都郡","阿陵県","前漢","河北省滄州市任丘市北東部","華北平原の微高地、自然堤防","上古音：「阿」ʔ ɑ／0 ai／ʔ ɑ／ʔ a／· ar
上古音：「陵」l i̯əŋ／l ǐəŋ／l jəŋ／l iəŋ／l jəng","アイヌ語：阿陵＝「アゥ・リ・アゥ・ウン(aw-ri-aw-un)」＝「角、枝分かれの・高い・角・枝分かれ・にある（ところ）」","jomon2_bnum12.html"
"冀州","安平国、安平郡","堂陽県","後漢","河北省邢台市新河県新河","華北平原、衡水湖西方の微高地、自然堤防","上古音：「堂」dʰ ɑŋ／d aŋ／dʰ ɑŋ／d aŋ／d ang
上古音：「陽」d i̯aŋ／ʎ ǐaŋ／d jaŋ／r iaŋ／r ang","アイヌ語：堂陽
＝「テュ・アゥ・ウン・テュ・アゥ・ウン(tu-aw-un-tu-aw-un)」＝「峰の・角、枝分かれ・にある（ところ）・峰の・角、枝分かれ・にある（ところ）」 ※たくさんの峰の枝分かれ。
or「テュ・アゥ・ウン・リ・アゥ・ウン(tu-aw-un-ri-aw-un)」＝「峰の・角、枝分かれ・にある（ところ）・高い・角、枝分かれ・にある（ところ）」","jomon2_bnum12.html"
"冀州","安平国、安平郡","安平県","前漢","河北省衡水市安平県","華北平原、滹沱河の岸辺の微高地、自然堤防","上古音：「安」ʔ ɑn／0 an／ʔ ɑn／ʔ an／· an
上古音：「平」bʰ i̯ĕŋ／b ǐeŋ／bʰ jĕŋ／b ieŋ／b jing","アイヌ語：安平＝「アゥ・ウン・ピル・エン(aw-un-pir-en)」＝「角、枝分かれ・にある・傷（のように切り刻まれた峰）が・突き出ている（ところ）」","jomon2_bnum12.html"
"冀州","河間国","楽成県","前漢","河北省滄州市献県","華北平原、滹沱河の岸辺のの微高地、自然堤防","上古音：「樂」ŋl ŏk／ŋ eauk／ŋ ɔk／ŋ rawk／ng rakw
上古音：「樂」ɡl ɔk／l auk／l ɔ̂k2／l awk／ngl akw
上古音：「成」ȡ i̯ĕŋ／ʑ ǐeŋ／ʑ jeŋ／d jieŋ／d jing","アイヌ語：楽成
＝「キル・アク・テュ・エ・エン(kir-ak-tu-e-en)」＝「山脚の・弟の（ように小さい）・峰が・そこで・突き出ている（ところ）」
or「ル・アク・テュ・エ・エン(ru-ak-tu-e-en)」＝「消えかかった・弟の（ように小さい）・峰が・そこで・突き出ている（ところ）」","jomon2_bnum12.html"
"冀州","河間国","候井県","前漢","河北省泊頭市","華北平原、滹沱河の岸辺の微高地、自然堤防","上古音：「候」ɡʰ u／ɣ ɔ／ɣ ûɡ／ɡ ew／g ugh
上古音：「丼」- -／ts ǐeŋ／ts jeŋ／ts jieŋ／ts jingx","アイヌ語：候井＝「ク・ク・テュ・エ・エン(ku-ku-tu-e-en)」＝「矢の（ように鋭い）・矢の・峰が・そこで・突き出ている（ところ）」※たくさんの矢のような峰が突き出ているところ。
※アイヌ語「ク＝弓」。中国大陸、朝鮮半島では「ク＝矢」の可能性。サハリン、シベリアのニヴフ（ギリヤーク）語も「ク＝矢」。","jomon2_bnum12.html"
"冀州","河間国","武遂県","前漢","河北省衡水市武強県北西部","華北平原、衡水湖北東方の平原の微高地、自然堤防","上古音：「武」m i̯wo／m ǐwa／m juaɡ／m jwaɣ／m jagx
上古音：「遂」 dz i̯wəd／z ǐwəi／z juəd／r jiwər／sd jədh","アイヌ語：武遂＝「ムィ・アク・テュ・アッ(muy-ak-tu-at)」＝「矢の（ように鋭い）・弟の（ように小さい）・峰が・たくさんある」","jomon2_bnum12.html"
"冀州","河間国","弓高県","前漢","河北省衡水市阜城県","華北平原の微高地、自然堤防","上古音：「弓」k i̯ŭŋ／k ǐwəŋ／k juə̆ŋ／k jwəŋ／kw jəng
上古音：「高」k oɡ／k au／k ɔ̂ɡ／k aw／k agw","アイヌ語：弓高＝「キル・アク・ク・アゥ・ウン(kir-ak-ku-aw-un)」＝「山脚の・弟の（ように小さい）・矢の（ように鋭い）・角、枝分かれ・にある（ところ）」
※アイヌ語「ク＝弓」。中国大陸、朝鮮半島では「ク＝矢」の可能性。サハリン、シベリアのニヴフ（ギリヤーク）語も「ク＝矢」。","jomon2_bnum12.html"
"冀州","河間国","州郷県","前漢","河北省滄州市河間市","華北平原、微高地、自然堤防","上古音：「州」tɕ ／ȶ ǐ u／ȶ jŏ ɡ／t jəw／t jəgw
上古音：「鄉」x i̯aŋ／h ǐaŋ／x jaŋ／x jaŋ／h jang","アイヌ語：州郷＝「テュ・アク・シル・アゥ・ウン(tu-ak-sir-aw-un)」＝「峰の・弟の（ように小さい）・山の・角、枝分かれ・にある（ところ）」","jomon2_bnum12.html"
"冀州","河間郡","易県","後漢","河北省保定市雄県北西部","華北平原、南方に湿地帯、微高地、自然堤防、当時の海岸線","上古音：「易」d i̯ĕk／ʎ ǐek／d jek／r iek／r ik","アイヌ語：易＝「テュ・アク(tu-ak)」＝「峰の・弟（のように小さいもの）」","jomon2_bnum12.html"
"冀州","河間郡","武垣県","前漢","河北省河間市一帯","平原","上古音：「武」m i̯wo／m ǐwa／m juaɡ／m jwaɣ／m jagx
上古音：「垣」ɡ i̯wăn／ɣ ǐwan／ɣ juăn／ɣ jwan／gw jan","アイヌ語：武垣＝「ムィ・アク・キル・アゥ・ウン(muy-ak-kir-aw-un)」＝「頂の・弟（のように小さい）・山脚の・角、枝分かれ・にある（ところ）」","jomon2_bnum12.html"
"冀州","河間郡","中水県","後漢","河北省滄州市献県北西部","華北平原、滹沱河と子牙河の間、微高地、自然堤防","上古音：「中」t -／t ǐuŋ／t joŋ／t iəwŋ／t rjəngw
上古音：「水」ɕ i̯wər／ɕ ǐwei／ç jued／stʰ jiwer／h rjidx","アイヌ語：中水＝「テュン・シル・アッ(tun-sir-at)」＝「間の・山が・たくさんある（ところ）」","jomon2_bnum12.html"
"冀州","河間郡","鄚県","後漢","河北省任丘市北部","華北平原の、微高地、自然堤防、北方に湖沼地帯","上古音：「鄚」- -／m uak／m uɑk／m wak／m ak","アイヌ語：鄚＝「ム・アク(mu-ak)」＝「ふさがっている・弟（のように小さい峰）」","jomon2_bnum12.html"
"冀州","河間郡","高陽県","","","","","※涿郡参照。","jomon2_bnum12.html"
"冀州","河間郡","文安県","後漢","河北省廊坊市文安県","華北平原、微高地、自然堤防、西方に湖沼地帯","上古音：「文」m i̯wən／m ǐwən／m juə̆n／m jwən／m jən
上古音：「安」ʔ ɑn／0 an／ʔ ɑn／ʔ an／· an","アイヌ語：文安＝「ムィ・アゥ・ウン・アゥ・ウン(muy-aw-un-aw-un)」＝「頂の・角、枝分かれ・にある（ところ・角、枝分かれ・にある（ところ）」※たくさんの頂の枝分かれ。","jomon2_bnum12.html"
"冀州","河間郡","束州県","後漢","河北省廊坊市大城県南西部","華北平原、微高地、自然堤防","上古音：「束」ɕ i̯uk／ɕ ǐwɔk／ɕ juk／stʰ jewk／sth juk
上古音：「州」tɕ -／ȶ ǐu／ȶ jŏɡ／t jəw／t jəgw","アイヌ語：束州＝「シル・ク・テュ・アク(sir-ku-tu-ak)」＝「山の・矢の（ように鋭い）・峰の・弟（のように小さいもの）」
※アイヌ語「ク＝弓」。中国大陸、朝鮮半島では「ク＝矢」の可能性。サハリン、シベリアのニヴフ（ギリヤーク）語も「ク＝矢」。","jomon2_bnum12.html"
"冀州","河間郡","成平県","後漢","河北省滄州市滄県西部","華北平原、渤海湾西岸","上古音：「成」ȡ i̯ĕŋ／ʑ ǐeŋ／ʑ jeŋ／d jieŋ／d jing
上古音：「平」bʰ i̯ĕŋ／b ǐeŋ／bʰ jĕŋ／b ieŋ／b jing","アイヌ語：成平＝「テュ・エ・エン・ピル・エ・エン(tu-e-en-pir-e-en)」＝「峰が・そこで・突き出ている（ところ）・傷（のように切り刻まれたもの）が・そこで・突き出ている（ところ）」","jomon2_bnum12.html"
"冀州","河間郡","東平舒県","後漢","河北省廊坊市大城県","華北平原、微高地、自然堤防、東方に湖沼地帯","上古音：「東」t uŋ／t ɔŋ／t ûŋ／t ewŋ／t ung
上古音：「平」bʰ i̯ĕŋ／b ǐeŋ／bʰ jĕŋ／b ieŋ／b jing
上古音：「舒」ɕ i̯o／ɕ ǐa／ɕ jaɡ／stʰ jaɣ／sth jag","アイヌ語：東平舒＝「テュン・ピル・エ・エン・シル・アク(tun-pir-e-en-sir-ak)」＝「間の・傷（のように切り刻まれた峰）が・そこで・突き出ている・山の・弟（のように小さいもの）」","jomon2_bnum12.html"
"冀州","清河郡、清河国","清陽県","前漢","河北省邢台市清河県","華北平原、微高地、自然堤防、鉅鹿沢","上古音：「清」tsʰ i̯ĕŋ／tsʰ ǐeŋ／tsʰ jeŋ／tsʰ jieŋ／tsh jing
上古音：「陽」d i̯aŋ／ʎ ǐaŋ／d jaŋ／r iaŋ／r ang","アイヌ語：清陽
＝「テュ・エ・エン・テュ・アゥ・ウン(tu-e-en-tu-aw-un)」＝「峰が・そこで・突き出ている（ところ）・峰の・角、枝分かれ・にある（ところ）」
or「テュ・エ・エン・リ・アゥ・ウン(tu-e-en-ri-aw-un)」＝「峰が・そこで・突き出ている（ところ）・高い・角、枝分かれ・にある（ところ）」","jomon2_bnum12.html"
"冀州","清河郡、清河国","東武城県","前漢","河北省衡水市故城県南部","華北平原、微高地、自然堤防","上古音：「東」t uŋ／t ɔŋ／t ûŋ／t ewŋ／t ung
上古音：「武」m i̯wo／m ǐwa／m juaɡ／m jwaɣ／m jagx
上古音：「城」ȡ i̯ĕŋ／ʑ ǐeŋ／ʑ jeŋ／d jieŋ／d jing","アイヌ語：東武城＝「テュン・ムィ・アク・テュ・エ・エン(tun-muy-ak-tu-e-en)」＝「間の・頂の・弟の（ように小さい）・峰が・そこで・突き出ている（ところ）」","jomon2_bnum12.html"
"冀州","清河郡、清河国","繹幕県","前漢","山東省徳州市平原県北西部","華北平原、微高地、自然堤防","上古音：「繹」d i̯ak／ʎ iak／d jăk／r iak／r ak
上古音：「幕」m ɑk／m uak／m uɑk／m wak／m ak","アイヌ語：繹幕＝「テュ・アク・ム・アク(tu-ak-mu-ak)」＝「峰の・弟（のように小さいもの）・ふさがっている・弟」","jomon2_bnum12.html"
"冀州","清河郡、清河国","霊県","前漢","山東省聊城市高唐県","華北平原、黄河の微高地、自然堤防","上古音：「靈」l ieŋ／l ieŋ／l ieŋ／l eŋ／l ing","アイヌ語：霊＝「リ・エン(ri-en)」＝「高く・突き出ている（ところ）」","jomon2_bnum12.html"
"冀州","清河郡、清河国","厝県","前漢","河北省邢台市清河県","華北平原、微高地、自然堤防、鉅鹿沢","上古音：「厝」tsʰ ɑk／tsʰ ak／tsʰ ɑk／tsʰ ak／tsh ak","アイヌ語：厝＝「テュ・アク(tu-ak)」＝「峰の・弟（のように小さいもの）」","jomon2_bnum12.html"
"冀州","清河郡、清河国","鄃県","前漢","山東省徳州市夏津県","華北平原、黄河の微高地、自然堤防","上古音：「鄃」- -／- -／d juɡ／r iew／r ug
上古音：「鄃」- -／- -／ɕ juɡ／stʰ jew／sth jug","アイヌ語：鄃
＝「テュク(tuk)」＝「小山」
or「シル・アク(sir-ak)」＝「山の・弟（のように小さいもの）」","jomon2_bnum12.html"
"冀州","清河郡、清河国","貝丘県","前漢","山東省聊城市臨清市","華北平原、黄河の微高地、自然堤防","上古音：「貝」p wɑd／p at／p uɑd／p war／p adh
上古音：「丘」kʰ i̯ŭɡ／kʰ ǐwə／kʰ juə̆ɡ／kʰ jwəɣ／kh jəg","アイヌ語：貝丘＝「プ・アッ・キル・アク(pu-at-kir-ak)」＝「倉（の屋根のような三角山）が・たくさんある・山脚の・弟（のように小さいもの）」","jomon2_bnum12.html"
"冀州","清河郡、清河国","信成県","前漢","河北省邢台市清河県北西部","華北平原、微高地、自然堤防、鉅鹿沢","上古音：「信」s i̯ĕn／s ǐen／s jen／s jien／s jinh
上古音：「成」ȡ i̯ĕŋ／ʑ ǐeŋ／ʑ jeŋ／d jieŋ／d jing","アイヌ語：信成＝「シル・エ・エン・テュ・エ・エン(sir-e-en-tu-e-en)」＝「山が・そこで・突き出ている（ところ）・峰が・そこで・突き出ている（ところ）」","jomon2_bnum12.html"
"冀州","清河郡、清河国","莎題県","前漢","河北省衡水市棗強県南西部","華北平原、微高地、自然堤防、衡水湖東岸","上古音：「莎」 s wɑ／s uai／s uɑ／s wa／s uar（&#140863;）
上古音：「題」dʰ ieɡ／d ie／dʰ ieɡ／d eɣ／d igh","アイヌ語：莎題＝「シル・アゥ・テュ・アク(sir-aw-tu-ak)」＝「山の・角、枝分かれ・峰の・弟（のように小さいもの）」","jomon2_bnum12.html"
"冀州","清河郡、清河国","東陽県","前漢","山東省徳州市平原県","華北平原、微高地、自然堤防","上古音：「東」t uŋ／t ɔŋ／t ûŋ／t ewŋ／t ung
上古音：「陽」d i̯aŋ／ʎ ǐaŋ／d jaŋ／r iaŋ／r ang","アイヌ語：東陽＝「テュン・テュ・アゥ・ウン(tun-tu-aw-un)」＝「間の・峰の・角、枝分かれ・にある（ところ）」","jomon2_bnum12.html"
"冀州","清河郡、清河国","信郷県","前漢","山東省聊城市臨清市","華北平原、黄河の微高地、自然堤防","上古音：「信」s i̯ĕn／s ǐen／s jen／s jien／s jinh
上古音：「鄉」x i̯aŋ／h ǐaŋ／x jaŋ／x jaŋ／h jang","アイヌ語：信郷＝「シル・エ・エン・シル・アゥ・ウン(sir-e-en-sir-aw-un)」＝「山が・そこで・突き出ている（ところ）・山の・角、枝分かれ・にある（ところ）」","jomon2_bnum12.html"
"冀州","清河郡、清河国","繚県","前漢","河北省南宮市南東部","華北平原、微高地、自然堤防、衡水湖南方","上古音：「繚」l i̯oɡ／l iau／l jɔɡ／l iaw／l jagwx","アイヌ語：繚＝「リ・アク(ri-ak)」＝「高い・弟（のように小さいもの）」","jomon2_bnum12.html"
"冀州","清河郡、清河国","棗強県","前漢","河北省衡水市棗強県","華北平原、微高地、自然堤防、衡水湖東岸","上古音：「棗」ts -／ts u／ts ôɡ／ts əw／ts əgwx
上古音：「強」ɡʰ i̯aŋ／g ǐaŋ／ɡʰ jaŋ／ɡ jaŋ／g jang","アイヌ語：棗強＝「テュ・アク・キル・アゥ・ウン(tu-ak-kir-aw-un)」＝「峰の・弟の（ように小さい）・山脚の・角、枝分かれ・にある（ところ）」","jomon2_bnum12.html"
"冀州","清河郡、清河国","復陽県","前漢","河北省衡水市故城県","華北平原、微高地、自然堤防","上古音：「復」bʰ -／b ǐuk／bʰ jok／b jəwk／b jəkw
上古音：「陽」d i̯aŋ／ʎ ǐaŋ／d jaŋ／r iaŋ／r ang
第百二十七回　中国漢代の県名（上古音）が示す！東夷、南蛮の言語はアイヌ語だった！～冀州甘陵国、甘陵郡／趙国、趙郡～","アイヌ語：復陽＝「ピル・アク・テュ・アゥ・ウン(pir-ak-tu-aw-un)」＝「傷の（ように切り刻まれた）・弟の（ように小さい）・峰の・角、枝分かれ・にある（ところ）」","jomon2_bnum12.html"
"冀州","甘陵国、甘陵郡","甘陵県","後漢","河北省邢台市清河県","華北平原、微高地、自然堤防、鉅鹿沢","上古音：「甘」k ɑm／k am／k ɑm／k am／k am
上古音：「陵」l i̯əŋ／l ǐəŋ／l jəŋ／l iəŋ／l jəng","アイヌ語：甘陵＝「ク・アム・リ・アゥ・ウン(ku-am-ri-aw-un)」＝「矢の（ように鋭い）・爪の（ように平べったく鋭い）・高い・角、枝分かれ・にある（ところ）」
※アイヌ語「ク＝弓」。中国大陸、朝鮮半島では「ク＝矢」の可能性。サハリン、シベリアのニヴフ（ギリヤーク）語も「ク＝矢」。","jomon2_bnum12.html"
"冀州","甘陵国、甘陵郡","広川県","後漢","山東省徳州市徳城区","華北平原、微高地、自然堤防","上古音：「廣」k wɑŋ／k uaŋ／k uɑŋ／k waŋ／kw angx
上古音：「川」ȶʰ i̯wan／ȶʰ ǐwən／- -／- -／th jiən","アイヌ語：広川＝「ク・アゥ・ウン・テュ・アゥ・ウン(ku-aw-un-tu-aw-un)」＝「矢の（ように鋭い）・角、枝分かれ・にある（ところ）・峰の・角、枝分かれ・にある（ところ）」
※アイヌ語「ク＝弓」。中国大陸、朝鮮半島では「ク＝矢」の可能性。サハリン、シベリアのニヴフ（ギリヤーク）語も「ク＝矢」。","jomon2_bnum12.html"
"冀州","趙国、趙郡","邯鄲県","前漢","河北省邯鄲市","太行山脈のふもと","上古音：「邯」- -／ɣ am／- -／- -／- -
上古音：「鄲」t ɑn／t an／t ɑn／t an／t an","アイヌ語：邯鄲＝「キル・アム・タ・アン(kir-am-ta-an)」＝「山脚の・爪（のように平べったく鋭いもの）・に・ある（ところ）」","jomon2_bnum12.html"
"冀州","趙国、趙郡","易陽県","前漢","河北省邯鄲市永年区南東部","太行山脈のふもとの華北平原","上古音：「易」d i̯ĕɡ／ʎ ǐe／d jeɡ／r ieɣ／r igh
上古音：「易」d i̯ĕk／ʎ ǐek／d jek／r iek／r ik
上古音：「陽」d i̯aŋ／ʎ ǐaŋ／d jaŋ／r iaŋ／r ang","アイヌ語：易陽
＝「リク・テュ・アゥ・ウン(rik-tu-aw-un)」＝「高台の・峰の・角、枝分かれ・にある（ところ）」
or「リク・リ・アゥ・ウン(rik-ri-aw-un)」＝「高台の・弟（のように小さいもの）・高い・角、枝分かれ・にある（ところ）」
or「テュ・アク・テュ・アゥ・ウン(tu-ak-tu-aw-un)」＝「峰の・弟の（ように小さい）・峰の・角、枝分かれ・にある（ところ）」
or「テュ・アク・リ・アゥ・ウン(tu-ak-ri-aw-un)」＝「峰の・弟の（ように小さい）・高い・角、枝分かれ・にある（ところ）」","jomon2_bnum12.html"
"冀州","趙国、趙郡","柏人県","前漢","河北省邢台市隆堯県","太行山脈のふもとの華北平原、微高地、自然堤防","上古音：「柏」p ăk／p eak／p uăk／p rwak／p rak
上古音：「人」ȵ i̯ĕn／ȵ ǐen／ȵ jen／n jien／n jin","アイヌ語：柏人＝「プ・アク・ニ・エ・エン(pu-ak-ni-e-en)」＝「倉の（屋根のような三角山の）・弟の（ように小さい）・棒（のように細長いもの）が・そこで・突き出ている（ところ）」","jomon2_bnum12.html"
"冀州","趙国、趙郡","襄国県","前漢","河北省邢台市信都区","太行山脈のふもと","上古音：「襄」sn i̯aŋ／s ǐaŋ／s jaŋ／s jaŋ／sn jang
上古音：「國」k wək／k uək／k uə̂k／k wək／kw ək","アイヌ語：襄国＝「シル・アゥ・ウン・ク・アク(sir-aw-un-ku-ak)」＝「山の・角、枝分かれ・にある・矢の（ように鋭い）・弟（のように小さい峰）or射る（ようなところ）」
※アイヌ語「ク＝弓」。中国大陸、朝鮮半島では「ク＝矢」の可能性。サハリン、シベリアのニヴフ（ギリヤーク）語も「ク＝矢」。","jomon2_bnum12.html"
"冀州","勃海郡","南皮県","前漢","河北省滄州市南皮県","渤海湾西岸、華北平原の微高地、自然堤防","上古音：「南」n əm／n əm／n ə̂m／n əm／n əm
上古音：「皮」bʰ ia／b ǐai／bʰ jua／b iwa／b jiar","アイヌ語：南皮＝「ニ・アム・ピル・アゥ(ni-am-pir-aw)」＝「棒の（ように細長い）・爪の（ように平べったく鋭い）・傷の（切り刻まれたような峰の）・角、枝分かれ」","jomon2_bnum12.html"
"冀州","勃海郡","高成県","前漢","河北省滄州市塩山県東南","渤海湾西岸、華北平原の微高地、自然堤防","上古音：「高」k oɡ／k au／k ɔ̂ɡ／k aw／k agw
上古音：「成」ȡ i̯ĕŋ／ʑ ǐeŋ／ʑ jeŋ／d jieŋ／d jing","アイヌ語：高成＝「ク・アク・テュ・エ・エン(ku-ak-tu-e-en)」＝「矢の（ように鋭い）・弟の（ように小さい）or射る・峰が・そこで・突き出ている（ところ）」
※アイヌ語「ク＝弓」。中国大陸、朝鮮半島では「ク＝矢」の可能性。サハリン、シベリアのニヴフ（ギリヤーク）語も「ク＝矢」。","jomon2_bnum12.html"
"冀州","勃海郡","浮陽県","前漢","河北省滄州市滄県","渤海湾西岸、華北平原の微高地、自然堤防","上古音：「浮」bʰ -／b ǐu／bʰ jŏɡ／b jəw／b jəgw
上古音：「陽」d i̯aŋ／ʎ ǐaŋ／d jaŋ／r iaŋ／r ang","アイヌ語：浮陽
＝「ピル・アク・テュ・アゥ・ウン(pir-ak-tu-aw-un)」＝「傷の（ように切り刻まれた）・弟の（ように小さい）・峰の・角、枝分かれ・にある（ところ）」","jomon2_bnum12.html"
"冀州","勃海郡","東光県","前漢","河北省滄州市南部","渤海湾西岸、華北平原の微高地、自然堤防","上古音：「東」t uŋ／t ɔŋ／t ûŋ／t ewŋ／t ung
上古音：「光」k wɑŋ／k uaŋ／k uɑŋ／k waŋ／kw angh","アイヌ語：東光＝「テュン・ク・アゥ・ウン(tun-ku-aw-un)」＝「間の・矢の（ように鋭い）・角、枝分かれ・にある（ところ）」
※アイヌ語「ク＝弓」。中国大陸、朝鮮半島では「ク＝矢」の可能性。サハリン、シベリアのニヴフ（ギリヤーク）語も「ク＝矢」。","jomon2_bnum12.html"
"冀州","勃海郡","章武県","前漢","河北省滄州市黄カ市常郭鎮","渤海湾西岸、華北平原の微高地、自然堤防","上古音：「章」ȶ i̯aŋ／ȶ ǐaŋ／ȶ jaŋ／t jaŋ／t jang
上古音：「武」m i̯wo／m ǐwa／m juaɡ／m jwaɣ／m jagx","アイヌ語：章武＝「テュ・アゥ・ウン・ムィ・アク(tu-aw-un-muy-ak)」＝「峰の・角、枝分かれ・にある・頂の・弟（のように小さいもの）」","jomon2_bnum12.html"
"冀州","勃海郡","陽信県","前漢","河北省濱州市陽新県","渤海湾西岸、華北平原の微高地、自然堤防","上古音：「陽」d i̯aŋ／ʎ ǐaŋ／d jaŋ／r iaŋ／r ang
上古音：「信」s i̯ĕn／s ǐen／s jen／s jien／s jinh","アイヌ語：陽信＝「テュ・アゥ・ウン・シル・エ・エン(tu-aw-un-sir-e-en)」＝「峰の・角、枝分かれ・にある・山が・そこで・突き出ている（ところ）」","jomon2_bnum12.html"
"冀州","勃海郡","益昌県","前漢","河北省廊坊市永清県","天津市西部の平原の微高地、自然堤防","上古音：「益」ʔ i̯ĕk／0 ǐek／ʔ jek／ʔ jiek／· jik
上古音：「昌」ȶʰ i̯aŋ／ȶʰ ǐaŋ／ȶʰ jaŋ／tʰ jaŋ／th jang","アイヌ語：益昌＝「イ・アク・テュ・アゥ・ウン(i-ak-tu-aw-un)」＝「その・弟の（ように小さい）・峰の・角、枝分かれ・にある（ところ）」","jomon2_bnum12.html"
"冀州","勃海郡","阿武県","前漢","河北省滄州市献県","平原。","上古音：「阿」ʔ ɑ／0 ai／ʔ ɑ／ʔ a／· ar
上古音：「武」m i̯wo／m ǐwa／m juaɡ／m jwaɣ／m jagx","アイヌ語：阿武＝「アゥ・ムィ・アク(aw-muy-ak)」＝「角、枝分かれた・頂の・弟（のように小さいもの）」","jomon2_bnum12.html"
"幽州","涿郡","涿県","前漢","河北省保定市涿州市","北京市南西の山裾の孤立丘","上古音：「涿」t ŭk／t eɔk／t uk／t rewk／t ruk","アイヌ語：涿＝「テュク(tuk)」＝「小山」","jomon2_bnum12.html"
"幽州","涿郡","遒県","前漢","河北省保定市淶水県","北京市南西の山塊、山裾。","上古音：「遒」ts -／ts ǐu／ts jŏɡ／ts jəw／ts jəgw
上古音：「遒」dzʰ -／dz ǐu／dzʰ jŏɡ／dz jəw／dz jəgw","アイヌ語：遒＝「テュ・アク・テュ・アク(tu-ak-tu-ak)」＝「峰の・弟（のように小さいもの）・峰の・弟（のように小さいもの）」※たくさんの小さな峰。","jomon2_bnum12.html"
"幽州","涿郡","故安県","前漢","河北省保定市易県南東部","北京市南西の山裾","上古音：「故」k o／k a／k ɑɡ／k aɣ／k agh
上古音：「安」ʔ ɑn／0 an／ʔ ɑn／ʔ an／· an","アイヌ語：故安＝「ク・アク・アゥ・ウン(ku-ak-aw-un)」＝「矢の（ように鋭い）・弟の（ように小さい）or射る・角、枝分かれ・にある（ところ）」
※アイヌ語「ク＝弓」。中国大陸、朝鮮半島では「ク＝矢」の可能性。サハリン、シベリアのニヴフ（ギリヤーク）語も「ク＝矢」。","jomon2_bnum12.html"
"幽州","涿郡","范陽県","前漢","河北省保定市定興県","北京市南西の山裾","上古音：「范」bʰ i̯wăm／b ǐwam／bʰ juăm／b jwam／b jamx
上古音：「陽」d i̯aŋ／ʎ ǐaŋ／d jaŋ／r iaŋ／r ang","アイヌ語：范陽＝「ピル・アム・テュ・アゥ・ウン(pir-am-tu-aw-un)」＝「傷の（ように切り刻まれた）・爪（のように平べったく鋭い）・峰の・角、枝分かれ・にある（ところ）」","jomon2_bnum12.html"
"幽州","涿郡","容城県","前漢","河北省保定市容城県","白洋淀湖畔の平原、微高地、自然堤防","上古音：「容」d i̯uŋ／ʎ ǐwɔŋ／ɡ juŋ／ɣr iewŋ／g rjung
上古音：「城」ȡ i̯ĕŋ／ʑ ǐeŋ／ʑ jeŋ／d jieŋ／d jing","アイヌ語：容城
＝「キル・ウン・テュ・エ・エン(kir-un-tu-e-en)」＝「山脚・にある・峰が・そこで・突き出ている（ところ）」","jomon2_bnum12.html"
"幽州","涿郡","易県","前漢","河北省保定市易県","北京市南西の山裾。","上古音：「易」d i̯ĕɡ／ʎ ǐe／d jeɡ／r ieɣ／r igh
上古音：「易」d i̯ĕk／ʎ ǐek／d jek／r iek／r ik","アイヌ語：易県
＝「リ・アク(ri-ak)」＝「高い・弟（のように小さい峰）」
or「テュ・アク(tu-ak)」＝「峰の・弟（のように小さい峰）」","jomon2_bnum12.html"
"幽州","涿郡","広望県","前漢","河北省保定市清苑区の西南","北京市南西の山裾の平原の微高地、自然堤防","上古音：「廣」k wɑŋ／k uaŋ／k uɑŋ／k waŋ／kw angx
上古音：「望」m i̯waŋ／m ǐwaŋ／m juaŋ／m jwaŋ／m jangh","アイヌ語：広望＝「ク・アゥ・ウン・ムィ・アゥ・ウン(ku-aw-un-muy-aw-un)」＝「矢の（ように鋭い）・角、枝分かれ・にある（ところ）・頂の・角、枝分かれ・にある（ところ）」
※アイヌ語「ク＝弓」。中国大陸、朝鮮半島では「ク＝矢」の可能性。サハリン、シベリアのニヴフ（ギリヤーク）語も「ク＝矢」。","jomon2_bnum12.html"
"幽州","涿郡","鄚県","前漢","河北省任丘市北部","華北平原、微高地、自然堤防、北方に湖沼地帯","上古音：「鄚」- -／m uak／m uɑk／m wak／m ak","アイヌ語：鄚＝「ム・アク(mu-ak)」＝「ふさがっている・弟（のように小さい峰）」","jomon2_bnum12.html"
"幽州","涿郡","高陽県","前漢","河北省保定市高陽県","華北平原、微高地、自然堤防、湖沼の南岸","上古音：「高」k oɡ／k au／k ɔ̂ɡ／k aw／k agw
上古音：「陽」d i̯aŋ／ʎ ǐaŋ／d jaŋ／r iaŋ／r ang","アイヌ語：高陽＝「ク・アク・テュ・アゥ・ウン(ku-ak-tu-aw-un)」＝「矢の（ように鋭い）・弟（のように小さい）or射る・峰の・角、枝分かれ・にある（ところ）」
※アイヌ語「ク＝弓」。中国大陸、朝鮮半島では「ク＝矢」の可能性。サハリン、シベリアのニヴフ（ギリヤーク）語も「ク＝矢」。","jomon2_bnum12.html"
"幽州","涿郡","樊輿県","前漢","河北省保定市清苑区","北京市南西の山裾の平原、微高地、自然堤防","上古音：「樊」bʰ i̯wăn／b ǐwan／bʰ juăn／b jwan／b jan
上古音：「輿」z i̯o／ʎ ǐa／- -／r iaɣ／- -","アイヌ語：樊輿＝「ピル・アゥ・ウン・リ・アク(pir-aw-un-ri-ak)」＝「傷の（ように切り刻まれた）・角、枝分かれ・にある・高い・弟（のように小さい峰）」","jomon2_bnum12.html"
"幽州","涿郡","成県","前漢","河北省保定市容城県","北京市南西の山裾の平原、微高地、自然堤防、湖沼北岸","上古音：「成」ȡ i̯ĕŋ／ʑ ǐeŋ／ʑ jeŋ／d jieŋ／d jing","アイヌ語：成＝「テュ・エ・エン(tu-e-en)」＝「峰が・そこで・突き出ている（ところ ）」","jomon2_bnum12.html"
"幽州","涿郡","良郷県","前漢","河北省北京市房山区南東部","山塊、山裾","上古音：「良」l i̯aŋ／l ǐaŋ／l jaŋ／l iaŋ／l jang
上古音：「鄉」x i̯aŋ／h ǐaŋ／x jaŋ／x jaŋ／h jang","アイヌ語：良郷＝「リ・アゥ・ウン・シル・アゥ・ウン(ri-aw-un-sir-aw-un)」＝「高い・角、枝分かれ・にある（ところ）・山の・角、枝分かれ・にある（ところ）」","jomon2_bnum12.html"
"幽州","涿郡","利郷県","前漢","河北省北京市房山区","山塊、山裾","上古音：「利」l i̯əd／l ǐei／l jed／l ier／l jidh
上古音：「鄉」x i̯aŋ／h ǐaŋ／x jaŋ／x jaŋ／h jang","アイヌ語：利郷＝「リ・アッ・シル・アゥ・ウン(ri-at-sir-aw-un)」＝「高い（ところが）・たくさんある・山の・角、枝分かれ・にある（ところ）」","jomon2_bnum12.html"
"幽州","涿郡","臨郷県","前漢","河北省北京市房山区","山塊、山裾","上古音：「臨」bl i̯əm／l ǐəm／l jəm／l iəm／bl jəmh
上古音：「鄉」x i̯aŋ／h ǐaŋ／x jaŋ／x jaŋ／h jang","アイヌ語：臨郷＝「リ・アム・シル・アゥ・ウン(ri-am-sir-aw-un)」＝「高い・爪の（ように平べったく鋭い）・山の・角、枝分かれ・にある（ところ）」","jomon2_bnum12.html"
"幽州","涿郡","西郷県","前漢","河北省北京市房山区","山塊、山裾。","上古音：「西」s iər／s iei／s ied／s er／s id
上古音：「鄉」x i̯aŋ／h ǐaŋ／x jaŋ／x jaŋ／h jang","アイヌ語：西郷＝「シル・アッ・シル・アゥ・ウン(sir-at-sir-aw-un)」＝「山が・たくさんある・山の・角、枝分かれ・にある（ところ）」","jomon2_bnum12.html"
"幽州","涿郡","陽郷県","前漢","河北省涿州市東部","山裾の岸辺、自然堤防","上古音：「陽」d i̯aŋ／ʎ ǐaŋ／d jaŋ／r iaŋ／r ang
上古音：「鄉」x i̯aŋ／h ǐaŋ／x jaŋ／x jaŋ／h jang","アイヌ語：陽郷＝「テュ・アゥ・ウン・シル・アゥ・ウン(tu-aw-un-sir-aw-un)」＝「峰の・角、枝分かれ・にある（ところ）・山の・角、枝分かれ・にある（ところ）」","jomon2_bnum12.html"
"幽州","涿郡","新昌県","前漢","河北省保定市高碑店市","山裾の平原、微高地、自然堤防","上古音：「新」s i̯ĕn／s ǐen／s jen／s jien／s jin
上古音：「昌」ȶʰ i̯aŋ／ȶʰ ǐaŋ／ȶʰ jaŋ／tʰ jaŋ／th jang","アイヌ語：新昌＝「シル・エ・エン・テュ・アゥ・ウン(sir-e-en-tu-aw-un)」＝「山が・そこで・突き出ている・峰の・角、枝分かれ・にある（ところ）」","jomon2_bnum12.html"
"幽州","涿郡","方城県","後漢","河北省廊坊市固安県","山裾の平原、微高地、自然堤防","上古音：「方」- -／- -／bʰ juaŋ／b jwaŋ／b jang
上古音：「方」p i̯waŋ／p ǐwaŋ／p juaŋ／p jwaŋ／p jang
上古音：「城」ȡ i̯ĕŋ／ʑ ǐeŋ／ʑ jeŋ／d jieŋ／d jing","アイヌ語：方城＝「ピル・アゥ・ウン・テュ・エ・エン(pir-aw-un-tu-e-en)」＝「傷の（ように切り刻まれた）・角、枝分かれ・にある・峰が・そこで・突き出ている（ところ）」","jomon2_bnum12.html"
"幽州","涿郡","北新城県","後漢","河北省保定市徐水区南西部","山裾の平原。","上古音：「北」p ək／p ək／p uə̂k／p wək／p ək
上古音：「新」s i̯ĕn／s ǐen／s jen／s jien／s jin
上古音：「城」ȡ i̯ĕŋ／ʑ ǐeŋ／ʑ jeŋ／d jieŋ／d jing","アイヌ語：北新城＝「プ・アク・シル・エ・エン・テュ・エ・エン(pu-ak-sir-e-en-tu-e-en)」＝「倉の（屋根のような三角山の）・弟（のように小さい）・山が・そこで・突き出ている（ところ）・峰が・そこで・突き出ている（ところ）」","jomon2_bnum12.html"
"幽州","燕、広陽郡、広陽国","薊県","前漢","北京市房山区","北京市南西部の山裾。","上古音：「薊」- -／k iat／k iæd／k ear／k iadh","アイヌ語：薊＝「キル・アッ(kir-at)」＝「山が・たくさんある」","jomon2_bnum12.html"
"幽州","燕、広陽郡、広陽国","方城県","前漢","河北省廊坊市固安県","平原の自然堤防","上古音：「方」- -／- -／bʰ juaŋ／b jwaŋ／b jang
上古音：「方」p i̯waŋ／p ǐwaŋ／p juaŋ／p jwaŋ／p jang
上古音：「城」ȡ i̯ĕŋ／ʑ ǐeŋ／ʑ jeŋ／d jieŋ／d jing","アイヌ語：方城＝「ピル・アゥ・ウン・テュ・エ・エン(pir-aw-un-tu-e-en)」＝「傷の（ように切り刻まれた）・角、枝分かれ・にある・峰が・そこで・突き出ている（ところ）」","jomon2_bnum12.html"
"幽州","燕、広陽郡、広陽国","広陽県","前漢","北京市房山区北東部","北京市南西部の山裾。","上古音：「廣」k wɑŋ／k uaŋ／k uɑŋ／k waŋ／kw angx
上古音：「陽」d i̯aŋ／ʎ ǐaŋ／d jaŋ／r iaŋ／r ang","アイヌ語：広陽＝「ク・アゥ・ウン・テュ・アゥ・ウン(ku-aw-un-tu-aw-un)」＝「矢の（ように鋭い）・角、枝分かれ・にある（ところ）・峰の・角、枝分かれ・にある（ところ）」
※アイヌ語「ク＝弓」。中国大陸、朝鮮半島では「ク＝矢」の可能性。サハリン、シベリアのニヴフ（ギリヤーク）語も「ク＝矢」。","jomon2_bnum12.html"
"幽州","燕、広陽郡、広陽国","陰郷県","前漢","北京市房山区南東部","北京市南西部の山裾","上古音：「陰」ʔ i̯əm／0 ǐəm／ʔ jəm／ʔ iəm／· jəm
上古音：「鄉」x i̯aŋ／h ǐaŋ／x jaŋ／x jaŋ／h jang","アイヌ語：陰郷＝「イ・アム・シル・アゥ・ウン(i-am-sir-aw-un)」＝「その・爪の（ように平べったく鋭い）・山の・角、枝分かれ・にある（ところ）」","jomon2_bnum12.html"
"幽州","燕、広陽郡、広陽国","昌平県","後漢","北京市昌平区","北京市北部の山裾","上古音：「昌」ȶʰ i̯aŋ／ȶʰ ǐaŋ／ȶʰ jaŋ／tʰ jaŋ／th jang
上古音：「平」bʰ i̯ĕŋ／b ǐeŋ／bʰ jĕŋ／b ieŋ／b jing","アイヌ語：昌平＝「テュ・アゥ・ウン・ピ・エ・エン(tu-aw-un-pi-e-en)」＝「峰の・角、枝分かれ・にある・石が・そこで・突き出ている（ところ）」","jomon2_bnum12.html"
"幽州","燕、広陽郡、広陽国","軍都県","後漢","","","","※上谷郡軍都県参照","jomon2_bnum12.html"
"幽州","燕、広陽郡、広陽国","安次県","後漢","河北省廊坊市安次区","北京市北部の山裾の平原、微高地、自然堤防医","上古音：「安」ʔ ɑn／0 an／ʔ ɑn／ʔ an／· an
上古音：「次」tsʰ i̯ər／tsʰ ǐei／tsʰ jed／tsʰ jier／tsh jidh","アイヌ語：安次＝「アゥ・ウン・テュ・アッ(aw-un-tu-at)」＝「角、枝分かれ・にある・峰が・たくさんある（ところ）」
※第一回～第三十一回「日本書紀のエラーコラム」／第三十二回～第九十二回「日出ずる国のエラーコラム」／第九十三回～「日没する国のエラーコラム」／第百九十七回～「日没する国のエラーコラム／第二百三回～「騎馬民族北方系渡来人のエラーコラム」／第五百七回～「継体の不審死と磐井の乱」／第五百三十五回～「三国史記朝鮮地名と倭人」","jomon2_bnum12.html"
"幽州","上谷郡","沮陽県","前漢","河北省張家口市懐来県","盆地、桑干河の岸辺","上古音：「沮」ts i̯o／ts ǐa／ts jaɡ／ts jaɣ／ts jagh
上古音：「沮」dzʰ i̯o／dz ǐa／dzʰ jaɡ／dz jaɣ／dz jagx
上古音：「陽」d i̯aŋ／ʎ ǐaŋ／d jaŋ／r iaŋ／r ang","アイヌ語：沮陽＝「テュ・アク・テュ・アゥ・ウン(tu-ak-tu-aw-un)」＝「峰の・弟の（ように小さい）・峰の・角、枝分かれ・にある（ところ）」","jomon2_bnum13.html"
"幽州","上谷郡","軍都県","前漢","北京市昌平区","北京市西部の山裾","上古音：「軍」k i̯wən／k ǐwən／- -／k jwən／- -
上古音：「都」t o／t a／t ɑɡ／t aɣ／t ag","アイヌ語：軍都＝「キル・アゥ・ウン・タク(kir-aw-un-tak)」＝「山脚の・角、枝分かれ・にある・石」","jomon2_bnum13.html"
"幽州","上谷郡","居庸県","前漢","北京市昌平区","北京市西部の山裾の岸辺、万里の長城の居庸関","上古音：「居」k i̯o／k ǐa／k jaɡ／k jaɣ／k jag
上古音：「庸」d i̯uŋ／ʎ ǐwɔŋ／d juŋ／r iewŋ／r ung","アイヌ語：居庸
＝「キル・アク・テュ・ウン(kir-ak-tu-un)」＝「山脚の・弟の（ように小さい）・峰・にある（ところ）」
or「キル・アク・テュン(kir-ak-tun)」＝「山脚の・弟の（ように小さい）・間」","jomon2_bnum13.html"
"幽州","上谷郡","雊瞀県","前漢","河北省張家口市蔚県北東部","盆地、低い山並み。西隣の盆地に通じる小さな谷、沢","上古音：「雊」k u／k ɔ／- -／k ew／- -
上古音：「庸」d i̯uŋ／ʎ ǐwɔŋ／d juŋ／r iewŋ／r ung","アイヌ語：雊瞀＝「ケゥ・テュ・ウン(kew-tu-un)」＝「死体の・峰・にある（ところ）」※古代の墳墓があるところ。","jomon2_bnum13.html"
"幽州","上谷郡","寧県","前漢","河北省張家口市万全県一帯","盆地西部の洋河の岸辺、低い山並み、丘陵","上古音：「寧」n ieŋ／n ieŋ／n ieŋ／- -／n ing","アイヌ語：寧＝「ニ・エ・エン(ni-e-en)」＝「棒の（ような細長い峰）が・そこで・突き出ている（ところ）」","jomon2_bnum13.html"
"幽州","上谷郡","広寧県","前漢","河北省張家口市涿鹿県一帯","盆地西部の洋河の岸辺、低い山並み、丘陵","上古音：「廣」k wɑŋ／k uaŋ／k uɑŋ／k waŋ／kw angx
上古音：「寧」n ieŋ／n ieŋ／n ieŋ／- -／n ing","アイヌ語：広寧＝「ク・アゥ・ウン・ニ・エ・エン(ku-aw-un-ni-e-en)」＝「矢の（ように鋭い）・角、枝分かれ・にある・棒（のように細長い峰）が・そこで・突き出ている（ところ）」
※アイヌ語「ク＝弓」。中国大陸、朝鮮半島では「ク＝矢」の可能性。サハリン、シベリアのニヴフ（ギリヤーク）語も「ク＝矢」。","jomon2_bnum13.html"
"幽州","上谷郡","涿鹿県","前漢","河北省張家口市涿鹿県","盆地西部の洋河の岸辺、低い山並み、丘陵","上古音：「涿」t ŭk／t eɔk／t uk／t rewk／t ruk
上古音：「鹿」l uk／l ɔk／- -／l ewk／- -","アイヌ語：涿鹿＝「テュク・ル・ク(tuk-ru-ku)」＝「小山の・消えかかった・矢（のように鋭いもの）」
※アイヌ語「ク＝弓」。中国大陸、朝鮮半島では「ク＝矢」の可能性。サハリン、シベリアのニヴフ（ギリヤーク）語も「ク＝矢」。","jomon2_bnum13.html"
"幽州","上谷郡","且居県","前漢","河北省張家口市宣化区南東部","盆地西部の洋河の岸辺、低い山並み、丘陵","上古音：「且」tsʰ i̯ɔ／ts ia／tsʰ jăɡ／tsʰ jiaɣ／tsh jiagx
上古音：「居」k i̯o／k ǐa／k jaɡ／k jaɣ／k jag","アイヌ語：且居＝「テュ・アク・キル・アク(tu-ak-kir-ak)」＝「峰の・弟（のように小さいもの）・山脚の・弟（のように小さいもの）」","jomon2_bnum13.html"
"幽州","上谷郡","女祁県","前漢","河北省赤城県南部","洋河の北岸の山塊、谷","上古音：「女」n i̯o／n ǐa／n jaɡ／n iaɣ／n rjagh
上古音：「祁」ɡʰ i̯ær／g ǐei／ɡʰ jed／ɡ ier／g jid","アイヌ語：女祁＝「ニ・アク・キル・アッ(ni-ak-kir-at)」＝「棒の（ように細長い）・弟（のように小さい）・山脚が・たくさんある（ところ）」","jomon2_bnum13.html"
"幽州","漁陽郡","漁陽県","後漢","北京市密雲区南西部","潮河上流の山裾、盆地、山塊","上古音：「漁」ŋ i̯o／ŋ ǐa／ŋ jaɡ／ŋ jaɣ／ng jag
上古音：「陽」d i̯aŋ／ʎ ǐaŋ／d jaŋ／r iaŋ／r ang","アイヌ語：漁陽＝「キル・アク・テュ・アゥ・ウン(kir-ak-tu-aw-un)」＝「山脚の・弟の（ように小さい）・峰の・角、枝分かれ・にある（ところ）」","jomon2_bnum13.html"
"幽州","漁陽郡","狐奴県","後漢","北京市順義区北東部","潮白河流域の山裾","上古音：「狐」ɡʰ wo／ɣ a／ɣ uɑɡ／ɡ waɣ／gw ag
上古音：「奴」n o／n a／n ɑɡ／n aɣ／n ag","アイヌ語：狐奴＝「キル・アク・ニ・アク(kir-ak-ni-ak)」＝「山脚の・弟（のように小さいもの）・棒の（ように細長い峰の）・弟」","jomon2_bnum13.html"
"幽州","漁陽郡","潞県","後漢","北京市通州区","潮白河流域の平地の微高地、自然堤防","上古音：「潞」ɡl ɑɡ／l a／l ɑɡ／l aɣ／gl agh","アイヌ語：潞
＝「ル・アク(ru-ak)」＝「消えかかった・弟（のように小さい峰）」
or「ラケ(rake)」＝「低地」","jomon2_bnum13.html"
"幽州","漁陽郡","安楽県","後漢","北京市順義区北西部","潮白河上流の山地のふもと。","上古音：「安」ʔ ɑn／0 an／ʔ ɑn／ʔ an／· an
上古音：「樂」ŋl ŏk／ŋ eauk／ŋ ɔk／ŋ rawk／ng rakw
上古音：「樂」ɡl ɔk／l auk／l ɔ̂k2／l awk／ngl akw","アイヌ語：安楽
＝「アゥ・ウン・キル・アク(aw-un-kir-ak)」＝「角、枝分かれ・にある・山脚の・弟（のように小さいもの）」
or「アゥ・ウン・ル・アク(aw-un-ru-ak)」＝「角、枝分かれ・にある・消えかかった・弟（のように小さい峰）」","jomon2_bnum13.html"
"幽州","漁陽郡","雍奴県","後漢","天津市武清区","潮白新河西岸の低地、微高地、自然堤防","上古音：「雍」ʔ i̯uŋ／0 ǐwɔŋ／- -／ʔ jewŋ／- -
上古音：「奴」n o／n a／n ɑɡ／n aɣ／n ag","アイヌ語：雍奴＝「ウ・アゥ・ウン・ニ・アク(u-aw-un-ni-ak)」＝「互いに重なるような・枝分かれ・にある・棒の（ように細長い）・弟（のように小さい峰）」","jomon2_bnum13.html"
"幽州","漁陽郡","泉州県","後漢","天津市武清区南西部","潮白新河西岸の低地、微高地、自然堤防","上古音：「泉」dzʰ i̯wan／d ǐwan／dzʰ juæn／dz jiwan／dz juan
上古音：「州」tɕ ／ȶ ǐ u／ȶ jŏ ɡ／t jəw／t jəgw","アイヌ語：泉州＝「テュ・アゥ・ウン・テュ・アク(tu-aw-un-tu-ak)」＝「峰の・角、枝分かれ・にある・峰の・弟（のように小さい峰）」","jomon2_bnum13.html"
"幽州","漁陽郡","平谷県","後漢","北京市平谷区","潮白河東岸の山地のふもと","上古音：「平」bʰ i̯ĕŋ／b ǐeŋ／bʰ jĕŋ／b ieŋ／b jing
上古音：「谷」k uk／k ɔk／k ûk／k ewk／k uk
上古音：「谷」- -／- -／l ûk／l ewk／l uk
上古音：「谷」ɡ i̯uk／ʎ ǐwɔk／ɡ juk／ɣr iewk／g rjuk
上古音：「谷」- -／- -／ɡʰ jak／ɡ jak／g jak","アイヌ語：平谷
＝「ピ・エ・エン・キル・アク(pi-e-en-kir-ak)」＝「石が・そこで・突き出ている・山脚の・弟（のように小さいもの）」
or「ピル・エ・エン・ル・アク(pir-e-en-ru-ak)」＝「石が・そこで・突き出ている・消えかかった・弟（のように小さい峰）」","jomon2_bnum13.html"
"幽州","漁陽郡","傂奚県","後漢","北京市密雲区","潮河上流の山裾、盆地、山塊","上古音：「傂」--／dieg／--／--／rjig ,srjig
上古音：「奚」ɡʰ ieɡ／ɣ ie／ɣ ieɡ／ɡ eɣ／g ig","アイヌ語：傂奚＝「テュ・アク・キル・アク(tu-ak-kir-ak)」＝「峰の・弟（のように小さいもの）・山脚の・弟（のように小さいもの）」","jomon2_bnum13.html"
"幽州","漁陽郡","獷平県","後漢","北京市密雲区","潮河上流の山裾、盆地、山塊","上古音：「獷」k wăŋ／k ǐwaŋ／k uăŋ／k rwaŋ／kw rangx
上古音：「平」bʰ i̯ĕŋ／b ǐeŋ／bʰ jĕŋ／b ieŋ／b jing","アイヌ語：獷平＝「ク・アゥ・ウン・ピ・エ・エン(ku-aw-un-pi-e-en)」＝「矢の（ように鋭い）・角、枝分かれ・にある・石が・そこで・突き出ている（ところ）」
※アイヌ語「ク＝弓」。中国大陸、朝鮮半島では「ク＝矢」の可能性。サハリン、シベリアのニヴフ（ギリヤーク）語も「ク＝矢」。","jomon2_bnum13.html"
"幽州","漁陽郡","要陽県","後漢","河北省承徳市豊寧満族自治県","潮河上流の岩山","上古音：「要」ʔ i̯oɡ／0 ǐau／ʔ jɔɡ／ʔ jiaw／· jiagwh
上古音：「陽」d i̯aŋ／ʎ ǐaŋ／d jaŋ／r iaŋ／r ang","アイヌ語：要陽＝「イェ・アク・テュ・アゥ・ウン(ye-ak-tu-aw-un)」＝「石、岩の・弟（のように小さい）・峰の・角、枝分かれ・にある（ところ）」","jomon2_bnum13.html"
"幽州","漁陽郡","白檀県","後漢","河北省承徳市灤平県北東部","潮河上流東北の山塊。","上古音：「白」bʰ ăk／b eak／bʰ uăk／b rwak／b rak
上古音：「檀」dʰ ɑn／d an／dʰ ɑn／d an／d an","アイヌ語：白檀＝「プ・アク・テュ・アゥ・ウン(pu-ak-tu-aw-un)」＝「倉の（屋根のような三角山の）・弟の（ように小さい）・峰の・角、枝分かれ・にある（ところ）」","jomon2_bnum13.html"
"幽州","漁陽郡","滑塩県","後漢","河北省承徳市灤平県南部","潮河上流の山塊","上古音：「滑」- -／k uət／k uə̂t／k wət／kw ət
上古音：「滑」k wət／- -／ɣ uə̂t／ɡ wət／gw ət
上古音：「滑」ɡʰ wæt／ɣ oət／ɣ uət／ɡ rwət／gw rət
上古音：「鹽」- -／ʎ ǐam／ɡ jam／ɣr iam／g rjam
第百三十三回　中国漢代の県名（上古音）が示す！東夷、南蛮の言語はアイヌ語だった！～幽州右北平郡／遼西郡～","アイヌ語：滑塩
＝「ク・アッ・キル・アム(ku-at-kir-am)」＝「矢の（ように鋭いもの）が・たくさんある・山脚の・爪（のように平べったく鋭いもの）」
or「キル・アッ・キル・アム(kir-at-kir-am)」＝「山脚が・たくさんある・山脚の・爪（のように平べったく鋭いもの）」
※アイヌ語「ク＝弓」。中国大陸、朝鮮半島では「ク＝矢」の可能性。サハリン、シベリアのニヴフ（ギリヤーク）語も「ク＝矢」。","jomon2_bnum13.html"
"幽州","右北平郡","平剛県","前漢","内モンゴル自治区赤峰市寧城県","北京市東北の山塊のふもと","上古音：「平」bʰ i̯ĕŋ／b ǐeŋ／bʰ jĕŋ／b ieŋ／b jing
上古音：「剛」k ɑŋ／k aŋ／k ɑŋ／k aŋ／k ang","アイヌ語：平剛＝「ピ・エ・エン・ク・アゥ・ウン(pi-e-en-ku-aw-un)」＝「石が・そこで・突き出ている・矢の（ように鋭い）・角、枝分かれ・にある（ところ）」
※アイヌ語「ク＝弓」。中国大陸、朝鮮半島では「ク＝矢」の可能性。サハリン、シベリアのニヴフ（ギリヤーク）語も「ク＝矢」。","jomon2_bnum13.html"
"幽州","右北平郡","無終県","前漢","天津市薊州区","北京市東方の山塊のふもと。","上古音：「無」m i̯wo／m ǐwa／m juaɡ／m jwaɣ／m jag
上古音：「終」ȶ ／- -／ȶ ǐuŋ／ȶ joŋ／t jəwŋ／t jəngw","アイヌ語：無終＝「ムィ・アク・テュ・アゥ・ウン(muy-ak-tu-aw-un)」＝「頂の・弟（のように小さい）・峰の・角、枝分かれ・にある（ところ）」","jomon2_bnum13.html"
"幽州","右北平郡","俊靡県","前漢","河北省遵化市北西部","北京市東方の山塊のふもと、入り江、盆地","上古音：「俊」ts i̯wən／ts iwən／ts juən／ts jiwən／ts jənh
上古音：「靡」m ia／m ǐai／m jua／m iwa／m jiarx","アイヌ語：俊靡＝「テュ・エ・エン・ムィ・アゥ(tu-e-en-muy-aw)」＝「峰が・そこで・突き出ている・頂の・角、枝分かれ」","jomon2_bnum13.html"
"幽州","右北平郡","徐無県","前漢","河北省遵化市東部","北京市東方の山塊のふもと、入り江、盆地","上古音：「徐」dz i̯o／z ǐa／z jaɡ／r jaɣ／sd jag
上古音：「無」m i̯wo／m ǐwa／m juaɡ／m jwaɣ／m jag","アイヌ語：徐無＝「テュ・アク・ムィ・アク(tu-ak-muy-ak)」＝「峰の・弟（のように小さいもの）・頂の・弟」","jomon2_bnum13.html"
"幽州","右北平郡","土垠県","前漢","河北省唐山市豊潤区銀城舗鎮","北京市東方の山塊のふもとの小山。","上古音：「土」tʰ o／tʰ a／tʰ ɑɡ／tʰ aɣ／th agx
上古音：「土」dʰ o／- -／- -／d aɣ／- -
上古音：「垠」ŋ i̯ən／ŋ ǐən／ŋ jə̆n／ŋ jən／ng jən
上古音：「垠」- -／- -／ŋ ə̂n／ŋ ən／ng ən","アイヌ語：土垠＝「テュ・アク・キル・アゥ・ウン(tu-ak-kir-aw-un)」＝「峰の・弟の（ように小さい）・山脚の・角、枝分かれ・にある（ところ）」","jomon2_bnum13.html"
"幽州","右北平郡","白狼県","前漢","遼寧省朝陽市カラチン左翼モンゴル族自治県南西部","北京市東北方の山　※通説では郡名は白狼山からという","上古音：「白」bʰ ăk／b eak／bʰ uăk／b rwak／b rak
上古音：「狼」 l ɑŋ／l aŋ／l ɑŋ／l aŋ／l ang","アイヌ語：白狼＝「プ・アク・ル・アゥ・ウン(pu-ak-ru-aw-un)」＝「倉の（屋根のような三角山の）・弟の（ように小さい）・消えかかった・角、枝分かれ・にある（ところ）」","jomon2_bnum13.html"
"幽州","遼西郡","且慮県","前漢","遼寧省朝陽市西部","北京市東北方の山","上古音：「且」tsʰ i̯ɔ／ts ia／tsʰ jăɡ／tsʰ jiaɣ／tsh jiagx
上古音：「慮」l i̯o／l ǐa／l jaɡ／l iaɣ／l jagh","アイヌ語：且慮＝「テュ・アク・リ・アク(tu-ak-ri-ak)」＝「峰の・弟（のように小さいもの）・高い・弟」","jomon2_bnum13.html"
"幽州","遼西郡","海陽県","前漢","河北省唐山市灤州市西南","北京市東方の山裾","上古音：「海」xm əɡ／h ə／x ə̂ɡ, x uə̂ɡ／xm əɣ／hm əgx
上古音：「陽」d i̯aŋ／ʎ ǐaŋ／d jaŋ／r iaŋ／r ang","アイヌ語：海陽＝「シル・アク・テュ・アゥ・ウン(sir-ak-tu-aw-un)」＝「山の・弟の（ように小さい）・峰の・角、枝分かれ・にある（ところ）」","jomon2_bnum13.html"
"幽州","遼西郡","新安平県","前漢","河北省唐山市灤州市北西部","北京市東方の山裾","上古音：「新」s i̯ĕn／s ǐen／s jen／s jien／s jin
上古音：「安」ʔ ɑn／0 an／ʔ ɑn／ʔ an／· an
上古音：「平」bʰ i̯ĕŋ／b ǐeŋ／bʰ jĕŋ／b ieŋ／b jing","アイヌ語：安平＝「シル・エ・エン・アゥ・ウン・ピ・エ・エン(sir-e-en-aw-un-pi-e-en)」＝「山が・そこで・突き出ている・角、枝分かれ・にある・石が・そこで・突き出ている（ところ）」","jomon2_bnum13.html"
"幽州","遼西郡","柳城県","前漢","遼寧省朝陽市朝陽県南西部","北京市と遼東半島の中間の山地、山裾、谷。","上古音：「柳」l -／l ǐu／l jŏɡ／l iəw／l jəgwx
上古音：「城」ȡ i̯ĕŋ／ʑ ǐeŋ／ʑ jeŋ／d jieŋ／d jing","アイヌ語：柳城＝「レル・アク・テュ・エ・エン(rer-ak-tu-e-en)」＝「山陰、山向こうの・弟の（ように小さい）・峰が・そこで・突き出ている（ところ）」","jomon2_bnum13.html"
"幽州","遼西郡","令支県","前漢","河北省遷安市南西部","北京市東方の山裾","上古音：「令」l i̯ĕŋ／l ieŋ／l jeŋ／l ieŋ／l jingh
上古音：「支」ȶ i̯ĕɡ／ȶ ǐe／c jeɡ／t jieɣ／k rjig","アイヌ語：令支＝「リ・エン・テュ・アク(ri-en-tu-ak)」＝「高く・突き出ている・峰の・弟（のように小さいもの）」","jomon2_bnum13.html"
"幽州","遼西郡","肥如県","前漢","河北省秦皇島市盧竜県北部","北京市東方の山裾、青龍河の東岸の山裾","上古音：「肥」bʰ i̯wər／b ǐwəi／bʰ juə̆d／b jiwər／b jəd
上古音：「如」ȵ i̯o／ȵ ǐa／ȵ jaɡ／n jaɣ／n jagh","アイヌ語：肥如＝「ピル・アッ・ニ・アク(pir-at-ni-ak)」＝「傷（のように切り刻まれたもの）が・たくさんある・棒の（ように細長い）・弟（のように小さい峰）」","jomon2_bnum13.html"
"幽州","遼西郡","陽楽県","前漢","遼寧省錦州市義県西部","渤海湾北岸の峰に挟まれた低地。","上古音：「陽」d i̯aŋ／ʎ ǐaŋ／d jaŋ／r iaŋ／r ang
上古音：「樂」ŋl ŏk／ŋ eauk／ŋ ɔk／ŋ rawk／ng rakw
上古音：「樂」ɡl ɔk／l auk／l ɔ̂k2／l awk／ngl akw","アイヌ語：陽楽＝「テュ・アゥ・ウン・キル・アク(tu-aw-un-kir-ak)」＝「峰の・角、枝分かれ・にある・山脚の・弟（のように小さいもの）」","jomon2_bnum13.html"
"幽州","遼西郡","徒河県","前漢","遼寧省錦州市一帯","渤海湾北岸","上古音：「徒」dʰ o／d a／dʰ ɑɡ／d aɣ／d ag
上古音：「河」ɡʰ ɑ／ɣ ai／ɣ ɑ／ɡ a／g ar","アイヌ語：徒河＝「テュ・アク・キル・アゥ(tu-ak-kir-aw)」＝「峰の・弟の（ように小さい）・山脚の・角、枝分かれ」","jomon2_bnum13.html"
"幽州","遼西郡","文成県","前漢","遼寧省葫芦島市建昌県東部","北京市と遼東半島の中間の山地","上古音：「文」m i̯wən／m ǐwən／m juə̆n／m jwən／m jən
上古音：「成」ȡ i̯ĕŋ／ʑ ǐeŋ／ʑ jeŋ／d jieŋ／d jing","アイヌ語：文成＝「ムィ・アゥ・ウン・テュ・エ・エン(muy-aw-un-tu-e-en)」＝「頂の・角、枝分かれ・にある・峰が・そこで・突き出ている（ところ）」","jomon2_bnum13.html"
"幽州","遼西郡","絫県（累県）","前漢","河北省秦皇島市昌黎県南東部","北京市東方、渤海湾西岸の平地、山裾","上古音：「絫」- -／- -／l juər／l iwə／l jərx","アイヌ語：絫＝「リ・アゥ(ri-aw)」＝「高い・角、枝分かれ」","jomon2_bnum13.html"
"幽州","代郡","桑乾県","前漢","河北省張家口市蔚県北東部","北京市西方の盆地、山裾。","上古音：「桑」s ɑŋ／s aŋ／s ɑŋ／s aŋ／s ang
上古音：「乾」k ɑn／k an／k ɑn／k an／k an
上古音：「乾」ɡʰ i̯an／g ǐan／ɡʰ jan／ɡ ian／g jian","アイヌ語：桑乾＝「サン・ク・アゥ・ウン(san-ku-aw-un)」＝「前に出る・矢の（ように鋭い峰の）・角、枝分かれ・にある（ところ）」
※アイヌ語「ク＝弓」。中国大陸、朝鮮半島では「ク＝矢」の可能性。サハリン、シベリアのニヴフ（ギリヤーク）語も「ク＝矢」。","jomon2_bnum13.html"
"幽州","代郡","道人県","前漢","山西省大同市陽高県南東部","北京市西方、大同盆地、山裾。桑干河の岸辺","上古音：「道」dʰ -／d u／dʰ ôɡ／d əw／d əgwx
上古音：「人」ȵ i̯ĕn／ȵ ǐen／ȵ jen／n jien／n jin","アイヌ語：道人＝「タク・ニ・エ・エン(tak-ni-e-en)」＝「石の・棒（のように細長いもの）が・そこで・突き出ている（ところ）」","jomon2_bnum13.html"
"幽州","代郡","馬城県","前漢","河北省張家口市懐安県西部","張家口市西部、洋河の岸辺、小さな山、山裾","上古音：「馬」m ɔ／m ea／m uăɡ／m rwaɣ／m ragx
上古音：「城」ȡ i̯ĕŋ／ʑ ǐeŋ／ʑ jeŋ／d jieŋ／d jing","アイヌ語：馬城＝「ム・アク・テュ・エ・エン(mu-ak-tu-e-en)」＝「ふさがっている・弟の（ように小さい）・峰が・そこで・突き出ている（ところ）」","jomon2_bnum13.html"
"幽州","代郡","班氏県","前漢","山西省大同市南東部","張家口市西部、山西高原、大同盆地、洋河の岸辺、小さな山、山裾。","上古音：「班」p wan／p ean／p uan／p rwan／p ran
上古音：「氏」ȡ i̯ĕɡ／ȶ ǐe／j jeɡ／d jieɣ／g rjigx","アイヌ語：班氏＝「プ・アゥ・ウン・テュ・アク(pu-aw-un-tu-ak)」＝「倉の（屋根のような三角山の）・角、枝分かれ・にある・峰の・弟（のように小さいもの）」","jomon2_bnum13.html"
"幽州","代郡","狋氏県","前漢","山西省大同市陽高県南東部","山西高原山塊、盆地、谷、崖。","上古音：「狋」- -／- -／ŋ jed／ŋ ier／ng jid
上古音：「氏」ȡ i̯ĕɡ／ȶ ǐe／j jeɡ／d jieɣ／g rjigx","アイヌ語：狋氏＝「キル・アッ・テュ・アク(kir-at-tu-ak)」＝「山脚が・たくさんある・峰の・弟（のように小さいもの）」","jomon2_bnum13.html"
"幽州","代郡","平邑県","前漢","山西省大同市雲州区","山西高原盆地、谷","上古音：「平」bʰ i̯ĕŋ／b ǐeŋ／bʰ jĕŋ／b ieŋ／b jing
上古音：「邑」ʔ i̯əp／0 ǐəp／ʔ jəp／ʔ iəp／· jəp","アイヌ語：平邑＝「ピ・エ・エン・イ・アプ(pi-e-en-i-ap)」＝「石が・そこで・突き出ている・その・釣り針（のように曲がった川、峰）」","jomon2_bnum13.html"
"幽州","代郡","陽原県","前漢","河北省張家口市陽原県","","上古音：「陽」d i̯aŋ／ʎ ǐaŋ／d jaŋ／r iaŋ／r ang
上古音：「原」ŋ i̯wăn／ŋ ǐwan／ŋ juăn／ŋ jwan／ngw jan","アイヌ語：陽原
＝「テュ・アゥ・ウン・キル・アゥ・ウン(tu-aw-un-kir-aw-un)」＝「峰の・角、枝分かれ・にある（ところ）・山脚の・角、枝分かれ・にある（ところ）」
or「リ・アゥ・ウン・キル・アゥ・ウン(ri-aw-un-kir-aw-un)」＝「高い・角、枝分かれ・にある（ところ）・山脚の・角、枝分かれ・にある（ところ）」","jomon2_bnum13.html"
"幽州","代郡","東安陽県","前漢","河北省張家口市陽原県南東部","川岸、川岸の峰","上古音：「東」t uŋ／t ɔŋ／t ûŋ／t ewŋ／t ung
上古音：「安」ʔ ɑn／0 an／ʔ ɑn／ʔ an／· an
上古音：「陽」d i̯aŋ／ʎ ǐaŋ／d jaŋ／r iaŋ／r ang","アイヌ語：東安陽＝「テュン・アゥ・ウン・テュ・アゥ・ウン(tun-aw-un-tu-aw-un)」＝「間の・角、枝分かれ・にある（ところ）・峰の・角、枝分かれ・にある（ところ）」","jomon2_bnum13.html"
"幽州","代郡","参合県","前漢","山西省大同市陽高県南部","山西高原川岸、川岸の峰","上古音：「三」s əm／s əm／s ə̂m／s əm／s əm
上古音：「合」ɡʰ əp／ɣ əp／ɣ ə̂p／ɡ əp／g əp
上古音：「合」- -／k əp／k ə̂p／k əp／k əp","アイヌ語：参合＝「サム・キル・アプ(sam-kir-ap)」＝「隣の・山脚の・釣り針（のように曲がった川）」","jomon2_bnum13.html"
"幽州","代郡","平舒県","前漢","山西省大同市広霊県西部","山西高原川岸の峰","上古音：「平」bʰ i̯ĕŋ／b ǐeŋ／bʰ jĕŋ／b ieŋ／b jing
上古音：「舒」ɕ i̯o／ɕ ǐa／ɕ jaɡ／stʰ jaɣ／sth jag","アイヌ語：平舒
＝「ピル・エ・エン・シル・アク(pir-e-en-sir-ak)」＝「傷（のように切り刻まれたもの）が・そこで・突き出ている・弟（のように小さい峰）」
or「ピ・エ・エン・シル・アク(pi-e-en-sir-ak)」＝「石が・そこで・突き出ている・弟（のように小さい峰）」","jomon2_bnum13.html"
"幽州","代郡","代県","前漢","河北省張家口市蔚県北東部","盆地","上古音：「代」dʰ əɡ／d ə／dʰ ə̂ɡ／d əɣ／d əgh","アイヌ語：代＝「タク(tak)」＝「石」","jomon2_bnum13.html"
"幽州","代郡","霊丘県","前漢","河北省張家口市蔚県北東部","盆地東部の山塊","上古音：「靈」l ieŋ／l ieŋ／l ieŋ／l eŋ／l ing
上古音：「丘」kʰ i̯ŭɡ／kʰ ǐwə／kʰ juə̆ɡ／kʰ jwəɣ／kh jəg","アイヌ語：霊丘＝「リ・エン・キル・アク(ri-en-kir-ak)」＝「高く・突き出ている・山脚の・弟（のように小さいもの）」","jomon2_bnum13.html"
"幽州","代郡","鹵城県","前漢","朝鮮半島北部","山裾の川沿いの低地","上古音：「鹵」l o／l a／l ɑɡ／l aɣ／l agx
上古音：「城」ȡ i̯ĕŋ／ʑ ǐeŋ／ʑ jeŋ／d jieŋ／d jing
第百三十五回　中国漢代の県名（上古音）が示す！東夷、南蛮の言語はアイヌ語だった！～幽州玄菟郡／真番郡／臨屯郡／楽浪郡～
上古音：「樂」ŋl ŏk／ŋ eauk／ŋ ɔk／ŋ rawk／ng rakw
上古音：「樂」ɡl ɔk／l auk／l ɔ̂k2／l awk／ngl akw
上古音：「浪」l ɑŋ／l aŋ／l ɑŋ／l aŋ／l angh
上古音：「玄」ɡʰ iwen／ɣ iwen／ɣ iuen／ɡ wen／gw in
上古音：「菟」- -／tʰ a／- -／d aɣ／- -
上古音：「真」ȶ i̯ĕn／ȶ ǐen／ȶ jen／t jien／t jin
上古音：「番」pʰ i̯wăn／pʰ ǐwan／pʰ juăn／pʰ jwan／ph jan
上古音：「番」- -／pʰ uan／pʰ uɑn／pʰ wan／ph an
上古音：「番」p wɑr／p uai／- -／p wa／- -
上古音：「番」- -／p uai／p uɑ／p wa／p arh
上古音：「臨」bl i̯əm／l ǐəm／l jəm／l iəm／bl jəmh
上古音：「屯」t i̯wən／- -／t juən／t iwən／t rjən
上古音：「屯」 dʰ wən／d uən／dʰ uə̂n／d wən／d ən","アイヌ語：鹵城＝「ル・アク・テュ・エ・エン(ru-ak-tu-e-en)」＝「消えかかった・弟の（ように小さい）・峰が・そこで・突き出ている（ところ）」
アイヌ語：楽浪
＝「キル・アク・ル・アゥ・ウン(kir-ak-ru-aw-un)」＝「山脚の・弟の（ように小さい）・消えかかった・角、枝分かれ・にある（ところ）」
or「ル・アク・ル・アゥ・ウン(ru-ak-ru-aw-un)」＝「消えかかった・弟の（ように小さい）・消えかかった・角、枝分かれ・にある（ところ）」
アイヌ語：玄菟＝「キル・エ・エン・テュ・アク(kir-e-en-tu-ak)」＝「山脚が・そこで・突き出ている・峰の・弟（のように小さいもの）」
アイヌ語：真番
＝「テュ・エ・エン・ピル・アゥ・ウン(tu-e-en-pir-aw-un)」＝「峰が・そこで・突き出ている・傷の（ように切り刻まれた）・角、枝分かれ・にある（ところ）」
or「テュ・エ・エン・プ・アゥ・ウン(tu-e-en-pu-aw-un)」＝「峰が・そこで・突き出ている・倉の（屋根のような三角山の）・角、枝分かれ・にある（ところ）」
アイヌ語：臨屯
＝「リ・アム・テュ・アゥ・ウン(ri-am-tu-aw-un)」＝「高い・爪の（ように平べったく鋭い）・峰の・角、枝分かれ・にある（ところ）」","jomon2_bnum13.html"
"豫州","潁川郡","昆陽県","漢～","河南省平頂山市","灞源山地の東の山裾の湖沼地帯","上古音：「昆」k wən／k uən／k uə̂n／k wən／kw ən
上古音：「陽」d i̯aŋ／ʎ ǐaŋ／d jaŋ／r iaŋ／r ang","アイヌ語：昆陽
＝「ク・アゥ・ウン・テュ・アゥ・ウン(ku-aw-un-tu-aw-un)」＝「矢の（ように鋭い）・角、枝分かれ・にある（ところ）・峰の・角、枝分かれ・にある（ところ）」
or「ク・アゥ・ウン・リ・アゥ・ウン(ku-aw-un-ri-aw-un)」＝「矢の（ように鋭い）・角、枝分かれ・にある（ところ）・高い・角、枝分かれ・にある（ところ）」
※アイヌ語「ク＝弓」。中国大陸、朝鮮半島では「ク＝矢」の可能性。サハリン、シベリアのニヴフ（ギリヤーク）語も「ク＝矢」。","jomon2_bnum13.html"
"豫州","潁川郡","潁陽県","漢～","河南省鄭州市登封市","灞源山地の東麓の独立した山地","上古音：「潁」- -／ʎ ǐweŋ／ɡ jueŋ／- -／gw rjingx
上古音：「陽」d i̯aŋ／ʎ ǐaŋ／d jaŋ／r iaŋ／r ang","アイヌ語：潁陽
＝「キル・エ・エン・テュ・アゥ・ウン(kir-e-en-tu-aw-un)」＝「山脚が・そこで・突き出ている・峰の・角、枝分かれ・にある（ところ）」
or「キル・エ・エン・リ・アゥ・ウン(kir-e-en-ri-aw-un)」＝「山脚が・そこで・突き出ている・高い・角、枝分かれ・にある（ところ）」","jomon2_bnum13.html"
"豫州","潁川郡","定陵県","漢～","河南省漯河市舞陽県","灞源山地の東麓の独立した山地の山裾の平地、微高地、自然堤防","上古音：「定」dʰ ieŋ／d ieŋ／dʰ ieŋ／d eŋ／d ingh
上古音：「定」t ieŋ／- -／- -／t eŋ／- -
上古音：「陵」l i̯əŋ／l ǐəŋ／l jəŋ／l iəŋ／l jəng","アイヌ語：定陵＝「テュ・エ・エン・リ・アゥ・ウン(tu-e-en-ri-aw-un)」＝「峰が・そこで・突き出ている・高い・角、枝分かれ・にある（ところ）」","jomon2_bnum13.html"
"豫州","潁川郡","長社県","漢～","河南省許昌市長葛市","灞源山地の東麓の独立した山地の山裾","上古音：「長」t i̯aŋ／t ǐaŋ／t jaŋ／t iaŋ／t rjangx
上古音：「長」dʰ i̯aŋ／d ǐaŋ／dʰ jaŋ／d iaŋ／d rjangh
上古音：「社」ȡ i̯ɔ／ʑ ia／ʑ jăɡ／d jiaɣ／d jiagx","アイヌ語：長社＝「テュ・アゥ・ウン・テュ・アク(tu-aw-un-tu-ak)」＝「峰の・角、枝分かれ・にある・峰の・弟（のように小さいもの）」","jomon2_bnum13.html"
"豫州","潁川郡","新汲県","漢～","河南省周口市扶溝県","灞源山地の東麓の独立した山地の山裾、微高地、自然堤防","上古音：「新」s i̯ĕn／s ǐen／s jen／s jien／s jin
上古音：「汲」k i̯əp／k ǐəp／k jəp／k iəp／k jəp","アイヌ語：新汲＝「シル・エ・エン・キル・アプ(sir-e-en-kir-ap)」＝「山が・そこで・突き出ている・山脚の・釣り針（のように曲がった川）」","jomon2_bnum13.html"
"豫州","潁川郡","襄城県","漢～","河南省許昌市襄城県","灞源山地の東麓の独立した山地の山裾、沙河北岸、支流汝河の岸辺","上古音：「襄」sn i̯aŋ／s ǐaŋ／s jaŋ／s jaŋ／sn jang
上古音：「城」ȡ i̯ĕŋ／ʑ ǐeŋ／ʑ jeŋ／d jieŋ／d jing","アイヌ語：襄城＝「シル・アゥ・ウン・テュ・エ・エン(sir-aw-un-tu-e-en)」＝「山の・角、枝分かれ・にある・峰が・そこで・突き出ている（ところ）」","jomon2_bnum13.html"
"豫州","潁川郡","郾県","漢～","河南省漯河市郾城区","灞源山地の東麓の平原","上古音：「郾」ʔ i̯ăn／- -／ʔ jăn／ʔ jan／· janh","アイヌ語：郾＝「イ・アゥ・ウン(i-aw-un)」＝「その・枝分かれ（の川）・にある（ところ）」","jomon2_bnum13.html"
"豫州","潁川郡","郟県","漢～","河南省平頂山市郟県","灞源山地の東麓の平原","上古音：「郟」k ăp／k eap／k ɐp／k riap／k riap","アイヌ語：郟＝「キル・アプ(kir-ap)」＝「山脚の・釣り針（のように曲がった川）」","jomon2_bnum13.html"
"豫州","潁川郡","舞陽県","漢～","河南省漯河市舞陽県","灞源山地の東麓の独立した山地の山裾の平地、微高地、自然堤防","上古音：「舞」m i̯wo／m ǐwa／m juaɡ／m jwaɣ／m jagx
上古音：「陽」d i̯aŋ／ʎ ǐaŋ／d jaŋ／r iaŋ／r ang","アイヌ語：舞陽＝「ムィ・アク・テュ・アゥ・ウン(muy-ak-tu-aw-un)」＝「頂の・弟の（ように小さい）・峰の・角、枝分かれ・にある（ところ）」","jomon2_bnum13.html"
"豫州","潁川郡","潁陰県","漢～","河南省許昌市魏都区","灞源山地の東麓の独立した山地の山裾の平地、微高地、自然堤防","上古音：「潁」- -／ʎ ǐweŋ／ɡ jueŋ／- -／gw rjingx
上古音：「陰」ʔ i̯əm／0 ǐəm／ʔ jəm／ʔ iəm／· jəm","アイヌ語：潁陰＝「キル・エ・エン・イ・アム(kir-e-en-i-am)」＝「山脚が・そこで・突き出ている・その・爪（のように平べったく鋭いもの）」","jomon2_bnum13.html"
"豫州","潁川郡","崇高県","漢～","河南省鄭州市登封市","灞源山地の東麓の独立した山地の間、谷","上古音：「崇」dʐʰ -／dʒ ǐuŋ／dzʰ oŋ／dz iəwŋ／dz rjəngw
上古音：「高」k oɡ／k au／k ɔ̂ɡ／k aw／k agw","アイヌ語：崇高＝「テュ・エ・エン・ク・アク(tu-e-en-ku-ak)」＝「峰が・そこで・突き出ている・矢の（ように鋭い）・弟（のように小さいもの）or射る（ようなところ）」
※アイヌ語「ク＝弓」。中国大陸、朝鮮半島では「ク＝矢」の可能性。サハリン、シベリアのニヴフ（ギリヤーク）語も「ク＝矢」。","jomon2_bnum13.html"
"豫州","潁川郡","許県","漢～","河南省許昌市建安区","灞源山地の東麓の独立した山地の山裾の平地、微高地、自然堤防","上古音：「許」x i̯o／h ǐa／x jaɡ／x jaɣ／hng jagx","アイヌ語：許＝「シル・アク(sir-ak)」＝「山の・弟（のように小さいもの）」","jomon2_bnum13.html"
"豫州","潁川郡","鄢陵県","漢～","河南省許昌市鄢陵県","灞源山地の東麓の独立した山地の山裾の平地、微高地、自然堤防","上古音：「鄢」- -／0 ǐan／ʔ jăn／ʔ jan／· janh
上古音：「陵」l i̯əŋ／l ǐəŋ／l jəŋ／l iəŋ／l jəng","アイヌ語：鄢陵＝「イ・アゥ・ウン・リ・エン(i-aw-un-ri-en)」＝「その・角、枝分かれ（の川）・にある・高く・突き出ている（ところ）」","jomon2_bnum13.html"
"豫州","潁川郡","臨潁県","漢～","河南省漯河市臨潁県","灞源山地の東麓の独立した山地の山裾の平地、微高地、自然堤防","上古音：「臨」bl i̯əm／l ǐəm／l jəm／l iəm／bl jəmh
上古音：「潁」- -／ʎ ǐweŋ／ɡ jueŋ／- -／gw rjingx","アイヌ語：臨潁＝「リ・アム・キル・エ・エン(ri-am-kir-e-en)」＝「高い・爪の（ように平べったく鋭い）・山脚が・そこで・突き出ている（ところ）」","jomon2_bnum13.html"
"豫州","潁川郡","父城県","漢～","河南省平頂山市宝豊県","灞源山地の東麓の独立した山地の山裾","上古音：「父」p i̯wo／p ǐwa／- -／p jwaɣ／- -
上古音：「父」bʰ i̯wo／b ǐwa／bʰ juaɡ／b jwaɣ／b jagx
上古音：「城」ȡ i̯ĕŋ／ʑ ǐeŋ／ʑ jeŋ／d jieŋ／d jing","アイヌ語：父城＝「ピル・アク・テュ・エ・エン(pir-ak-tu-e-en)」＝「傷の（ように切り刻まれた）・弟の（ように小さい）・峰が・そこで・突き出ている（ところ）」","jomon2_bnum13.html"
"豫州","潁川郡","成安県","","","","","※陳留郡成安県参照。","jomon2_bnum13.html"
"豫州","潁川郡","周承休県","漢～","河南省汝州市","灞源山地東麓、独立した山地との間の谷","上古音：「周」ȶ  -／ȶ ǐu／ȶ jŏɡ／t jəw／t jəgw
上古音：「承」ȡ i̯əŋ／ʑ ǐəŋ／j jəŋ／d jiəŋ／g rjəng
上古音：「休」x  -／h ǐu／x jŏɡ／x jəw／h jəgw","アイヌ語：周承休＝「テュ・アク・テュ・アゥ・ウン・シル・アク(tu-ak-tu-aw-un-sir-ak)」＝「峰の・弟の（ように小さい）・峰の・角、枝分かれ・にある・山の・弟（のように小さいもの）」","jomon2_bnum13.html"
"豫州","潁川郡","陽城県","漢～","河南省鄭州市登封市","灞源山地東麓、独立した山地の谷","上古音：「陽」d i̯aŋ／ʎ ǐaŋ／d jaŋ／r iaŋ／r ang
上古音：「城」ȡ i̯ĕŋ／ʑ ǐeŋ／ʑ jeŋ／d jieŋ／d jing","アイヌ語：陽城
＝「テュ・アゥ・ウン・テュ・エ・エン(tu-aw-un-tu-e-en)」＝「峰の・角、枝分かれ・にある・峰が・そこで・突き出ている（ところ）」
or「リ・アゥ・ウン・テュ・エ・エン(ri-aw-un-tu-e-en)」＝「高い・角、枝分かれ・にある・峰が・そこで・突き出ている（ところ）」","jomon2_bnum13.html"
"豫州","潁川郡","綸氏県","漢～","河南省鄭州市登封市","灞源山地東麓、独立した山地の谷、嵩山の麓","上古音：「綸」l i̯wən／l ǐwən／l juən／l iwən／l jən
上古音：「綸」- -／k oən／k uən／k rwən／kw rən
上古音：「氏」ȡ i̯ĕɡ／ȶ ǐe／j jeɡ／d jieɣ／g rjigx","アイヌ語：綸氏
＝「リ・アゥ・ウン・テュ・アク(ri-aw-un-tu-ak)」＝「高い・角、枝分かれ・にある・峰の・弟（のように小さいもの）」
or「クル・ウン・テュ・アク(kur-un-tu-ak)」＝「神・にある・峰の・弟（のように小さいもの）」","jomon2_bnum13.html"
"豫州","汝南郡","平輿県","漢～","河南省駐馬店市平輿県","淮河支流の上流の岸、微高地、自然堤防","上古音：「平」bʰ i̯ĕŋ／b ǐeŋ／bʰ jĕŋ／b ieŋ／b jing
上古音：「輿」 z i̯o／ʎ ǐa／- -／r iaɣ／- -","アイヌ語：平輿＝「ピル・エ・エン・リ・アク(pir-e-en-ri-ak)」＝「傷（のように切り刻まれたもの）が・そこで・突き出ている・高い・弟（のように小さいもの）」","jomon2_bnum13.html"
"豫州","汝南郡","富陂県","漢～","安徽省阜陽市阜南県","淮河支流の北岸の平原、微高地、自然堤防","上古音：「富」p i̯ŭɡ／p ǐwə／p juə̆ɡ／p jwəɣ／p jəgh
上古音：「陂」p ia／p ǐai／p jua／p iwa／p jiarh","アイヌ語：富陂＝「ピル・アク・ピル・アゥ(pir-ak-pir-aw)」＝「傷の（ように切り刻まれた）・弟（のように小さいもの）・傷の・角、枝分かれ」","jomon2_bnum13.html"
"豫州","汝南郡","㶏強県","漢～","河南省許昌市長葛市","淮河支流の上流の岸、山裾、微高地、自然堤防","上古音：「㶏」- -／- -／ʔ jə̆n／ʔ jən／· jənh
上古音：「強」ɡʰ i̯aŋ／g ǐaŋ／ɡʰ jaŋ／ɡ jaŋ／g jang","アイヌ語：㶏強＝「イ・アゥ・ウン・キル・アゥ・ウン(i-aw-un-kir-aw-un)」＝「その・（川の）角、枝分かれ・にある・山脚の・角、枝分かれ・にある（ところ）」","jomon2_bnum13.html"
"豫州","汝南郡","汝陽県","漢～","河南省周口市商水県","淮河支流の上流の岸、微高地、自然堤防","上古音：「汝」ȵ i̯o／ȵ ǐa／ȵ jaɡ／n jaɣ／n jagx
上古音：「陽」d i̯aŋ／ʎ ǐaŋ／d jaŋ／r iaŋ／r ang","アイヌ語：汝陽
＝「ニ・アク・テュ・アゥ・ウン(ni-ak-tu-aw-un)」＝「棒の（ように細長い）・弟の（ように小さい）・峰の・角、枝分かれ」","jomon2_bnum13.html"
"豫州","汝南郡","鮦陽県","漢～","安徽省阜陽市臨泉県","淮河北岸、支流の岸、微高地、自然堤防","上古音：「鮦」- -／- -／dʰ ûŋ／d ewŋ／d ung
上古音：「陽」d i̯aŋ／ʎ ǐaŋ／d jaŋ／r iaŋ／r ang","アイヌ語：鮦陽＝「テュン・テュ・アゥ・ウン(tun-tu-aw-un)」＝「（川の）間の・峰の・角、枝分かれ・にある（ところ）」","jomon2_bnum13.html"
"豫州","汝南郡","安成県","漢～","河南省駐馬店市汝南県","淮河北岸、宿鴨湖沿岸、微高地、自然堤防","上古音：「安」ʔ ɑn／0 an／ʔ ɑn／ʔ an／· an
上古音：「成」ȡ i̯ĕŋ／ʑ ǐeŋ／ʑ jeŋ／d jieŋ／d jing","アイヌ語：安成＝「アゥ・ウン・テュ・エ・エン(aw-un-tu-e-en)」＝「（川の）角、枝分かれ・にある・峰が・そこで・突き出ている（ところ）」","jomon2_bnum13.html"
"豫州","汝南郡","宜春県","漢～","河南省駐馬店市汝南県","淮河北岸、宿鴨湖沿岸、微高地、自然堤防","上古音：「宜」ŋ ia／ŋ ǐai／ŋ ja／ŋ ia／ng jar
上古音：「春」ȶʰ i̯wən／ȶʰ ǐwən／ȶʰ juən／tʰ jiwən／th jən","アイヌ語：宜春＝「キル・アゥ・テュ・エ・エン(kir-aw-tu-e-en)」＝「山脚の・角、枝分かれの・峰が・そこで・突き出ている（ところ）」","jomon2_bnum13.html"
"豫州","汝南郡","新蔡県","漢～","河南省駐馬店市新蔡県","淮河北岸の平原、微高地、自然堤防","上古音：「新」s i̯ĕn／s ǐen／s jen／s jien／s jin
上古音：「蔡」tsʰ ɑd／tsʰ at／tsʰ ɑd／tsʰ ar／tsh adh","アイヌ語：新蔡＝「シル・エ・エン・テュ・アッ(sir-e-en-tu-at)」＝「山が・そこで・突き出ている・峰が・たくさんある（ところ）」","jomon2_bnum13.html"
"豫州","汝南郡","灈陽県","漢～","河南省駐馬店市遂平県","淮河北岸、枝分かれた山地の麓","上古音：「灈」- -／- -／ɡʰ juaɡ／ɡ jwaɣ／gw jiag
上古音：「陽」d i̯aŋ／ʎ ǐaŋ／d jaŋ／r iaŋ／r ang","アイヌ語：灈陽
＝「キル・アク・テュ・アゥ・ウン(kir-ak-tu-aw-un)」＝「山脚の・弟の（ように小さい）・峰の・角、枝分かれ」
or「キル・アク・リ・アゥ・ウン(kir-ak-ri-aw-un)」＝「山脚の・弟の（ように小さい）・高い・角、枝分かれ」","jomon2_bnum13.html"
"豫州","汝南郡","慎陽県","漢～","河南省駐馬店市正陽県","淮河北岸の山裾の平原、微高地、自然堤防","上古音：「慎」ȡ i̯ĕn／ʑ ǐen／ʑ jen／d jien／d jinh
上古音：「陽」d i̯aŋ／ʎ ǐaŋ／d jaŋ／r iaŋ／r ang","アイヌ語：慎陽
＝「テュ・エ・エン・テュ・アゥ・ウン(tu-e-en-tu-aw-un)」＝「峰が・そこで・突き出ている（ところ）・峰の・角、枝分かれ・にある（ところ）」","jomon2_bnum13.html"
"豫州","汝南郡","召陵県","漢～","河南省漯河市召陵区","淮河北岸の支流沿岸の平原、微高地、自然堤防","上古音：「召」dʰ i̯oɡ／d ǐau／- -／d iaw／- -
上古音：「召」ȡ i̯oɡ／ʑ ǐau／- -／d jiaw／- -
上古音：「陵」l i̯əŋ／l ǐəŋ／l jəŋ／l iəŋ／l jəng","アイヌ語：召陵＝「テュ・アゥ・リ・アゥ・ウン(tu-aw-ri-aw-un)」＝「峰の・角、枝分かれ・高い・角、枝分かれ・にある（ところ）」","jomon2_bnum13.html"
"豫州","汝南郡","弋陽県","漢～","河南省信陽市潢川県","淮河南岸の山裾","上古音：「弋」d i̯ək／ʎ ǐək／d jək／r iək／r ək
上古音：「陽」d i̯aŋ／ʎ ǐaŋ／d jaŋ／r iaŋ／r ang","アイヌ語：弋陽
＝「テュ・アク・テュ・アゥ・ウン(tu-ak-tu-aw-un)」＝「峰の・弟の（ように小さい）・峰の・角、枝分かれ」
or「リ・アク・リ・アゥ・ウン(ri-ak-ri-aw-un)」＝「高い・弟の（ように小さい）・高い・角、枝分かれ」","jomon2_bnum13.html"
"豫州","汝南郡","西平県","漢～","河南省駐馬店市西平県","淮河北岸、枝分かれた山地の麓の平原、微高地、自然堤防","上古音：「西」s iər／s iei／s ied／s er／s id
上古音：「平」bʰ i̯ĕŋ／b ǐeŋ／bʰ jĕŋ／b ieŋ／b jing","アイヌ語：西平＝「シル・アッ・ピル・エ・エン(sir-at-pir-e-en)」＝「山が・たくさんある・傷（のように切り刻まれたもの）が・そこで・突き出ている（ところ）」","jomon2_bnum13.html"
"豫州","汝南郡","上蔡県","漢～","河南省駐馬店市上蔡県","淮河北岸、枝分かれた山地の麓の平原、微高地、自然堤防","上古音：「上」ȡ i̯aŋ／ʑ ǐaŋ／ʑ jaŋ／d jaŋ／d jangh
上古音：「蔡」tsʰ ɑd／tsʰ at／tsʰ ɑd／tsʰ ar／tsh adh","アイヌ語：上蔡＝「テュ・アゥ・ウン・テュ・アッ(tu-aw-un-tu-at)」＝「峰の・角、枝分かれ・にある・峰が・たくさんある（ところ）」","jomon2_bnum13.html"
"豫州","汝南郡","寝県","漢～","河南省信陽市固始県","淮河南岸、支流の史河上流の山裾","上古音：「寢」tsʰ i̯əm／tsʰ ǐəm／tsʰ jəm／tsʰ jiəm／tsh jəmx","アイヌ語：寝＝「テュ・イ・アム(tu-i-am)」＝「峰・その・爪（のように平べったく鋭いもの ）」","jomon2_bnum13.html"
"豫州","汝南郡","西華県","漢～","河南省周口市西華県","灞源山地の東、淮河支流の潁河上流の岸辺の平原、微高地、自然堤防","上古音：「西」s iər／s iei／s ied／s er／s id
上古音：「華」ɡʰ wɔ／ɣ oa／ɣ uăɡ／ɡ rwaɣ／gw ragh","アイヌ語：西華＝「シル・アッ・キル・アク(sir-at-kir-ak)」＝「山が・たくさんある・山脚の・弟（のように小さいもの）」","jomon2_bnum13.html"
"豫州","汝南郡","項県","漢～","河南省周口市項城市","灞源山地の東、淮河支流の潁河上流の岸辺の平原、微高地、自然堤防","上古音：「項」ɡʰ ŭŋ／ɣ eɔŋ／ɣ uŋ／ɡ rewŋ／g rungx","アイヌ語：項＝「キル・ウン(kir-un)」＝「山脚・にある（ところ）」","jomon2_bnum13.html"
"豫州","汝南郡","新郪県","漢～","安徽省阜陽市太和県","灞源山地の東、淮河支流の潁河上流の岸辺の平原、微高地、自然堤防、崗地","上古音：「新」s i̯ĕn／s ǐen／s jen／s jien／s jin
上古音：「郪」- -／- -／tsʰ ied／tsʰ er／tsh id","アイヌ語：新郪＝「シル・ウン・テュ・アッ(sir-un-tu-at)」＝「山・にある・峰が・たくさんある（ところ）」","jomon2_bnum13.html"
"豫州","汝南郡","安昌県","漢～","河南省駐馬店市確山県","淮河北岸の枝分かれた山裾","上古音：「安」ʔ ɑn／0 an／ʔ ɑn／ʔ an／· an
上古音：「昌」ȶʰ i̯aŋ／ȶʰ ǐaŋ／ȶʰ jaŋ／tʰ jaŋ／th jang","アイヌ語：安昌＝「アゥ・ウン・テュ・アゥ・ウン(aw-un-tu-aw-un)」＝「（川の）角、枝分かれ・にある・峰の・枝分かれ・にある（ところ）」","jomon2_bnum13.html"
"豫州","汝南郡","安陽県","漢～","河南省安陽市安陽県","黄河中流西岸の太行山脈の山裾","上古音：「安」ʔ ɑn／0 an／ʔ ɑn／ʔ an／· an
上古音：「陽」d i̯aŋ／ʎ ǐaŋ／d jaŋ／r iaŋ／r ang","アイヌ語：安陽＝「アゥ・ウン・テュ・アゥ・ウン(aw-un-tu-aw-un)」＝「（川の）角、枝分かれ・にある・峰の・角、枝分かれ・にある（ところ）」","jomon2_bnum13.html"
"豫州","梁国、梁郡","碭県","漢～","安徽省宿州市碭山県","微山湖西方の平原、古黄河、微高地、自然堤防","上古音：「碭」dʰ ɑŋ／d aŋ／dʰ ɑŋ／d aŋ／d angh","アイヌ語：碭＝「テュ・アゥ・ウン(tu-aw-un)」＝「峰の・角、枝分かれ・にある（ところ）」","jomon2_bnum13.html"
"豫州","梁国、梁郡","甾県","漢～","河南省商丘市民権県","微山湖西方の平原、微高地、自然堤防","上古音：「甾」 tʂ i̯əɡ／- -／ts əɡ／ts iəɣ／ts rjəg","アイヌ語：甾＝「テュ・アク(tu-ak)」＝「峰の・弟（のように小さいもの）」","jomon2_bnum13.html"
"豫州","梁国、梁郡","杼秋県","漢～","安徽省宿州市蕭県","微山湖西南の山裾","上古音：「杼」 dʰ i̯o／ȡ ǐa／ȡʰ jaɡ／zd jaɣ／d jagx
上古音：「秋」tsʰ -／tsʰ ǐu／tsʰ jŏɡ／tsʰ jəw／tsh jəgw","アイヌ語：杼秋＝「テュ・アク・テュ・アク(tu-ak-tu-ak)」＝「峰の・弟（のように小さいもの）・峰の・弟」※たくさんの小さな峰。","jomon2_bnum13.html"
"豫州","梁国、梁郡","蒙県","漢～","河南省商丘市梁園区","微山湖西方の平原、微高地、自然堤防","上古音：「蒙」m uŋ／m ɔŋ／m ûŋ／m ewŋ／m ung","アイヌ語：蒙＝「モン(mon)」＝「手（のひらのような形の峰、土手）」","jomon2_bnum13.html"
"豫州","梁国、梁郡","己氏県","漢～","山東省菏沢市曹県","微山湖西方の平原、微高地、自然堤防","上古音：「己」k i̯əɡ／k ǐə／k jəɡ／k iəɣ／k jəgx
上古音：「氏」ȡ i̯ĕɡ／ȶ ǐe／j jeɡ／d jieɣ／g rjigx","アイヌ語：己氏＝「キル・アク・テュ・アク(kir-ak-tu-ak)」＝「山脚の・弟（のように小さいもの）・峰の・弟」","jomon2_bnum13.html"
"豫州","梁国、梁郡","虞県","漢～","河南省商丘市虞城県","微山湖西方の平原、微高地、自然堤防","上古音：「虞」ŋ i̯wo／ŋ ǐwa／ŋ juaɡ／ŋ jwaɣ／ngw jag","アイヌ語：虞＝「キル・アク(kir-ak)」＝「山脚の・弟（のように小さいもの）」","jomon2_bnum13.html"
"豫州","梁国、梁郡","下邑県","漢～","安徽省宿州市碭山県","微山湖西方の平原、微高地、自然堤防、黄河故道","上古音：「下」ɡʰ ɔ／ɣ ea／ɣ ăɡ／ɡ raɣ／g ragx
上古音：「邑」ʔ i̯əp／0 ǐəp／ʔ jəp／ʔ iəp／· jəp","アイヌ語：下邑＝「キル・アク・イ・アプ(kir-ak-i-ap)」＝「山脚の・弟（のように小さいもの）・その・釣り針（のように曲がった川、黄河）」","jomon2_bnum13.html"
"豫州","梁国、梁郡","睢陽県","漢～","河南省商丘市睢陽区","微山湖西方の平原、微高地、自然堤防","上古音：「睢」- -／s ǐwəi／s juəd／s jiwər／st jəd
上古音：「睢」- -／- -／ x juəd／x jiwər／hw jiədh
上古音：「陽」d i̯aŋ／ʎ ǐaŋ／d jaŋ／r iaŋ／r ang","アイヌ語：睢陽＝「シル・アッ・テュ・アゥ・ウン(sir-at-tu-aw-un)」＝「山が・たくさんある・峰の・角、枝分かれ・にある（ところ）」","jomon2_bnum13.html"
"豫州","沛郡","竜亢県","漢～","安徽省蚌埠市懐遠県","淮河沿岸の湖沼地帯の残丘","上古音：「龍」l i̯uŋ／l ǐwɔŋ／l juŋ／l iewŋ／l jung
上古音：「亢」kʰ ɑŋ／kʰ aŋ／kʰ ɑŋ／kʰ aŋ／kh angh","アイヌ語：竜亢＝「レル・ウン・ク・アゥ・ウン(rer-un-ku-aw-un)」＝「山向こう、山陰・にある・矢の（ように鋭い）・角、枝分かれ・にある（ところ）」
※アイヌ語「ク＝弓」。中国大陸、朝鮮半島では「ク＝矢」の可能性。サハリン、シベリアのニヴフ（ギリヤーク）語も「ク＝矢」。","jomon2_bnum13.html"
"豫州","沛郡","竹県","漢～","安徽省宿州市埇橋区","微山湖南方の山並みの麓","上古音：「竹」t／t ǐuk／t jok／t iəwk／t rjəkw","アイヌ語：竹＝「テュ・アク(tu-ak)」＝「峰の・弟（のように小さいもの）」","jomon2_bnum13.html"
"豫州","沛郡","穀陽県","漢～","安徽省蚌埠市固鎮県","淮河北岸の支流沿岸、支流の浍河沿岸、微高地、自然堤防","上古音：「穀」k uk／k ɔk／k ûk／k ewk／k uk
上古音：「陽」d i̯aŋ／ʎ ǐaŋ／d jaŋ／r iaŋ／r ang","アイヌ語：穀陽＝「ク・ク・テュ・アゥ・ウン(ku-ku-tu-aw-un)」＝「矢の（ように鋭い）・矢の・峰の・角、枝分かれ・にある（ところ）」※たくさんの矢のように鋭い峰の枝分かれ。
※アイヌ語「ク＝弓」。中国大陸、朝鮮半島では「ク＝矢」の可能性。サハリン、シベリアのニヴフ（ギリヤーク）語も「ク＝矢」。","jomon2_bnum13.html"
"豫州","沛郡","蕭県","漢～","安徽省宿州市蕭県","微山湖南西の山地の麓","上古音：「蕭」s  -／s iu／s ioɡ／s eəw／s iəgw","アイヌ語：蕭＝「シル・アク(sir-ak)」＝「山の・弟（のように小さいもの）」","jomon2_bnum13.html"
"豫州","沛郡","向県","漢～","安徽省蚌埠市懐遠県","淮河北岸の湖沼地帯と禹王宮の山","上古音：「向」- -／- -／ç jaŋ／stʰ jaŋ／- -
上古音：「向」x i̯aŋ／h ǐaŋ／x jaŋ／x jaŋ／h jangh","アイヌ語：向＝「シル・アゥ・ウン(sir-aw-un)」＝「山の・角、枝分かれ・にある（ところ）」","jomon2_bnum13.html"
"豫州","沛郡","銍県","漢～","安徽省淮北市濉渓県","微山湖と淮河の間の平地、微高地、自然堤防","上古音：「銍」t i̯ĕt／t ǐet／t jet／t iet／t rjit","アイヌ語：銍＝「テュ・アッ(tu-at)」＝「峰が・たくさんある（ところ）」","jomon2_bnum13.html"
"豫州","沛郡","広戚県","漢～","山東省済寧市微山県","微山湖と沿岸の山","上古音：「廣」k wɑŋ／k uaŋ／k uɑŋ／k waŋ／kw angx
上古音：「戚」tsʰ -／tsʰ iuk／tsʰ iok／tsʰ eəwk／sth iəkw","アイヌ語：広戚＝「ク・アゥ・ウン・テュ・アク(ku-aw-un-tu-ak)」＝「矢の（ように鋭い）・角、枝分かれ・にある・峰の・弟（のように小さいもの）」
※アイヌ語「ク＝弓」。中国大陸、朝鮮半島では「ク＝矢」の可能性。サハリン、シベリアのニヴフ（ギリヤーク）語も「ク＝矢」。","jomon2_bnum13.html"
"豫州","沛郡","下蔡県","","","","","（九江郡）下蔡県に同じ。","jomon2_bnum13.html"
"豫州","沛郡","豊県","漢～","江蘇省徐州市豊県","微山湖の西岸、微高地、自然堤防","上古音：「豊」pʰ／pʰ ǐuŋ／pʰ joŋ／pʰ jəwŋ／ph jəngw","アイヌ語：豊＝「ピル・アゥ・ウン(pir-aw-un)」＝「傷の（ように切り刻まれた峰の）・角、枝分かれ・にある（ところ）」","jomon2_bnum13.html"
"豫州","沛郡","鄲県","漢～","安徽省亳州市渦陽県","淮河支流沿いの平原、微高地、自然堤防","上古音：「鄲」t ɑn／t an／t ɑn／t an／t an","アイヌ語：鄲＝「テュ・アゥ・ウン(tu-aw-un)」＝「峰の・角、枝分かれ・にある（ところ）」","jomon2_bnum13.html"
"豫州","沛郡","譙県","漢～","安徽省亳州市譙城区","淮河支流沿いの平原、微高地、自然堤防","上古音：「譙」dzʰ i̯oɡ／dz ǐau／dzʰ jɔɡ／dz jiaw／dz jagw","アイヌ語：譙＝「テュ・アク(tu-ak)」＝「峰の・弟（のように小さいもの）」","jomon2_bnum13.html"
"豫州","沛郡","城父県","漢～","安徽省亳州市譙城区","淮河支流沿いの平原、微高地、自然堤防","上古音：「城」ȡ i̯ĕŋ／ʑ ǐeŋ／ʑ jeŋ／d jieŋ／d jing
上古音：「父」p i̯wo／p ǐwa／- -／p jwaɣ／- -
上古音：「父」bʰ i̯wo／b ǐwa／bʰ juaɡ／b jwaɣ／b jagx","アイヌ語：城父＝「テュ・エ・エン・ピル・アク(tu-e-en-pir-ak)」＝「峰が・そこで・突き出ている・傷の（ように切り刻まれた）・弟（のように小さいもの）」","jomon2_bnum13.html"
"豫州","沛郡","蘄県","漢～","安徽省宿州市埇橋区","微山湖と淮河の間の平原、峰","上古音：「蘄」ɡʰ i̯ər／- -／ɡʰ jə̆d／ɡ jər／g jəd","アイヌ語：蘄＝「キル・アッ(kir-at)」＝「山脚が・たくさんある（ところ）」","jomon2_bnum13.html"
"豫州","沛郡","虹県","漢～","安徽省蚌埠市五河県","淮河北岸の湖沼地帯、微高地、自然堤防","上古音：「虹」ɡʰ uŋ／ɣ ɔŋ／ɣ ûŋ／ɡ ewŋ／g ung
上古音：「虹」- -／k ɔŋ／k ûŋ／k ewŋ／k ungh
上古音：「虹」k ŭŋ／ɣ k eɔŋ／ɣ k uŋ／ɣ k rewŋ／ɣ k rungh","アイヌ語：虹＝「キル・ウン(kir-un)」＝「山脚・にある（ところ）」","jomon2_bnum13.html"
"豫州","沛郡","山桑県","漢～","安徽省亳州市蒙城県","淮河北岸、支流の川岸、微高地、自然堤防","上古音：「山」s ăn／ʃ ean／-／s rian／s rian
上古音：「桑」s ɑŋ／s aŋ／s ɑŋ／s aŋ／s ang","アイヌ語：山桑＝「シル・アゥ・ウン・サン(sir-aw-un-san)」＝「山の・角、枝分かれ・にある・平山」","jomon2_bnum13.html"
"豫州","沛郡","公丘県","漢～","山東省棗荘市滕州市","微山湖東岸の山裾","上古音：「公」k uŋ／k ɔŋ／k ûŋ／k ewŋ／k ung
上古音：「丘」kʰ i̯ŭɡ／kʰ ǐwə／kʰ juə̆ɡ／kʰ jwəɣ／kh jəg","アイヌ語：公丘＝「ク・ウン・キル・アク(ku-un-kir-ak)」＝「矢（のように鋭いもの）・にある・山脚の・弟（のように小さいもの）」
※アイヌ語「ク＝弓」。中国大陸、朝鮮半島では「ク＝矢」の可能性。サハリン、シベリアのニヴフ（ギリヤーク）語も「ク＝矢」。","jomon2_bnum13.html"
"豫州","沛郡","符離県","漢～","安徽省宿州市埇橋区","微山湖南岸の山裾","上古音：「符」bʰ i̯u／b ǐwɔ／bʰ juɡ／b jew／b jug
上古音：「離」l ia／l ǐai／l ja／l ia／l jiarh","アイヌ語：符離＝「ピル・ク・リ・アゥ(pir-ku-ri-aw)」＝「傷の（ように切り刻まれた）・矢（のように鋭い峰の）・高い・角、枝分かれ」
※アイヌ語「ク＝弓」。中国大陸、朝鮮半島では「ク＝矢」の可能性。サハリン、シベリアのニヴフ（ギリヤーク）語も「ク＝矢」。","jomon2_bnum13.html"
"豫州","沛郡","敬県","漢～","河南省商丘市永城市","微山湖西方の平原、微高地、自然堤防","上古音：「敬」k i̯ĕŋ／k ǐeŋ／k jĕŋ／k ieŋ／k jingh
上古音：「丘」kʰ i̯ŭɡ／kʰ ǐwə／kʰ juə̆ɡ／kʰ jwəɣ／kh jəg","アイヌ語：敬丘＝「キル・エ・エン・キル・アク(kir-e-en-kir-ak)」＝「山脚が・そこで・突き出ている・山脚の・弟（のように小さいもの）」","jomon2_bnum13.html"
"豫州","沛郡","夏丘県","漢～","安徽省宿州市泗県","溧河支流の岸辺、微高地、自然堤防","上古音：「夏」ɡʰ ɔ／ɣ ea／ɣ ăɡ／ɡ raɣ／g ragh
上古音：「丘」kʰ i̯ŭɡ／kʰ ǐwə／kʰ juə̆ɡ／kʰ jwəɣ／kh jəg","アイヌ語：夏丘＝「キル・アク・キル・アク(kir-ak-kir-ak)」＝「山脚の・弟（のように小さいもの）・山脚の・弟」※たくさんの小さな山脚。","jomon2_bnum13.html"
"豫州","沛郡","洨県","漢～","安徽省蚌埠市固鎮県","淮河北岸、支流の険しい谷、段丘、微高地","上古音：「洨」- -／- -／ɣ ɔɡ／ɡ raw／g ragw","アイヌ語：洨＝「キル・アク(kir-ak)」＝「山脚の・弟（のように小さいもの）」","jomon2_bnum13.html"
"豫州","沛郡","沛県","漢～","江蘇省徐州市沛県","微山湖の西岸、古黄河、泗水の微高地、自然堤防","上古音：「沛」pʰ wɑd／pʰ at／pʰ uɑd／pʰ war／ph adh","アイヌ語：沛＝「プ・アッ(pu-at)」＝「倉（の屋根のような三角山）が・たくさんある（ところ）」","jomon2_bnum13.html"
"豫州","沛郡","芒県","漢～","河南省商丘市永城市","微山湖西方の平原、微高地、自然堤防","上古音：「芒」m i̯waŋ／m ǐwaŋ／m juaŋ／m jwaŋ／m jang
上古音：「芒」m wɑŋ／m uaŋ／m uɑŋ／m waŋ／m ang","アイヌ語：芒＝「ムィ・アゥ・ウン(muy-aw-un)」＝「頂の・角、枝分かれ・にある（ところ）」","jomon2_bnum13.html"
"豫州","沛郡","建成県","漢～","河南省商丘市永城市","微山湖西方の平原、微高地、自然堤防","上古音：「建」k i̯ăn／k ǐan／k jăn／k jan／k janh
上古音：「成」ȡ i̯ĕŋ／ʑ ǐeŋ／ʑ jeŋ／d jieŋ／d jing","アイヌ語：建成＝「キル・アゥ・ウン・テュ・エ・エン(kir-aw-un-tu-e-en)」＝「山脚の・角、枝分かれ・にある・峰が・そこで・突き出ている（ところ）」","jomon2_bnum13.html"
"豫州","沛郡","建平県","漢～","河南省商丘市永城市","微山湖西方の平原、微高地、自然堤防","上古音：「建」k i̯ăn／k ǐan／k jăn／k jan／k janh
上古音：「平」bʰ i̯ĕŋ／b ǐeŋ／bʰ jĕŋ／b ieŋ／b jing","アイヌ語：建平＝「キル・アゥ・ウン・ピル・エ・エン(kir-aw-un-pir-e-en)」＝「山脚の・角、枝分かれ・にある・傷（のように切り刻まれたもの）が・そこで・突き出ている（ところ）」","jomon2_bnum13.html"
"豫州","沛郡","酇県","漢～","河南省商丘市永城市","微山湖西方の平原、微高地、自然堤防","上古音：「酇」- -／- -／dzʰ uɑn／dz wan／dz uan
上古音：「酇」ts wɑn／ts uan／ts uɑn／ts wan／ts uanx
上古音：「酇」- -／ts an／ts ɑn／ts an／ts anh","アイヌ語：酇＝「テュ・アゥ・ウン(tu-aw-un)」＝「峰の・角、枝分かれ・にある（ところ）」","jomon2_bnum13.html"
"豫州","沛郡","栗県","漢～","河南省商丘市夏邑県","微山湖西方の平原、微高地、自然堤防","上古音：「栗」l i̯ĕt／l ǐet／l jet／l iet／l jit
第百四十回　中国漢代の県名（上古音）が示す！東夷、南蛮の言語はアイヌ語だった！～豫州淮陽国（淮陽郡、陳国、陳郡）／魯国～","アイヌ語：栗＝「リ・アッ(ri-at)」＝「高い（ところが）・たくさんある（ところ）」","jomon2_bnum13.html"
"豫州","淮陽国、淮陽郡、陳国、陳郡","陳県","漢～","河南省周口市淮陽区","潁河流域の平原、微高地、自然堤防","上古音：「陳」dʰ i̯ĕn／d ǐen／dʰ jen／d ien／d rjinh","アイヌ語：陳＝「テュ・エ・エン(tu-e-en)」＝「峰が・そこで・突き出ている（ところ）」","jomon2_bnum13.html"
"豫州","淮陽国、淮陽郡、陳国、陳郡","苦県","漢～","河南省周口市鹿邑県","微山湖南西の平原、微高地、自然堤防","上古音：「苦」kʰ o／kʰ a／kʰ ɑɡ／kʰ aɣ／kh agx","アイヌ語：苦＝「ク・アク(ku-ak)」＝「矢（のように鋭い）・弟（のように小さい峰）or射る（ようなところ）」
※アイヌ語「ク＝弓」。中国大陸、朝鮮半島では「ク＝矢」の可能性。サハリン、シベリアのニヴフ（ギリヤーク）語も「ク＝矢」。","jomon2_bnum13.html"
"豫州","淮陽国、淮陽郡、陳国、陳郡","陽夏県","漢～","河南省周口市太康県","微山湖南西の平原、微高地、自然堤防","上古音：「陽」d i̯aŋ／ʎ ǐaŋ／d jaŋ／r iaŋ／r ang
上古音：「夏」ɡʰ ɔ／ɣ ea／ɣ ăɡ／ɡ raɣ／g ragh","アイヌ語：陽夏＝「テュ・アゥ・ウン・キル・アク(tu-aw-un-kir-ak)」＝「峰の・角、枝分かれ・にある・山脚の・弟（のように小さい峰）」","jomon2_bnum13.html"
"豫州","淮陽国、淮陽郡、陳国、陳郡","寧平県","漢～","河南省周口市鄲城県","微山湖南西の平原、微高地、自然堤防","上古音：「寧」n ieŋ／n ieŋ／n ieŋ／- -／n ing
上古音：「平」bʰ i̯ĕŋ／b ǐeŋ／bʰ jĕŋ／b ieŋ／b jing","アイヌ語：寧平＝「ニ・エ・エン・ピル・エ・エン(ni-e-en-pir-e-en)」＝「棒（のように細長い峰）が・そこで・突き出ている（ところ）・傷（のように切り刻まれた峰）が・そこで・突き出ている（ところ）」","jomon2_bnum13.html"
"豫州","淮陽国、淮陽郡、陳国、陳郡","扶溝県","漢～","河南省周口市扶溝県","微山湖西方の平原、微高地、自然堤防","上古音：「扶」bʰ i̯wo／b ǐwa／bʰ juaɡ／b jew／b jag
上古音：「扶」- -／- -／p juaɡ／p jwaɣ／p jag
上古音：「溝」k u／k ɔ／k ûɡ／k ew／k ug","アイヌ語：扶溝＝「ピル・アク・ク・ク(pir-ak-ku-ku)」＝「傷の（ように切り刻まれた）・弟の（ように小さい）・矢（先のように鋭い峰）・矢」※たくさんの小さな鋭い峰。
※アイヌ語「ク＝弓」。中国大陸、朝鮮半島では「ク＝矢」の可能性。サハリン、シベリアのニヴフ（ギリヤーク）語も「ク＝矢」。","jomon2_bnum13.html"
"豫州","淮陽国、淮陽郡、陳国、陳郡","固始県","漢～","河南省信陽市固始県","淮河中流南岸の山裾","上古音：「固」k o／k a／k ɑɡ／k aɣ／k agh
上古音：「始」ɕ i̯əɡ／ɕ ǐə／ɕ jəɡ／stʰ jiəɣ／sth jəgx","アイヌ語：固始＝「ク・アク・シル・アク(ku-ak-sir-ak)」＝「矢の（ように鋭い峰の）・弟（のように小さいもの）or射る・山の・弟」
※アイヌ語「ク＝弓」。中国大陸、朝鮮半島では「ク＝矢」の可能性。サハリン、シベリアのニヴフ（ギリヤーク）語も「ク＝矢」。","jomon2_bnum13.html"
"豫州","淮陽国、淮陽郡、陳国、陳郡","圉県","漢～","河南省開封市杞県","淮河中流南岸、微高地、自然堤防","上古音：「圉」ŋ i̯o／- -／ŋ jaɡ／ŋ jaɣ／ng jagx","アイヌ語：圉＝「キル・アク(kir-ak)」＝「山脚の・弟（のように小さいもの）」","jomon2_bnum13.html"
"豫州","淮陽国、淮陽郡、陳国、陳郡","新平県","漢～","河南省周口市淮陽区","潁河流域の平原、微高地、自然堤防","上古音：「新」s i̯ĕn／s ǐen／s jen／s jien／s jin
上古音：「平」bʰ i̯ĕŋ／b ǐeŋ／bʰ jĕŋ／b ieŋ／b jing","アイヌ語：新平＝「シル・エ・エン・ピル・エ・エン(sir-e-en-pir-e-en)」＝「山が・そこで・突き出ている（ところ）・傷（のように切り刻まれた峰）が・そこで・突き出ている（ところ）」","jomon2_bnum13.html"
"豫州","淮陽国、淮陽郡、陳国、陳郡","柘県","漢～","河南省商丘市柘城県","微山湖西方の平原、微高地、自然堤防","上古音：「柘」ȶ i̯aɡ／ȶ ia／ȶ jăɡ／t jiaɣ／t jiagh","アイヌ語：柘＝「テュ・アク(tu-ak)」＝「峰の・弟（のように小さいもの）」","jomon2_bnum13.html"
"豫州","淮陽国、淮陽郡、陳国、陳郡","扶楽県","後漢","河南省周口市太康県","微山湖西方の平原、微高地、自然堤防","上古音：「扶」bʰ i̯wo／b ǐwa／bʰ juaɡ／b jew／b jag
上古音：「扶」- -／- -／p juaɡ／p jwaɣ／p jag
上古音：「樂」ŋl ŏk／ŋ eauk／ŋ ɔk／ŋ rawk／ng rakw
上古音：「樂」ɡl ɔk／l auk／l ɔ̂k2／l awk／ngl akw","アイヌ語：扶楽
＝「ピル・アク・キル・アク(pir-ak-kir-ak)」＝「傷の（ように切り刻まれた）・弟（のように小さい峰）・山脚の・弟」
or「ピル・アク・ル・アク(pir-ak-ru-ak)」＝「傷の（ように切り刻まれた）・弟（のように小さい峰）・消えかかった・弟」","jomon2_bnum13.html"
"豫州","淮陽国、淮陽郡、陳国、陳郡","武平県","後漢","河南省周口市鹿邑県","微山湖西方の平原、微高地、自然堤防","上古音：「武」m i̯wo／m ǐwa／m juaɡ／m jwaɣ／m jagx
上古音：「平」bʰ i̯ĕŋ／b ǐeŋ／bʰ jĕŋ／b ieŋ／b jing","アイヌ語：武平＝「ムィ・アク・ピル・エ・エン(muy-ak-pir-e-en)」＝「頂の・弟（のように小さい）・傷（のように切り刻まれた峰）が・そこで・突き出ている（ところ）」","jomon2_bnum13.html"
"豫州","淮陽国、淮陽郡、陳国、陳郡","長平県","後漢","河南省周口市西華県","微山湖西方の平原、微高地、自然堤防","上古音：「長」t i̯aŋ／t ǐaŋ／t jaŋ／t iaŋ／t rjangx
上古音：「長」dʰ i̯aŋ／d ǐaŋ／dʰ jaŋ／d iaŋ／d rjangh
上古音：「平」bʰ i̯ĕŋ／b ǐeŋ／bʰ jĕŋ／b ieŋ／b jing","アイヌ語：長平＝「テュ・アゥ・ウン・ピル・エ・エン(tu-aw-un-pir-e-en)」＝「峰の・角、枝分かれ・にある・傷（のように切り刻まれた峰）が・そこで・突き出ている（ところ）」","jomon2_bnum13.html"
"豫州","魯国","魯県","前漢","山東省済寧市曲阜市","泗河沿岸の平地、山地","上古音：「魯」l o／l a／l ɑɡ／l aɣ／l agx","アイヌ語：魯＝「ル・アク(ru-ak)」＝「消えかかった・弟（のように小さい峰）」","jomon2_bnum13.html"
"豫州","魯国","卞県","前漢","山東省済寧市泗水県","泗河上流の谷、山地","上古音：「卞」bʰ i̯an／b ǐan／bʰ juan／b iwan／b jianh","アイヌ語：卞＝「ピル・アゥ・ウン(pir-aw-un)」＝「傷の（ように切り刻まれた川、峰の）・角、枝分かれ・にある（ところ）」","jomon2_bnum13.html"
"豫州","魯国","汶陽県","前漢","山東省泰安市寧陽県","大汶河中流南岸の平地、山地。","上古音：「汶」 m i̯wən／m ǐwən／m juə̆n／m jwən／m jənh
上古音：「陽」d i̯aŋ／ʎ ǐaŋ／d jaŋ／r iaŋ／r ang","アイヌ語：汶陽＝「ムィ・アゥ・ウン・テュ・アゥ・ウン(muy-aw-un-tu-aw-un)」＝「頂の・角、枝分かれ・にある（ところ）・峰の・角、枝分かれ・にある（ところ）」","jomon2_bnum13.html"
"豫州","魯国","蕃県","前漢","山東省棗荘市滕州市","微山湖岸の平地、山地","上古音：「蕃」bʰ i̯wăn／b ǐwan／bʰ juăn／b jwan／b jan
上古音：「蕃」p i̯wăn／p ǐwan／p juăn／p jwan／p jan","アイヌ語：蕃＝「ピル・アゥ・ウン(pir-aw-un)」＝「傷の（ように切り刻まれた川、峰の）・角、枝分かれ・にある（ところ）」","jomon2_bnum13.html"
"豫州","魯国","騶県","前漢","山東省済寧市鄒城市","微山湖北東岸の平地、山地、山裾。","上古音：「騶」- -／tʃ ǐɔ／ts uɡ／ts iəw／ts rjug","アイヌ語：騶＝「テュク(tuk)」＝「小山」","jomon2_bnum13.html"
"豫州","魯国","薛県","前漢","山東省棗荘市滕州市","大汶河中流南岸の平地、山地","上古音：「薛」s i̯at／s ǐat／s jæt／s jiat／s jat","アイヌ語：薛＝「シル・アッ(sir-at)」＝「山が・たくさんある（ところ）」
※第一回～第三十一回「日本書紀のエラーコラム」／第三十二回～第九十二回「日出ずる国のエラーコラム」／第九十三回～「日没する国のエラーコラム」／第百九十七回～「日没する国のエラーコラム／第二百三回～「騎馬民族北方系渡来人のエラーコラム」／第五百七回～「継体の不審死と磐井の乱」／第五百三十五回～「三国史記朝鮮地名と倭人」","jomon2_bnum13.html"
"荊州","南陽郡","博山県","前漢","河南省南陽市淅川県","灞源山地の東の山裾","上古音：「博」p ɑk／p uak／p uɑk／p wak／p ak
上古音：「山」s ăn／ʃ ean／-／s rian／s rian","アイヌ語：博山＝「プ・アク・シル・アゥ・ウン(pu-ak-sir-aw-un)」＝「倉の（屋根のような三角山の）・弟（のように小さい）・山の・角、枝分かれ・にある（ところ）」","jomon2_bnum14.html"
"荊州","南陽郡","堵陽県","前漢","河南省南陽市方城県","灞源山地の東の山裾","上古音：「堵」t o／t a／t ɑɡ／t aɣ／t agx
上古音：「陽」d i̯aŋ／ʎ ǐaŋ／d jaŋ／r iaŋ／r ang","アイヌ語：堵陽
＝「タク・テュ・アゥ・ウン(tak-tu-aw-un)」＝「石の・峰の・角、枝分かれ・にある（ところ）」","jomon2_bnum14.html"
"荊州","南陽郡","新野県","前漢","河南省南陽市新野県","長江支流、汉江支流、唐白河支流、白河と唐河の岸辺の平原、微高地、自然堤防","上古音：「新」s i̯ĕn／s ǐen／s jen／s jien／s jin
上古音：「野」d i̯ɔ／ʎ ia／d jăɡ／r aɣ／r iagx","アイヌ語：新野＝「シル・エ・エン・テュ・アク(sir-e-en-tu-ak)」＝「山が・そこで・突き出ている・峰の・弟（のように小さいもの）」","jomon2_bnum14.html"
"荊州","南陽郡","舞陰県","前漢","河南省駐馬店市泌陽県","長江支流、汉江支流、唐白河支流、唐河の最上流の小さな山地","上古音：「舞」m i̯wo／m ǐwa／m juaɡ／m jwaɣ／m jagx
上古音：「陰」ʔ i̯əm／0 ǐəm／ʔ jəm／ʔ iəm／· jəm","アイヌ語：舞陰＝「ムィ・アク・イ・アム(muy-ak-i-am)」＝「頂の・弟（のように小さい）・その・爪（のように平べったく鋭いもの）」","jomon2_bnum14.html"
"荊州","南陽郡","穣県","前漢","河南省南陽市鄧州市","灞源山地の東の山裾、微高地、自然堤防","上古音：「穰」ȵ i̯aŋ／ȵ ǐaŋ／ȵ jaŋ／n jaŋ／n jangx","アイヌ語：穣＝「ニ・アゥ・ウン(ni-aw-un)」＝「棒の（ように細長い）・角、枝分かれ・にある（ところ）」","jomon2_bnum14.html"
"荊州","南陽郡","比陽県","前漢","河南省駐馬店市泌陽県","長江支流、汉江支流、唐白河支流、唐河の最上流の小さな山地","上古音：「比」bʰ i̯ər／b ǐei／bʰ jet／b jiet／b jit
上古音：「比」p i̯ər／p ǐei／p jed／p jier／p jidx
上古音：「陽」d i̯aŋ／ʎ ǐaŋ／d jaŋ／r iaŋ／r ang","アイヌ語：比陽
＝「ピル・アッ・テュ・アゥ・ウン(pir-at-tu-aw-un)」＝「傷（のように切り刻まれたもの）が・たくさんある・峰の・角、枝分かれ・にある（ところ）」
or「ピル・アッ・リ・アゥ・ウン(pir-at-ri-aw-un)」＝「傷（のように切り刻まれたもの）が・たくさんある・高い・角、枝分かれ・にある（ところ）」","jomon2_bnum14.html"
"荊州","南陽郡","随県","前漢","湖北省随州市曽都区","長江支流、汉江支流、唐白河支流、唐河の最上流の小さな山地","上古音：「随」dz wia／z ǐwai／z jua／r jiwa／sd juar","アイヌ語：随＝「チゥ・アゥ(ciw-aw)」＝「水流、水脈の・角、枝分かれ」","jomon2_bnum14.html"
"荊州","南陽郡","葉県","前漢","河南省平頂山市葉県","長江支流、汉江支流、唐白河支流、唐河の最上流の小さな山地","上古音：「葉」d i̯ap／ʎ ǐap／d jɐp／r iap／r ap
上古音：「葉」- -／ɕ ǐap／ɕ jɐp／stʰ jiap／sth jap","アイヌ語：葉
＝「テュ・アプ(tu-ap)」＝「峰の・釣り針（のように曲がったもの）」
or「シル・アプ(sir-ap)」＝「山の・釣り針（のように曲がったもの）」","jomon2_bnum14.html"
"荊州","南陽郡","鄧県","前漢","河南省南陽市鄧州市","丹江口水庫東岸の平地、微高地、自然堤防","上古音：「鄧」dʰ əŋ／d əŋ／dʰ ə̂ŋ／d əŋ／d əngh","アイヌ語：鄧＝「テュ・アゥ・ウン(tu-aw-un)」＝「峰の・角、枝分かれ・にある（ところ）」","jomon2_bnum14.html"
"荊州","南陽郡","魯陽県","前漢","河南省平頂山市魯山県","灞源山地の東の山裾","上古音：「魯」l o／l a／l ɑɡ／l aɣ／l agx
上古音：「陽」d i̯aŋ／ʎ ǐaŋ／d jaŋ／r iaŋ／r ang","アイヌ語：魯陽＝「ル・アク・テュ・アゥ・ウン(ru-ak-tu-aw-un)」＝「消えかかった・弟の（ように小さい）・峰の・角、枝分かれ・にある（ところ）」","jomon2_bnum14.html"
"荊州","南陽郡","復陽県","前漢","河南省桐柏県の東、湖北省との境","淮河最上流の岸辺","上古音：「復」bʰ -／b ǐuk／bʰ jok／b jəwk／b jəkw
上古音：「陽」d i̯aŋ／ʎ ǐaŋ／d jaŋ／r iaŋ／r ang","アイヌ語：復陽
＝「ピル・アク・テュ・アゥ・ウン(pir-ak-tu-aw-un)」＝「傷の（ように切り刻まれた）・弟の（ように小さい）・峰の・角、枝分かれ・にある（ところ）」
or「ピル・アク・リ・アゥ・ウン(pir-ak-ri-aw-un)」＝「傷の（ように切り刻まれた）・弟の（ように小さい）・高い・角、枝分かれ・にある（ところ）」","jomon2_bnum14.html"
"荊州","南郡","江陵県","前漢","湖北省荊州市荊州区","長江中流、山裾の平原、長湖西岸、河岸段丘","上古音：「江」k ŭŋ／k eɔŋ／k uŋ／k rewŋ／k rung
上古音：「陵」l i̯əŋ／l ǐəŋ／l jəŋ／l iəŋ／l jəng","アイヌ語：江陵＝「ク・アゥ・ウン・リ・アゥ・ウン(ku-aw-un-ri-aw-un)」＝「矢の（ように鋭い）・角、枝分かれ・にある・高い・角、枝分かれ・にある（ところ）」
※アイヌ語「ク＝弓」。中国大陸、朝鮮半島では「ク＝矢」の可能性。サハリン、シベリアのニヴフ（ギリヤーク）語も「ク＝矢」。","jomon2_bnum14.html"
"荊州","南郡","臨沮県","前漢","湖北省襄陽市南漳県","長江支流、汉江中流の山裾","上古音：「臨」bl i̯əm／l ǐəm／l jəm／l iəm／bl jəmh
上古音：「沮」ts i̯o／ts ǐa／ts jaɡ／ts jaɣ／ts jagh
上古音：「沮」dzʰ i̯o／dz ǐa／dzʰ jaɡ／dz jaɣ／dz jagx","アイヌ語：臨沮＝「リ・アム・テュ・アク(ri-am-tu-ak)」＝「高い・爪の（ように平べったく鋭い）・峰の・弟（のように小さいもの）」","jomon2_bnum14.html"
"荊州","南郡","夷陵県","前漢","湖北省宜昌市夷陵区","長江中流の山裾","上古音：「夷」d i̯ər／ʎ ǐei／d jed／r ier／r id
上古音：「陵」l i̯əŋ／l ǐəŋ／l jəŋ／l iəŋ／l jəng","アイヌ語：夷陵＝「テュ・アッ・リ・エン(tu-at-ri-en)」＝「峰が・たくさんある・高く・突き出ている（ところ）」","jomon2_bnum14.html"
"荊州","南郡","華容県","前漢","湖北省潜江市","長江北岸、長江支流汉江南岸、長湖東岸、微高地、自然堤防","上古音：「華」ɡʰ wɔ／ɣ oa／ɣ uăɡ／ɡ rwaɣ／gw ragh
上古音：「容」d i̯uŋ／ʎ ǐwɔŋ／ɡ juŋ／ɣr iewŋ／g rjung","アイヌ語：華容＝「キル・アク・キル・ウン(kir-ak-kir-un)」＝「山脚の・弟の（ように小さい）・山脚・にある（ところ）」","jomon2_bnum14.html"
"荊州","南郡","宜城県","前漢","湖北省襄陽市宜城市","長江支流、汉江沿岸、東西の峰に挟まれた地勢","上古音：「宜」ŋ ia／ŋ ǐai／ŋ ja／ŋ ia／ng jar
上古音：「城」ȡ i̯ĕŋ／ʑ ǐeŋ／ʑ jeŋ／d jieŋ／d jing","アイヌ語：宜城＝「キル・アゥ・テュ・エ・エン(kir-aw-tu-e-en)」＝「山脚の・角、枝分かれの・峰が・そこで・突き出ている（ところ）」","jomon2_bnum14.html"
"荊州","南郡","邔県","前漢","湖北省襄陽市宜城市","長江支流、汉江沿岸、東西の峰に挟まれた地勢","上古音：「邔」- -／- -／- -／kʰ iəɣ／- -
上古音：「邔」- -／- -／ɡʰ jəɡ／ɡ iəɣ／g jəgh","アイヌ語：邔＝「キル・アク(kir-ak)」＝「山脚の・弟（のように小さいもの）」","jomon2_bnum14.html"
"荊州","南郡","郢県","前漢","湖北省荊州市荊州区","長江中流、山裾の平原、長湖西岸、河岸段丘","上古音：「郢」- -／ʎ ǐeŋ／d jeŋ／r ieŋ／r ingx","アイヌ語：郢＝「テュ・エ・エン(tu-e-en)」＝「峰が・そこで・突き出ている（ところ）」","jomon2_bnum14.html"
"荊州","南郡","当陽県","前漢","湖北省宜昌市当陽市","長江中流北岸の山裾","上古音：「當」t ɑŋ／t aŋ／t ɑŋ／t aŋ／t angh
上古音：「陽」d i̯aŋ／ʎ ǐaŋ／d jaŋ／r iaŋ／r ang","アイヌ語：当陽
＝「タン・テュ・アゥ・ウン(tan-tu-aw-un)」＝「こちらの・峰の・角、枝分かれ・にある（ところ）」
or「タン・リ・アゥ・ウン(tan-ri-aw-un)」＝「こちらの・高い・角、枝分かれ・にある（ところ）」","jomon2_bnum14.html"
"荊州","南郡","中廬県","前漢","湖北省襄陽市襄城区西部","長江支流、汉水南岸の山裾","上古音：「中」t -／t ǐuŋ／t joŋ／t iəwŋ／t rjəngw
上古音：「廬」l i̯o／l ǐa／l jaɡ／l iaɣ／l jag","アイヌ語：中廬＝「テュ・アゥ・ウン・リ・アク(tu-aw-un-ri-ak)」＝「峰の・角、枝分かれ・にある・高い・弟（のように小さいもの）」","jomon2_bnum14.html"
"荊州","南郡","枝江県","前漢","湖北省宜昌市枝江市","長江支流、汉水南岸の山裾","上古音：「枝」ȶ i̯ĕɡ／ȶ ǐe／c jeɡ／t jieɣ／k rjig
上古音：「江」k ŭŋ／k eɔŋ／k uŋ／k rewŋ／k rung","アイヌ語：枝江＝「テュ・アク・ク・アゥ・ウン(tu-ak-ku-aw-un)」＝「峰の・弟（のように小さい）or射る・矢の（ように鋭い）・角・枝分かれ・にある（ところ）」
※アイヌ語「ク＝弓」。中国大陸、朝鮮半島では「ク＝矢」の可能性。サハリン、シベリアのニヴフ（ギリヤーク）語も「ク＝矢」。","jomon2_bnum14.html"
"荊州","南郡","襄陽県","前漢","湖北省襄陽市襄州区","長江支流、汉江北岸平原、南部は山の岸","上古音：「襄」sn i̯aŋ／s ǐaŋ／s jaŋ／s jaŋ／sn jang
上古音：「陽」d i̯aŋ／ʎ ǐaŋ／d jaŋ／r iaŋ／r ang","アイヌ語：襄陽＝「シル・アゥ・ウン・テュ・アゥ・ウン(sir-aw-un-tu-aw-un)」＝「山の・角、枝分かれ・にある（ところ）・峰の・角、枝分かれ・にある（ところ）」","jomon2_bnum14.html"
"荊州","南郡","編県","前漢","湖北省荊門市東宝区","長江支流、汉江西岸の山裾","上古音：「編」p i̯an／p ien／p iuæn／p ewan／p ianx","アイヌ語：編＝「ピル・アゥ・ウン(pir-aw-un)」＝「傷の（ように切り刻まれた）・角、枝分かれ・にある（ところ）」","jomon2_bnum14.html"
"荊州","南郡","秭帰県","前漢","湖北省宜昌市秭帰県","長江中流の山間地","上古音：「秭」ts i̯ər／ts ǐei／- jed／ts ier／ts jidx
上古音：「歸」k i̯wər／k ǐwəi／k juə̆d／k jiwər／kw jəd","アイヌ語：秭帰＝「テュ・アッ・キル・アッ(tu-at-kir-at)」＝「峰が・たくさんある・山脚が・たくさんある（ところ）」","jomon2_bnum14.html"
"荊州","南郡","夷道県","前漢","湖北省宜昌市宜都市","長江西岸の山並み、長江支流の清江の谷の入口","上古音：「夷」d i̯ər／ʎ ǐei／d jed／r ier／r id
上古音：「道」dʰ -／d u／dʰ ôɡ／d əw／d əgwx","アイヌ語：夷道＝「テュ・アッ・タク(tu-at-tak)」＝「峰が・たくさんある・石」","jomon2_bnum14.html"
"荊州","南郡","州陵県","前漢","湖北省洪湖市","長江中流北岸の湖沼地帯、微高地、自然堤防","上古音：「州」tɕ ／ȶ ǐ u／ȶ jŏ ɡ／t jəw／t jəgw
上古音：「陵」l i̯əŋ／l ǐəŋ／l jəŋ／l iəŋ／l jəng","アイヌ語：州陵＝「テュ・アク・リ・エン(tu-ak-ri-en)」＝「峰の・弟（のように小さいもの）が・高く・突き出ている（ところ＠）」","jomon2_bnum14.html"
"荊州","南郡","鄀県","前漢","湖北省襄陽市宜城市","長江支流、汉江沿岸、東西に峰","上古音：「鄀」ȵ i̯ak／- -／ȵ jak／n jak／n jak","アイヌ語：鄀＝「ニ・アク(ni-ak)」＝「棒の（ように細長い峰の）・弟（のように小さいもの）」","jomon2_bnum14.html"
"荊州","南郡","高成県","前漢","湖北省荊州市松滋市","長江中流南岸の山裾","上古音：「高」k oɡ／k au／k ɔ̂ɡ／k aw／k agw
上古音：「成」ȡ i̯ĕŋ／ʑ ǐeŋ／ʑ jeŋ／d jieŋ／d jing","アイヌ語：高成＝「ク・アク・テュ・エ・エン(ku-ak-tu-e-en)」＝「矢の（ように鋭い）・弟の（ように小さい）or射る・峰が・そこで・突き出ている（ところ）」
※アイヌ語「ク＝弓」。中国大陸、朝鮮半島では「ク＝矢」の可能性。サハリン、シベリアのニヴフ（ギリヤーク）語も「ク＝矢」。","jomon2_bnum14.html"
"荊州","南郡","巫県","前漢","重慶市巫山県","長江中流山間地、支流の大寧河が分岐するところ、巫山小三峡","上古音：「巫」m i̯wo／m ǐwa／m juaɡ／m jwaɣ／m jag","アイヌ語：巫＝「ムィ・アク(muy-ak)」＝「頂の・弟（のように小さい峰）」","jomon2_bnum14.html"
"荊州","南郡","佷山県","後漢","湖北省宜昌市長陽トゥチャ族自治県","長江支流の清江の山間地。谷の入口。","上古音：「很」ɡʰ ən／ɣ ən／ɣ ə̂n／ɡ ən／g ənx
上古音：「山」s ăn／ʃ ean／-／s rian／s rian","アイヌ語：佷山＝「キル・アゥ・ウン・シル・アゥ・ウン(kir-aw-un-sir-aw-un)」＝「山脚の・角、枝分かれ・にある（ところ）・山の・角、枝分かれ・にある（ところ）」","jomon2_bnum14.html"
"荊州","江夏郡","西陵県","前漢","湖北省武漢市新洲区","長江中流北岸の山裾の湖沼","上古音：「西」s iər／s iei／s ied／s er／s id
上古音：「陵」l i̯əŋ／l ǐəŋ／l jəŋ／l iəŋ／l jəng","アイヌ語：西陵＝「シル・アッ・リ・アゥ・ウン(sir-at-ri-aw-un)」＝「山が・たく さんある・高い・角、枝分かれ・にある（ところ）」","jomon2_bnum14.html"
"荊州","江夏郡","竟陵県","前漢","湖北省天門市","長江中流北岸、支流の汉江沿岸の山裾","上古音：「竟」k i̯ăŋ／k iaŋ／k jăŋ／k iaŋ／k jiangh
上古音：「陵」l i̯əŋ／l ǐəŋ／l jəŋ／l iəŋ／l jəng","アイヌ語：竟陵＝「キル・アゥ・ウン・リ・アゥ・ウン(kir-aw-un-ri-aw-un)」＝「山脚の・角、枝分かれ・にある（ところ）・高い・角・枝分かれ・にある（ところ）」","jomon2_bnum14.html"
"荊州","江夏郡","西陽県","前漢","河南省信陽市光山県","淮河中流南岸、支流沿岸の山裾","上古音：「西」s iər／s iei／s ied／s er／s id
上古音：「陽」d i̯aŋ／ʎ ǐaŋ／d jaŋ／r iaŋ／r ang","アイヌ語：西陽＝「シル・アッ・テュ・アゥ・ウン(sir-at-tu-aw-un)」＝「山が・たくさんある・峰の・角、枝分かれ・にある（ところ）」","jomon2_bnum14.html"
"荊州","江夏郡","襄県","前漢","河南省信陽市光山県","淮河中流南岸、支流沿岸の山裾。","上古音：「襄」sn i̯aŋ／s ǐaŋ／s jaŋ／s jaŋ／sn jang","アイヌ語：襄＝「シル・アゥ・ウン(sir-aw-un)」＝「山の・角、枝分かれ・にある（ところ）」","jomon2_bnum14.html"
"荊州","江夏郡","軑県","前漢","河南省信陽市光山県","淮河中流南岸、支流沿岸の山裾。","上古音：「軑」dʰ iad／d iat／- -／d ear／- -
上古音：「軑」dʰ ɑd／- -／- -／d ar／- -","アイヌ語：軑＝「テュ・アッ(tu-at)」＝「峰が・たくさんある（ところ）」","jomon2_bnum14.html"
"荊州","江夏郡","邾県","前漢","湖北省武漢市新洲区","長江中流、北岸の山裾、湖沼地帯","上古音：「邾」t i̯u／t ǐwɔ／t juɡ／t iew／t rjug","アイヌ語：邾＝「テュク(tuk)」＝「小山」","jomon2_bnum14.html"
"荊州","江夏郡","鄂県","前漢","湖北省鄂州市鄂城区","長江中流、南岸の丘陵地帯","上古音：「鄂」ŋ ɑk／ŋ ak／ŋ ɑk／ŋ ak／ng ak","アイヌ語：鄂＝「キル・アク(kir-ak)」＝「山脚の・弟（のように小さいもの）」","jomon2_bnum14.html"
"荊州","江夏郡","安陸県","前漢","湖北省孝感市安陸市","長江中流北岸、支流の山裾、山塊から独立した峰","上古音：「安」ʔ ɑn／0 an／ʔ ɑn／ʔ an／· an
上古音：「陸」l -／l ǐuk／l jok／l iəwk／l jəkw","アイヌ語：安陸＝「アゥ・ウン・リ・アク(aw-un-ri-ak)」＝「枝分かれ・にある・高い・弟（のように小さい峰）」","jomon2_bnum14.html"
"荊州","江夏郡","沙羡県","前漢","湖北省武漢市江夏区","長江中流南岸、低い丘陵と湖沼","上古音：「沙」s a／ʃ eai／s a／s ra／s rar
上古音：「羡」dz i̯an／z ǐan／z jæn／r jian／r jan
上古音：「羡」- -／- -／d jæn／r ian／r an","アイヌ語：沙羡
＝「サ・テュ・アゥ・ウン(sa-tu-aw-un)」＝「浜の・峰の・角、枝分かれ・にある（ところ）」
or「サ・チゥ・アゥ・ウン(sa-ciw-aw-un)」＝「浜の・角、枝分かれ・水流、水脈の・角、枝分かれ・にある（ところ）」","jomon2_bnum14.html"
"荊州","江夏郡","蘄春県","前漢","湖北省黄岡市蘄春県","長江中流北岸の山裾","上古音：「蘄」ɡʰ i̯ər／- -／ɡʰ jə̆d／ɡ jər／g jəd
上古音：「春」ȶʰ i̯wən／ȶʰ ǐwən／ȶʰ juən／tʰ jiwən／th jən","アイヌ語：蘄春＝「キル・アッ・テュ・アゥ・ウン(kir-at-tu-aw-un)」＝「山脚が・たくさんある・峰の・角、枝分かれ・にある（ところ）」","jomon2_bnum14.html"
"荊州","江夏郡","鄳県","前漢","河南省信陽市羅山県","淮河中流南岸、支流の山裾","上古音：「鄳」- -／- -／m uɑ̆ŋ／m rwaŋ／m rangx","アイヌ語：鄳＝「ム・アク(mu-ak)」＝「ふさがっている・弟（のように小さい峰）」","jomon2_bnum14.html"
"荊州","江夏郡","雲杜県","前漢","湖北省荊門市京山市","長江中流北岸、支流の汉江北岸の小さな山地と点在する湖沼","上古音：「雲」ɡ i̯wən／ɣ ǐwən／ɣ juə̆n／ɣ jwən／gw jən
上古音：「杜」dʰ o／d a／dʰ ɑɡ／d aɣ／d agx","アイヌ語：雲杜＝「キル・アゥ・ウン・テュ・アク(kir-aw-un-tu-ak)」＝「山脚の・角、枝分かれ・にある・峰の・弟（のように小さいもの）」","jomon2_bnum14.html"
"荊州","江夏郡","下雉県","前漢","湖北省黄石市陽新県","長江中流南岸、山脈と湖沼と支流。","上古音：「下」ɡʰ ɔ／ɣ ea／ɣ ăɡ／ɡ raɣ／g ragx
上古音：「雉」dʰ i̯ər／d ǐei／dʰ jed／d ier／d rjidx","アイヌ語：下雉＝「キル・アク・テュ・アッ(kir-ak-tu-at)」＝「山脚の・弟（のように小さい）・峰が・たくさんある（ところ）」","jomon2_bnum14.html"
"荊州","江夏郡","鍾武県","前漢","河南省信陽市平橋区","淮河上流の岸辺、山に囲まれた地勢","上古音：「鍾」ȶ i̯uŋ／ȶ ǐwɔŋ／- -／t jewŋ／
上古音：「武」m i̯wo／m ǐwa／m juaɡ／m jwaɣ／m jagx","アイヌ語：鍾武＝「テュ・エ・エン・ムィ・アク(tu-e-en-muy-ak)」＝「峰が・そこで・突き出ている・頂の・弟（のように小さいもの）」","jomon2_bnum14.html"
"荊州","江夏郡","平春県","後漢","河南省信陽市平橋区","淮河上流の岸辺、山に囲まれた地勢","上古音：「平」bʰ i̯ĕŋ／b ǐeŋ／bʰ jĕŋ／b ieŋ／b jing
上古音：「春」ȶʰ i̯wən／ȶʰ ǐwən／ȶʰ juən／tʰ jiwən／th jən","アイヌ語：平春＝「ピル・エ・エン・テュ・アゥ・ウン(pir-e-en-tu-aw-un)」＝「傷（のように切り刻まれたもの）が・そこで・突き出ている・峰の・角、枝分かれ・にある（ところ）」","jomon2_bnum14.html"
"荊州","江夏郡","南新市県","後漢","湖北省荊門市京山市","漢江中流東岸の峰","上古音：「南」n əm／n əm／n ə̂m／n əm／n əm
上古音：「新」s i̯ĕn／s ǐen／s jen／s jien／s jin
上古音：「市」ȡ i̯əɡ／ʑ ǐə／ʑ jəɡ／d jiəɣ／d jəgx","アイヌ語：（南）新市＝「ニ・アム・シル・エ・エン・テュ・アク(ni-am-sir-e-en-tu-ak)」＝「棒の（ように細長い）・爪の（ように平べったく鋭い）・山が・そこで・突き出ている・峰の・弟（のように小さいもの）」","jomon2_bnum14.html"
"荊州","零陵郡","零陵県","前漢","広西チワン族自治区桂林市全州県","長江支流、湘江最上流の険しい山塊、盆地。","上古音：「零」l ieŋ／l ieŋ／l ieŋ／l eŋ／l ing
上古音：「陵」l i̯əŋ／l ǐəŋ／l jəŋ／l iəŋ／l jəng","アイヌ語：零陵＝「リ・エン・リ・アゥ・ウン(ri-en-ri-aw-un)」＝「高く・突き出ている・高い・角、枝分かれ・にある（ところ）」","jomon2_bnum14.html"
"荊州","零陵郡","営道県","前漢","湖南省永州市寧遠県","長江支流、湘江最上流の支流の険しい山塊、盆地","上古音：「營」ɡ i̯wĕŋ／ʎ ǐweŋ／ɡ jueŋ／- -／gw rjing
上古音：「道」dʰ -／d u／dʰ ôɡ／d əw／d əgwx","アイヌ語：営道＝「キル・エ・エン・タク(kir-e-en-tak)」＝「山脚が・そこで・突き出ている・石」","jomon2_bnum14.html"
"荊州","零陵郡","始安県","前漢","広西チワン族自治区桂林市陽朔県","西江支流、桂江上流の山塊","上古音：「始」ɕ i̯əɡ／ɕ ǐə／ɕ jəɡ／stʰ jiəɣ／sth jəgx
上古音：「安」ʔ ɑn／0 an／ʔ ɑn／ʔ an／· an","アイヌ語：始安＝「シル・アク・アゥ・ウン(sir-ak-aw-un)」＝「山の・弟の（ように小さい）・角、枝分かれ・にある（ところ）」","jomon2_bnum14.html"
"荊州","零陵郡","夫彝県","前漢","湖南省邵陽市新寧県","資水支流、夫夷河沿岸の山塊","上古音：「夫」bʰ i̯wo／b ǐwa／bʰ juaɡ／b jwaɣ／b jag
上古音：「夫」p i̯wo／p ǐwa／p juaɡ／p jwaɣ／p jag
上古音：「彝」- -／ʎ ǐei／d jed／r ier／r id","アイヌ語：夫彝＝「ピル・アク・テュ・アッ(pir-ak-tu-at)」＝「傷の（ように切り刻まれた）・弟の（ように小さい）・峰が・たくさんある（ところ）」","jomon2_bnum14.html"
"荊州","零陵郡","営浦県","前漢","湖南省永州市道県","湘江上流の支流、瀟水沿岸の険しい山並みに囲まれた盆地。","上古音：「營」ɡ i̯wĕŋ／ʎ ǐweŋ／ɡ jueŋ／- -／gw rjing
上古音：「浦」pʰ wo／pʰ ua／pʰ uɑɡ／pʰ waɣ／ph agx","アイヌ語：営浦＝「キル・エ・エン・プ・アク(kir-e-en-pu-ak)」＝「山脚が・そこで・突き出ている・倉の（屋根のような三角山の）・弟（のように小さいもの）」","jomon2_bnum14.html"
"荊州","零陵郡","都梁県","前漢","湖南省邵陽市武岡市","資水上流の山地に囲まれた丘陵地帯","上古音：「都」t o／t a／t ɑɡ／t aɣ／t ag
上古音：「梁」l i̯aŋ／l ǐaŋ／l jaŋ／l iaŋ／l jang","アイヌ語：都梁＝「タク・リ・アゥ・ウン(tak-ri-aw-un)」＝「石の・高い・角、枝分かれ・にある（ところ）」","jomon2_bnum14.html"
"荊州","零陵郡","泠道県","前漢","湖南省永州市寧遠県","湘江支流の瀟水上流東岸、山間部","上古音：「泠」 l ieŋ／- -／l ieŋ／l eŋ／l ing
上古音：「道」dʰ -／d u／dʰ ôɡ／d əw／d əgwx","アイヌ語：泠道＝「リ・エン・タク(ri-en-tak)」＝「高く・突き出ている・石」","jomon2_bnum14.html"
"荊州","零陵郡","泉陵県","前漢","湖南省永州市零陵区","湘江と支流の瀟水沿岸の山裾","上古音：「泉」dzʰ i̯wan／d ǐwan／dzʰ juæn／dz jiwan／dz juan
上古音：「陵」l i̯əŋ／l ǐəŋ／l jəŋ／l iəŋ／l jəng","アイヌ語：泉陵＝「テュ・アゥ・ウン・リ・アゥ・ウン(tu-aw-un-ri-aw-un)」＝「峰の・角、枝分かれ・にある・高い・角、枝分かれ・にある（ところ）」","jomon2_bnum14.html"
"荊州","零陵郡","洮陽県","前漢","広西チワン族自治区桂林市全州県","湘江と支流の瀟水沿岸の山裾","上古音：「洮」dzʰ i̯wan／d ǐwan／dzʰ juæn／dz jiwan／dz juan
上古音：「陽」d i̯aŋ／ʎ ǐaŋ／d jaŋ／r iaŋ／r ang","アイヌ語：洮陽
＝「テュ・アゥ・ウン・テュ・アゥ・ウン(tu-aw-un-tu-aw-un)」＝「峰の・角、枝分かれ・にある（ところ）・峰の・角、枝分かれ・にある（ところ）」※たくさんの峰の枝分かれ。
or「テュ・アゥ・ウン・リ・アゥ・ウン(tu-aw-un-ri-aw-un)」＝「峰の・角、枝分かれ・にある（ところ）・高い・角、枝分かれ・にある（ところ）」","jomon2_bnum14.html"
"荊州","零陵郡","鍾武県","前漢","湖南省衡陽市衡陽県","湘江上流の谷、山裾","上古音：「鍾」ȶ i̯uŋ／ȶ ǐwɔŋ／- -／t jewŋ／
上古音：「武」m i̯wo／m ǐwa／m juaɡ／m jwaɣ／m jagx","アイヌ語：鍾武＝「テュ・エ・エン・ムィ・アク(tu-e-en-muy-ak)」＝「峰が・そこで・突き出ている・頂の・弟（のように小さいもの）」","jomon2_bnum14.html"
"荊州","零陵郡","重安県","後漢","湖南省衡陽市衡陽県","湘江支流の蒸水の岸辺","上古音：「重」dʰ i̯uŋ／d ǐwɔŋ／dʰ juŋ／d iewŋ／d rjungh
上古音：「安」ʔ ɑn／0 an／ʔ ɑn／ʔ an／· an","アイヌ語：重安＝「テュン・アゥ・ウン(tun-aw-un)」＝「間の・角、枝分かれ・にある（ところ）」","jomon2_bnum14.html"
"荊州","零陵郡","湘郷県","後漢","湖南省湘潭市湘郷市","湘江支流の漣水の岸辺","上古音：「湘」s i̯aŋ／s ǐaŋ／s jaŋ／s jaŋ／s jang
上古音：「鄉」x i̯aŋ／h ǐaŋ／x jaŋ／x jaŋ／h jang","アイヌ語：湘郷＝「シル・アゥ・ウン・シル・アゥ・ウン(sir-aw-un-sir-aw-un)」＝「山の・角、枝分かれ・にある（ところ）・山の・角、枝分かれ・にある（ところ）」※たくさんの山の枝分かれ。","jomon2_bnum14.html"
"荊州","零陵郡","昭陽県","後漢","湖南省邵陽市邵東市","湘江支流の漣水の岸辺","上古音：「昭」ȶ i̯oɡ／ȶ ǐau／ȶ jɔɡ／t jiaw／t jagw
上古音：「陽」d i̯aŋ／ʎ ǐaŋ／d jaŋ／r iaŋ／r ang","アイヌ語：昭陽
＝「テュ・アク・テュ・アゥ・ウン(tu-ak-tu-aw-un)」＝「峰の・弟の（ように小さい）・峰の・角、枝分かれ・にある（ところ）」
or「テュ・アク・リ・アゥ・ウン(tu-ak-ri-aw-un)」＝「峰の・弟の（ように小さい）・高い・角、枝分かれ・にある（ところ）」","jomon2_bnum14.html"
"荊州","零陵郡","烝陽県","後漢","湖南省邵陽市邵東市","湘江支流の漣水の岸辺","上古音：「烝」ȶ i̯əŋ／ȶ ǐəŋ／c jəŋ／t jiəŋ／k rjəng
上古音：「陽」d i̯aŋ／ʎ ǐaŋ／d jaŋ／r iaŋ／r ang","アイヌ語：烝陽
＝「テュ・アゥ・ウン・テュ・アゥ・ウン(tu-aw-un-tu-aw-un)」＝「峰の・角、枝分かれ・にある（ところ）・峰の・角、枝分かれ・にある（ところ）」
or「テュ・アゥ・ウン・リ・アゥ・ウン(tu-aw-un-ri-aw-un)」＝「峰の・角、枝分かれ・にある（ところ）・高い・角、枝分かれ・にある（ところ）」","jomon2_bnum14.html"
"荊州","桂陽郡","郴県","前漢","湖南省郴州市北湖区","湘江支流の耒水上流南西岸","上古音：「郴」- -／tʰ ǐəm／tʰ jəm／tʰ iəm／hl jəm","アイヌ語：郴＝「テュ・アム(tu-am)」＝「峰の・爪（のように平べったく鋭いもの）」","jomon2_bnum14.html"
"荊州","桂陽郡","臨武県","前漢","湖南省郴州市臨武県","春陵水最上流南東岸","上古音：「臨」bl i̯əm／l ǐəm／l jəm／l iəm／bl jəmh
上古音：「武」m i̯wo／m ǐwa／m juaɡ／m jwaɣ／m jagx","アイヌ語：臨武＝「リ・アム・ムィ・アク(ri-am-muy-ak)」＝「高い・爪の（ように平べったく鋭い）・頂の・弟（のように小さいもの）」","jomon2_bnum14.html"
"荊州","桂陽郡","便県","前漢","湖南省郴州市永興県","湘江支流の耒水上流の岸辺","上古音：「便」bʰ i̯an／b ǐan／bʰ juæn／b jiwan／b jianh","アイヌ語：便＝「ピル・アゥ・ウン(pir-aw-un)」＝「傷の（ように切り刻まれた峰の）・角、枝分かれ・にある（ところ）」","jomon2_bnum14.html"
"荊州","桂陽郡","南平県","前漢","湖南省永州市藍山県","耒水と平行して南流する春陵水最上流の岸辺","上古音：「南」n əm／n əm／n ə̂m／n əm／n əm
上古音：「平」bʰ i̯ĕŋ／b ǐeŋ／bʰ jĕŋ／b ieŋ／b jing","アイヌ語：南平
＝「ニ・アム・ピル・エ・エン(ni-am-pir-e-en)」＝「棒の（ように細長い）・爪の（ように平べったく鋭い）・傷（のように切り刻まれた峰）が・そこで・突き出ている（ところ）」","jomon2_bnum14.html"
"荊州","桂陽郡","耒陽県","前漢","湖南省衡陽市耒陽市","湘江支流の耒水の岸辺","上古音：「耒」l i̯wər／l ǐwəi／l juəd／l iwər／l jədx
上古音：「耒」l wər／l uəi／l uə̂d／l wər／l ədh
上古音：「陽」d i̯aŋ／ʎ ǐaŋ／d jaŋ／r iaŋ／r ang","アイヌ語：耒陽＝「ル・アッ・テュ・アゥ・ウン(ru-at-tu-aw-un)」＝「消えかかった跡が・たくさんある・峰の・角、枝分かれ・にある（ところ）」","jomon2_bnum14.html"
"荊州","桂陽郡","桂陽県","前漢","広東省清遠市連州市","連江支流の星子河と東坡河が蛇行する山峡","上古音：「桂」k iweɡ／k iwe／k iueɡ／k weɣ／kw igh
上古音：「陽」d i̯aŋ／ʎ ǐaŋ／d jaŋ／r iaŋ／r ang","アイヌ語：桂陽
＝「キル・アク・テュ・アゥ・ウン(kir-ak-tu-aw-un)」＝「山脚の・弟の（ように小さい）・峰の・角、枝分かれ・にある（ところ）」
or「キル・アク・リ・アゥ・ウン(kir-ak-ri-aw-un)」＝「山脚の・弟の（ように小さい）・高い・角、枝分かれ・にある（ところ）」","jomon2_bnum14.html"
"荊州","桂陽郡","陽山県","前漢","広東省清遠市陽山県","連江上流とその支流の青連水沿いの山峡","上古音：「陽」d i̯aŋ／ʎ ǐaŋ／d jaŋ／r iaŋ／r ang
上古音：「山」s ăn／ʃ ean／-／s rian／s rian","アイヌ語：陽山＝「テュ・アゥ・ウン・シル・アゥ・ウン(tu-aw-un-sir-aw-un)」＝「峰の・角、枝分かれ・にある（ところ）・山の・角、枝分かれ・にある（ところ）」","jomon2_bnum14.html"
"荊州","桂陽郡","曲江県","前漢","広東省韶関市曲江区","北江の谷、山塊","上古音：「曲」kʰ i̯uk／kʰ ǐwɔk／kʰ juk／kʰ jewk／kh juk
上古音：「江」k ŭŋ／k eɔŋ／k uŋ／k rewŋ／k rung","アイヌ語：曲江
＝「キル・ク・ク・アゥ・ウン(kir-ku-ku-aw-un)」＝「山脚の・矢（のように鋭い）・矢の・角、枝分かれ・にある（ところ）」※たくさんの鋭い山脚の枝分かれ。
or「キル・アク・ク・アゥ・ウン(kir-ak-ku-aw-un)」＝「山脚の・弟の（ように小さい）・矢の・角、枝分かれ・にある（ところ）」※たくさんの鋭い山脚の枝分かれ。
※アイヌ語「ク＝弓」。中国大陸、朝鮮半島では「ク＝矢」の可能性。サハリン、シベリアのニヴフ（ギリヤーク）語も「ク＝矢」。","jomon2_bnum14.html"
"荊州","桂陽郡","含洭県","前漢","広東省清遠市英徳市","北江の盆地、谷、山塊","上古音：「含」ɡʰ əm／ɣ əm／ɣ ə̂m／ɡ əm／g əm
上古音：「洭」- -／- -／kʰ juaŋ／kʰ jwaŋ／khw jang","アイヌ語：含洭＝「キル・アム・キル・アゥ・ウン(kir-am-kir-aw-un)」＝「山脚の・爪の（ように平べったく鋭い）・山脚の・角、枝分かれ・にある（ところ）」","jomon2_bnum14.html"
"荊州","桂陽郡","湞陽県","前漢","広東省清遠市英徳市","北江沿いの山塊、盆地。","上古音：「湞」- -／- -／t jeŋ／t ieŋ／t rjing","アイヌ語：湞陽＝「テュ・エ・エン(tu-e-en)」＝「峰が・そこで・突き出ている（ところ）」","jomon2_bnum14.html"
"荊州","桂陽郡","陰山県","前漢","湖南省株洲市攸県","湘江支流の洣水の岸辺、谷、盆地","上古音：「陰」ʔ i̯əm／0 ǐəm／ʔ jəm／ʔ iəm／· jəm
上古音：「山」s ăn／ʃ ean／-／s rian／s rian","アイヌ語：陰山＝「イ・アム・シル・アゥ・ウン(i-am-sir-aw-un)」＝「その・爪の（ように平べったく鋭い）・山の・角、枝分かれ・にある（ところ）」","jomon2_bnum14.html"
"荊州","桂陽郡","漢寧県","後漢","湖南省郴州市資興市","湘江支流の耒水の山間の最上流部","上古音：「漢」x ɑn／h an／x ɑn／x an／h anh
上古音：「寧」n ieŋ／n ieŋ／n ieŋ／- -／n ing","アイヌ語：漢寧＝「シル・アゥ・ウン・ニ・エ・エン(sir-aw-un-ni-e-en)」＝「山の・角、枝分かれ・にある・棒（のように細長い峰）が・そこで・突き出ている（ところ）」","jomon2_bnum14.html"
"荊州","武陵郡","索県","前漢","湖南省常徳市漢寿県","長江の大連湖の岸辺、沅江の岸辺","上古音：「索」s ɑk／s ak／s ɑk／s ak／s ak
上古音：「索」- -／ʃ eak／s ăk／s rak／s rak","アイヌ語：索＝「シル・アク(sir-ak)」＝「山の・弟（のように小さいもの）」","jomon2_bnum14.html"
"荊州","武陵郡","孱陵県","前漢","湖北省荊州市公安県","長江中流南岸、支流沿い、湿地、湖沼地帯、微高地、自然堤防","上古音：「孱」dʐʰ i̯an／dʒ ean／- -／dz rian／- -
上古音：「陵」l i̯əŋ／l ǐəŋ／l jəŋ／l iəŋ／l jəng","アイヌ語：孱陵＝「チゥ・アゥ・ウン・リ・アゥ・ウン(ciw-aw-un-ri-aw-un)」＝「水流、水脈の・角、枝分かれ・にある・高い・角、枝分かれ・にある（ところ）」","jomon2_bnum14.html"
"荊州","武陵郡","臨沅県","前漢","湖南省常徳市武陵区","沅江下流、湾曲する河道の岸辺、柳叶湖南岸、微高地、自然堤防","上古音：「臨」bl i̯əm／l ǐəm／l jəm／l iəm／bl jəmh
上古音：「沅」- -／ŋ ǐwan／ŋ juăn／ŋ jwan／ngw jan","アイヌ語：臨沅＝「リ・アム・キル・アゥ・ウン(ri-am-kir-aw-un)」＝「高い・爪の（ように平べったく鋭い）・山脚の・角、枝分かれ・にある（ところ）」","jomon2_bnum14.html"
"荊州","武陵郡","沅陵県","前漢","湖南省懐化市沅陵県","沅江上流、山間の谷の入口","上古音：「沅」- -／ŋ ǐwan／ŋ juăn／ŋ jwan／ngw jan
上古音：「陵」l i̯əŋ／l ǐəŋ／l jəŋ／l iəŋ／l jəng","アイヌ語：沅陵＝「キル・アゥ・ウン・リ・アゥ・ウン(kir-aw-un-ri-aw-un)」＝「山脚の・角、枝分かれ・にある（ところ）・高い・角、枝分かれ・にある（ところ）」","jomon2_bnum14.html"
"荊州","武陵郡","鐔成県","前漢","湖南省懐化市洪江市","沅江上流、山間の谷","上古音：「鐔」dz i̯əm／z ǐəm／z jəm／r jiəm／r jəm
上古音：「鐔」z i̯əm／- -／d jəm／r iəm／r əm
上古音：「成」ȡ i̯ĕŋ／ʑ ǐeŋ／ʑ jeŋ／d jieŋ／d jing","アイヌ語：鐔成
＝「テュ・アム・テュ・エ・エン(tu-am-tu-e-en)」＝「峰の・爪の（ように平べったく鋭い）・峰が・そこで・突き出ている（ところ）」
or「リ・アム・テュ・エ・エン(ri-am-tu-e-en)」＝「高い・爪の（ように平べったく鋭い）・峰が・そこで・突き出ている（ところ）」","jomon2_bnum14.html"
"荊州","武陵郡","潕陽県","前漢","湖南省懐化市洪江市芷江トン族自治県","沅江支流の潕水上流、小さな盆地","上古音：「潕」- -／- -／m juaɡ／m jwaɣ／m jagx
上古音：「陽」d i̯aŋ／ʎ ǐaŋ／d jaŋ／r iaŋ／r ang","アイヌ語：潕陽
＝「ムィ・アク・テュ・アゥ・ウン(muy-ak-tu-aw-un)」＝「頂の・弟の（ように小さい）・峰の・角、枝分かれ・にある（ところ）」
or「ムィ・アク・リ・アゥ・ウン(muy-ak-ri-aw-un)」＝「頂の・弟の（ように小さい峰の）・高い・角、枝分かれ・にある（ところ）」","jomon2_bnum14.html"
"荊州","武陵郡","遷陵県","前漢","湖南省湘西トゥチャ族ミャオ族自治州保靖県","沅江支流の酉水上流、山峡","上古音：「遷」tsʰ i̯an／tsʰ ǐan／tsʰ jæn／tsʰ jian／tsh jan
上古音：「陵」l i̯əŋ／l ǐəŋ／l jəŋ／l iəŋ／l jəng","アイヌ語：遷陵＝「テュ・アゥ・ウン・リ・アゥ・ウン(tu-aw-un-ri-aw-un)」＝「峰の・角、枝分かれ・にある（ところ）・高い・角、枝分かれ・にある（ところ）」","jomon2_bnum14.html"
"荊州","武陵郡","佷山県","前漢","湖北省宜昌市長陽トゥチャ族自治県","長江支流の清江の岸辺、山峡","上古音：「很」ɡʰ ən／ɣ ən／ɣ ə̂n／ɡ ən／g ənx
上古音：「山」s ăn／ʃ ean／-／s rian／s rian","アイヌ語：佷山＝「キル・アゥ・ウン・シル・アゥ・ウン(kir-aw-un-sir-aw-un)」＝「山脚の・角、枝分かれ・にある（ところ）・山の・角、枝分かれ・にある（ところ）」","jomon2_bnum14.html"
"荊州","武陵郡","零陽県","前漢","湖南省張家界市慈利県","長江支流の澧水の岸辺、崖の谷","上古音：「零」l ieŋ／l ieŋ／l ieŋ／l eŋ／l ing
上古音：「陽」d i̯aŋ／ʎ ǐaŋ／d jaŋ／r iaŋ／r ang","アイヌ語：零陽＝「リ・エン・テュ・アゥ・ウン(ri-en-tu-aw-un)」＝「高く・突き出ている・峰の・角、枝分かれ・にある（ところ）」","jomon2_bnum14.html"
"荊州","武陵郡","充県","前漢","湖南省張家界市永定区","長江支流の澧水の岸辺、崖の谷","上古音：「充」ȶʰ -／ȶʰ ǐuŋ／ȶʰ joŋ／tʰ jəwŋ／th jəngw","アイヌ語：充＝「テュ・アゥ・ウン(tu-aw-un)」＝「峰の・角、枝分かれ・にある（ところ）」","jomon2_bnum14.html"
"荊州","武陵郡","作唐県","後漢","湖南省常徳市安郷県","長江中流南岸の湖沼地帯、微高地、自然堤防","上古音：「作」- -／ts a／ts ɑɡ／ts aɣ／ts agh
上古音：「作」 ts ɑk／ts ak／ts ɑk／ts ak／ts ak
上古音：「唐」dʰ ɑŋ／d aŋ／dʰ ɑŋ／d aŋ／d ang","アイヌ語：作唐＝「テュ・アク・テュ・アゥ・ウン(tu-ak-tu-aw-un)」＝「峰の・弟の（ように小さい）・峰の・角、枝分かれ・にある（ところ）」","jomon2_bnum14.html"
"荊州","長沙郡","臨湘県","秦～","湖南省長沙市長沙県","長江支流、湘江東岸の山裾の台地","上古音：「臨」bl i̯əm／l ǐəm／l jəm／l iəm／bl jəmh
上古音：「湘」s i̯aŋ／s ǐaŋ／s jaŋ／s jaŋ／s jang","アイヌ語：臨湘＝「リ・アム・シル・アゥ・ウン(ri-am-sir-aw-un)」＝「高い・爪の（ように平べったく鋭い）・山の・角、枝分かれ・にある（ところ）」","jomon2_bnum14.html"
"荊州","長沙郡","羅県","秦～","湖南省汨羅市、および平江県、湘陰県の一部","長江支流、汨羅と湘江に挟まれた山裾の河口の低地","上古音：「羅」l ɑ／l ai／l ɑ／l a／l ar","アイヌ語：羅
＝「ラ(ra)」＝「低いところ」
or「ル・アゥ(ru-aw)」＝「消えかかった・角、枝分かれ（の峰）」","jomon2_bnum14.html"
"荊州","長沙郡","連道県","秦～","湖南省湘潭市湘郷市","漣水上流の山間","上古音：「連」l i̯an／l ǐan／l jæn／l ian／l jan
上古音：「道」dʰ -／d u／dʰ ôɡ／d əw／d əgwx","アイヌ語：連道＝「リ・アゥ・ウン・タク(ri-aw-un-tak)」＝「高い・角、枝分かれ・にある・石」","jomon2_bnum14.html"
"荊州","長沙郡","益陽県","秦～","湖南省益陽市赫山区","長江支流資水南岸の峰","上古音：「益」ʔ i̯ĕk／0 ǐek／ʔ jek／ʔ jiek／· jik
上古音：「陽」d i̯aŋ／ʎ ǐaŋ／d jaŋ／r iaŋ／r ang","アイヌ語：益陽＝「イ・アク・テュ・アゥ・ウン(i-ak-tu-aw-un)」＝「その・弟の（ように小さい）・峰の・角、枝分かれ・にある（ところ）」","jomon2_bnum14.html"
"荊州","長沙郡","下雋県","秦～","湖北省咸寧市崇陽県","長江南岸の山塊、盆地","上古音：「下」ɡʰ ɔ／ɣ ea／ɣ ăɡ／ɡ raɣ／g ragx
上古音：「雋」dzʰ i̯wan／dz ǐwan／dzʰ juæn／dz jiwan／dz juanx","アイヌ語：下雋＝「キル・アク・テュ・アゥ・ウン(kir-ak-tu-aw-un)」＝「山脚の・弟の（ように小さい）・峰の・角、枝分かれ・にある（ところ）」","jomon2_bnum14.html"
"荊州","長沙郡","酃県","秦～","湖南省衡陽市珠暉区","湘江中流の盆地、小山","上古音：「酃」- -／- -／l ieŋ／l eŋ／l ing","アイヌ語：酃＝「リ・エン(ri-en)」＝「高く・突き出ている（ところ）」","jomon2_bnum14.html"
"荊州","長沙郡","湘南県","秦～","湖南省湘潭市湘潭県","湘江西岸の平地、峰。","上古音：「湘」s i̯aŋ／s ǐaŋ／s jaŋ／s jaŋ／s jang
上古音：「南」n əm／n əm／n ə̂m／n əm／n əm","アイヌ語：湘南＝「シル・アゥ・ウン・ニ・アム(sir-aw-un-ni-am)」＝「山の・角、枝分かれ・にある・棒の（ように細長い）・爪（のように平べったく鋭いもの）」","jomon2_bnum14.html"
"荊州","長沙郡","昭陵県","秦～","湖南省邵陽市邵陽県","山峡","上古音：「昭」ȶ i̯oɡ／ȶ ǐau／ȶ jɔɡ／t jiaw／t jagw
上古音：「陵」l i̯əŋ／l ǐəŋ／l jəŋ／l iəŋ／l jəng","アイヌ語：昭陵＝「テュ・アク・リ・アゥ・ウン(tu-ak-ri-aw-un)」＝「峰の・弟の（ように小さい）・高い・角、枝分かれ・にある（ところ）」","jomon2_bnum14.html"
"荊州","長沙郡","攸県","秦～","湖南省株洲市攸県","山峡の盆地","上古音：「攸」d -／ʎ ǐu／d jŏɡ／r iəw／r əgw","アイヌ語：攸
＝「テュ・アク(tu-ak)」＝「峰の・弟（のように小さいもの）」
or「リ・アク(ri-ak)」＝「高い・弟（のように小さいもの）」","jomon2_bnum14.html"
"荊州","長沙郡","容陵県","秦～","湖南省株洲市攸県","山峡の盆地","上古音：「容」d i̯uŋ／ʎ ǐwɔŋ／ɡ juŋ／ɣr iewŋ／g rjung
上古音：「陵」l i̯əŋ／l ǐəŋ／l jəŋ／l iəŋ／l jəng","アイヌ語：容陵＝「キル・ウン・リ・アゥ・ウン(kir-un-ri-aw-un)」＝「山脚・にある・高い・角、枝分かれ・にある（ところ）」","jomon2_bnum14.html"
"荊州","長沙郡","茶陵県","秦～","湖南省株洲市茶陵県","山峡の盆地","上古音：「茶」- -／d ea／dʰ ăɡ／d raɣ／d rag
上古音：「陵」l i̯əŋ／l ǐəŋ／l jəŋ／l iəŋ／l jəng","アイヌ語：茶陵＝「テュ・アク・リ・アゥ・ウン(tu-ak-ri-aw-un)」＝「峰の・弟の（ように小さい）・高い・角、枝分かれ・にある（ところ）」","jomon2_bnum14.html"
"荊州","長沙郡","安成県","秦～","江西省吉安市安福県","山峡の谷","上古音：「安」ʔ ɑn／0 an／ʔ ɑn／ʔ an／· an
上古音：「成」ȡ i̯ĕŋ／ʑ ǐeŋ／ʑ jeŋ／d jieŋ／d jing","アイヌ語：安成＝「アゥ・ウン・テュ・エ・エン(aw-un-tu-e-en)」＝「（川の）角、枝分かれ・にある・峰が・そこで・突き出ている（ところ）」","jomon2_bnum14.html"
"益州","漢中郡","西城県","前漢","陝西省安康市漢浜区","漢中盆地東方の漢江の谷","上古音：「西」s iər／s iei／s ied／s er／s id
上古音：「城」ȡ i̯ĕŋ／ʑ ǐeŋ／ʑ jeŋ／d jieŋ／d jing","アイヌ語：西城＝「シル・アッ・テュ・エ・エン(sir-at-tu-e-en)」＝「山が・たくさんある・峰が・そこで・突き出ている（ところ）」","jomon2_bnum14.html"
"益州","漢中郡","旬陽県","前漢","陝西省安康市旬陽市","漢中盆地東方の漢水の谷、山塊","上古音：「旬」dz i̯wĕn／z ǐwen／z juen／r jiwen／sgw jin
上古音：「陽」d i̯aŋ／ʎ ǐaŋ／d jaŋ／r iaŋ／r ang","アイヌ語：旬陽
＝「シル・エ・エン・テュ・アゥ・ウン(sir-e-en-tu-aw-un)」＝「山が・そこで・突き出ている・峰の・角、枝分かれ・にある（ところ）」
or「チゥ・エ・エン・テュ・アゥ・ウン(ciw-e-en-tu-aw-un)」＝「水脈、水流が・そこで・突き出ている・峰の・角、枝分かれ・にある（ところ）」
or「シル・エ・エン・リ・アゥ・ウン(sir-e-en-ri-aw-un)」＝「山が・そこで・突き出ている・高い・角、枝分かれ・にある（ところ）」
or「チゥ・エ・エン・リ・アゥ・ウン(ciw-e-en-ri-aw-un)」＝「水脈、水流が・そこで・突き出ている・高い・角、枝分かれ・にある（ところ）」","jomon2_bnum14.html"
"益州","漢中郡","南鄭県","前漢","陝西省漢中市南鄭区","漢中盆地南西部の山裾、山塊","上古音：「南」n əm／n əm／n ə̂m／n əm／n əm
上古音：「鄭」dʰ i̯ĕŋ／d ǐeŋ／dʰ jeŋ／d ieŋ／d rjingh","アイヌ語：南鄭＝「ニ・アム・テュ・エ・エン(ni-am-tu-e-en)」＝「棒の（ように細長い）・爪の（ように平べったく鋭い）・峰が・そこで・突き出ている（ところ）」","jomon2_bnum14.html"
"益州","漢中郡","褒中県","前漢","陝西省漢中市勉県","漢中盆地南西部の山裾、山塊、渓谷","上古音：「褒」p -／p u／- -／p əw／- -
上古音：「中」t -／t ǐuŋ／t joŋ／t iəwŋ／t rjəngw","アイヌ語：褒中＝「プ・アゥ・テュ・アゥ・ウン(pu-aw-tu-aw-un)」＝「倉の（屋根のような三角山の）・角、枝分かれの・峰の・角、枝分かれ・にある（ところ）」","jomon2_bnum14.html"
"益州","漢中郡","房陵県","前漢","湖北省十堰市房県","襄陽市西方の小さな盆地、枝分かれた谷、峰","上古音：「房」bʰ i̯waŋ／b uaŋ／bʰ juaŋ／b jwaŋ／b jang
上古音：「陵」l i̯əŋ／l ǐəŋ／l jəŋ／l iəŋ／l jəng","アイヌ語：房陵＝「ピル・アゥ・ウン・リ・アゥ・ウン(pir-aw-un-ri-aw-un)」＝「傷の（ように切り刻まれた）・角、枝分かれ・にある・高い・角、枝分かれ・にある（ところ）」","jomon2_bnum14.html"
"益州","漢中郡","安陽県","前漢","陝西省安康市漢浜区","漢中市東方の漢江沿いの盆地。","上古音：「安」ʔ ɑn／0 an／ʔ ɑn／ʔ an／· an
上古音：「陽」d i̯aŋ／ʎ ǐaŋ／d jaŋ／r iaŋ／r ang","アイヌ語：安陽＝「アゥ・ウン・テュ・アゥ・ウン(aw-un-tu-aw-un)」＝「（川の）角、枝分かれ・にある・峰の・角、枝分かれ・にある（ところ）」","jomon2_bnum14.html"
"益州","漢中郡","城固県","前漢","陝西省漢中市城固県","漢中市の盆地","上古音：「城」ȡ i̯ĕŋ／ʑ ǐeŋ／ʑ jeŋ／d jieŋ／d jing
上古音：「固」k o／k a／k ɑɡ／k aɣ／k agh","アイヌ語：城固＝「テュ・エ・エン・ク・アク(tu-e-en-ku-ak)」＝「峰が・そこで・突き出ている・矢の（ように鋭い）・弟（のように小さい）or射る（ようなところ）」※矢を射るかのように鋭く突き出ている峰。
※アイヌ語「ク＝弓」。中国大陸、朝鮮半島では「ク＝矢」の可能性。サハリン、シベリアのニヴフ（ギリヤーク）語も「ク＝矢」。","jomon2_bnum14.html"
"益州","漢中郡","鍚県","前漢","陝西省安康市白河県","安康市東方の山塊","上古音：「鍚」d i̯aŋ／ʎ ǐaŋ／- -／r iaŋ／- -","アイヌ語：鍚
＝「テュ・アゥ・ウン(tu-aw-un)」＝「峰の・角、枝分かれ・にある（ところ」）
or「リ・アゥ・ウン(ri-aw-un)」＝「高い・角、枝分かれ・にある（ところ」）","jomon2_bnum14.html"
"益州","漢中郡","武陵県","前漢","湖北省十堰市竹渓県の東","安康市と襄陽市の間の山塊","上古音：「武」m i̯wo／m ǐwa／m juaɡ／m jwaɣ／m jagx
上古音：「陵」l i̯əŋ／l ǐəŋ／l jəŋ／l iəŋ／l jəng","アイヌ語：武陵＝「ムィ・アク・リ・アゥ・ウン(muy-ak-ri-aw-un)」＝「頂の・弟の（ように小さい）・高い・角、枝分かれ・にある（ところ）」","jomon2_bnum14.html"
"益州","漢中郡","上庸県","前漢","湖北省十堰市竹山県の南西部","安康市と襄陽市の間の山塊、楮河北岸地域","上古音：「上」ȡ i̯aŋ／ʑ ǐaŋ／ʑ jaŋ／d jaŋ／d jangh
上古音：「庸」d i̯uŋ／ʎ ǐwɔŋ／d juŋ／r iewŋ／r ung","アイヌ語：上庸＝「チゥ・アゥ・ウン・テュ・ウン(ciw-aw-un-tu-un)」＝「水流、水脈の・角、枝分かれ・にある・峰・にある（ところ）」","jomon2_bnum14.html"
"益州","漢中郡","長利県","前漢","湖北省十堰市鄖西県","襄陽市の西北、漢江の谷の北岸の山塊","上古音：「長」t i̯aŋ／t ǐaŋ／t jaŋ／t iaŋ／t rjangx
上古音：「長」dʰ i̯aŋ／d ǐaŋ／dʰ jaŋ／d iaŋ／d rjangh
上古音：「利」l i̯əd／l ǐei／l jed／l ier／l jidh","アイヌ語：長利＝「テュ・アゥ・ウン・リ・アッ(tu-aw-un-ri-at)」＝「峰の・角、枝分かれ・にある・高い（ところが）・たくさんある（ところ」","jomon2_bnum14.html"
"益州","巴郡","江州県","前漢","重慶市江北区","四川盆地、長江と支流の分岐点の峰","上古音：「江」k ŭŋ／k eɔŋ／k uŋ／k rewŋ／k rung
上古音：「州」tɕ ／ȶ ǐ u／ȶ jŏ ɡ／t jəw／t jəgw","アイヌ語：江州
＝「ク・アゥ・ウン・テュ・アク(ku-aw-un-tu-ak)」＝「矢（のように鋭い）・角、枝分かれ・にある・峰の・弟（のように小さいもの）」
※アイヌ語「ク＝弓」。中国大陸、朝鮮半島では「ク＝矢」の可能性。サハリン、シベリアのニヴフ（ギリヤーク）語も「ク＝矢」。","jomon2_bnum14.html"
"益州","巴郡","臨江県","前漢","重慶市忠県","四川盆地、長江の谷。","上古音：「臨」bl i̯əm／l ǐəm／l jəm／l iəm／bl jəmh
上古音：「江」k ŭŋ／k eɔŋ／k uŋ／k rewŋ／k rung","アイヌ語：臨江
＝「リ・アム・ク・アゥ・ウン(ri-am-ku-aw-un)」＝「高い・爪の（ように平べったく鋭い）・矢の（ように鋭い）・角、枝分かれ・にある（ところ）」
※アイヌ語「ク＝弓」。中国大陸、朝鮮半島では「ク＝矢」の可能性。サハリン、シベリアのニヴフ（ギリヤーク）語も「ク＝矢」。","jomon2_bnum14.html"
"益州","巴郡","枳県","前漢","重慶市涪陵区","四川盆地、長江沿いの峰","上古音：「枳」tɕ i̯ĕɡ／ȶ ǐe／c jeɡ／t jieɣ／k rjigx
上古音：「枳」k i̯ĕɡ／- -／k jeɡ／k jieɣ／k jigx","アイヌ語：枳
＝「テュ・アク(tu-ak)」＝「峰の・弟（のように小さいもの）」
or「チゥ・アク(ciw-ak)」＝「水流、水脈の・弟（のように小さいもの）」
or「キル・アク(kir-ak)」＝「山脚の・弟（のように小さいもの）」","jomon2_bnum14.html"
"益州","巴郡","閬中県","前漢","四川省南充市閬中市","四川盆地、長江支流の嘉陵江沿いの山塊、谷","上古音：「枳」l ɑŋ／l aŋ／l ɑŋ／l aŋ／l angh
上古音：「中」t -／t ǐuŋ／t joŋ／t iəwŋ／t rjəngw","アイヌ語：閬中＝「ラン・テュ・ウン(ran-tu-un)」＝「上から下に下る・峰・にある（ところ）」","jomon2_bnum14.html"
"益州","巴郡","墊江県","前漢","重慶市墊江県","四川盆地、長江北岸の峰、谷","上古音：「墊」t iəm／t iəm／t iəm／t eəm／t iəmh
上古音：「墊」- -／- -／dʰ iəp／d eəp／d iəp
上古音：「江」k ŭŋ／k eɔŋ／k uŋ／k rewŋ／k rung","アイヌ語：墊江＝
＝「テュ・アム・ク・アゥ・ウン(tu-am-ku-aw-un)」＝「峰の・爪の（ように平べったく鋭い）・矢の（ように鋭い）・角、枝分かれ・にある（ところ）」
or「テュ・アプ・ク・アゥ・ウン(tu-ap-ku-aw-un)」＝「峰の・釣り針の（ように曲がった）・矢の（ように鋭い）・角、枝分かれ・にある（ところ）」
※アイヌ語「ク＝弓」。中国大陸、朝鮮半島では「ク＝矢」の可能性。サハリン、シベリアのニヴフ（ギリヤーク）語も「ク＝矢」。","jomon2_bnum14.html"
"益州","巴郡","朐忍県","前漢","重慶市雲陽県","長江上流の四川盆地東方の険しい谷。","上古音：「朐」k i̯u／k ǐwɔ／k juɡ／k jew／k ugh
上古音：「忍」ȵ i̯ən／ȵ ǐən／ȵ jən／n jiən／n jiənx","アイヌ語：朐忍＝「キル・ク・ニ・エ・エン(kir-ku-ni-e-en)」＝「山脚の・矢の（ように鋭い）・棒（のように細長い峰）が・そこで・突き出ている（ところ）」
※アイヌ語「ク＝弓」。中国大陸、朝鮮半島では「ク＝矢」の可能性。サハリン、シベリアのニヴフ（ギリヤーク）語も「ク＝矢」。","jomon2_bnum14.html"
"益州","巴郡","安漢県","前漢","四川省南充市順慶区","四川盆地、長江支流の嘉陵江沿いの山塊、谷","上古音：「安」ʔ ɑn／0 an／ʔ ɑn／ʔ an／· an
上古音：「漢」x ɑn／h an／x ɑn／x an／h anh","アイヌ語：安漢＝「アゥ・ウン・シル・アゥ・ウン(aw-un-sir-aw-un)」＝「（川の）角、枝分かれ・にある・山の・角、枝分かれ・にある（ところ）」","jomon2_bnum14.html"
"益州","巴郡","宕渠県","前漢","四川省達州市渠県","四川盆地、長江支流の渠江沿いの峰、谷","上古音：「宕」dʰ ɑŋ／d aŋ／dʰ ɑŋ／d aŋ／d angh
上古音：「渠」ɡʰ i̯o／g ǐa／ɡʰ jaɡ／ɡ jaɣ／g jag","アイヌ語：宕渠＝「テュ・アゥ・ウン・キル・アク(tu-aw-un-kir-ak)」＝「峰の・角、枝分かれ・にある・山脚の・弟（のように小さいもの）」","jomon2_bnum14.html"
"益州","巴郡","魚復県","前漢","重慶市奉節県","四川盆地東方の険しい山塊、谷。","上古音：「魚」ŋ i̯o／ŋ ǐa／ŋ jaɡ／ŋ jaɣ／ng jag
上古音：「復」bʰ -／b ǐuk／bʰ jok／b jəwk／b jəkw","アイヌ語：魚復＝「キル・アク・ピル・アク(kir-ak-pir-ak)」＝「山脚の・弟（のように小さいもの）・傷の（ように切り刻まれた）・弟」","jomon2_bnum14.html"
"益州","巴郡","充国県","前漢","四川省南充市西充県","四川盆地、長江支流の嘉陵江沿いの山塊、谷","上古音：「充」ȶʰ -／ȶʰ ǐuŋ／ȶʰ joŋ／tʰ jəwŋ／th jəngw
上古音：「國」k wək／k uək／k uə̂k／k wək／kw ək","アイヌ語：充国＝「テュ・アゥ・ウン・ク・アク(tu-aw-un-ku-ak)」＝「峰の・角、枝分かれ・にある・矢の（ように鋭い）・弟（のように小さいもの）or射る（ようなところ）」
※アイヌ語「ク＝弓」。中国大陸、朝鮮半島では「ク＝矢」の可能性。サハリン、シベリアのニヴフ（ギリヤーク）語も「ク＝矢」。","jomon2_bnum14.html"
"益州","巴郡","涪陵県","前漢","彭水ミャオ族トゥチャ族自治県","四川盆地南東の山塊、長江支流の烏江沿い","上古音：「涪」- -／- -／bʰ juə̆ɡ／b jwəɣ／b jəg
上古音：「陵」l i̯əŋ／l ǐəŋ／l jəŋ／l iəŋ／l jəng","アイヌ語：涪陵＝「ピル・アク・リ・アゥ・ウン(pir-ak-ri-aw-un)」＝「傷の（ように切り刻まれた）・弟の（ように小さい）・高い・角、枝分かれ・にある（ところ）」","jomon2_bnum14.html"
"益州","巴郡","平都県","後漢","重慶市豊都県","長江上流、四川盆地の峰、谷","上古音：「平」bʰ i̯ĕŋ／b ǐeŋ／bʰ jĕŋ／b ieŋ／b jing
上古音：「都」t o／t a／t ɑɡ／t aɣ／t ag","アイヌ語：平都＝「ピ・エ・エン・タク(pi-e-en-tak)」＝「石が・そこで・突き出ている・石」","jomon2_bnum14.html"
"益州","巴郡","宣漢県","後漢","四川省達州市宣漢県","四川盆地の東北、長江支流、渠江支流、州河沿いの山塊。","上古音：「宣」s i̯wan／s ǐwan／s juæn／s jiwan／skw jan
上古音：「漢」x ɑn／h an／x ɑn／x an／h anh","アイヌ語：宣漢＝「シル・アゥ・ウン・シル・アゥ・ウン(sir-aw-un-sir-aw-un)」＝「山の・角、枝分かれ・にある・山の・角、枝分かれ・にある（ところ）」※たくさんの山の枝分かれ。","jomon2_bnum14.html"
"益州","巴郡","漢昌県","後漢","四川省巴中市巴州区","四川盆地の東北、長江支流、渠江支流、巴河、南江上流の山塊","上古音：「漢」x ɑn／h an／x ɑn／x an／h anh
上古音：「昌」ȶʰ i̯aŋ／ȶʰ ǐaŋ／ȶʰ jaŋ／tʰ jaŋ／th jang","アイヌ語：漢昌＝「シル・アゥ・ウン・テュ・アゥ・ウン(sir-aw-un-tu-aw-un)」＝「山の・角、枝分かれ・にある・峰の・角、枝分かれ・にある（ところ）」","jomon2_bnum14.html"
"益州","広漢郡","梓潼県","前漢","四川省綿陽市梓潼県","長江上流、四川盆地北部の峰、谷","上古音：「梓」ts i̯əɡ／ts ǐə／ts jəɡ／ts jiəɣ／ts jəgx
上古音：「潼」- -／d ɔŋ／dʰ ûŋ／d ewŋ／d ung
上古音：「潼」- -／- -／ȶʰ juŋ／tʰ jewŋ／th jung","アイヌ語：梓潼＝「テュ・アク・テュン(tu-ak-tun)」＝「峰の・弟の（ように小さいものの）・間」","jomon2_bnum14.html"
"益州","広漢郡","什方県","前漢","四川省徳陽市什邡市","長江上流、四川盆地北部の山裾","上古音：「什」ȡ i̯əp／ʑ ǐəp／ʑ jəp／d jiəp／d jəp
上古音：「方」- -／- -／bʰ juaŋ／b jwaŋ／b jang
上古音：「方」p i̯waŋ／p ǐwaŋ／p juaŋ／p jwaŋ／p jang","アイヌ語：什方＝「チゥ・アプ・ピル・アゥ・ウン(ciw-ap-pir-aw-un)」＝「水流、水脈の・釣り針の（ように曲がったものの）・傷の（ように切り刻まれた）・角、枝分かれ・にある（ところ）」","jomon2_bnum14.html"
"益州","広漢郡","綿竹県","前漢","四川省徳陽市綿竹市","長江上流、支流の沱江、その支流の上流の石亭江沿いの山裾","上古音：「綿」m i̯an／m ǐan／- -／m jiwan／- -
上古音：「竹」t -／t ǐuk／t jok／t iəwk／t rjəkw","アイヌ語：綿竹＝「ムィ・アゥ・ウン・テュ・アク(muy-aw-un-tu-ak)」＝「頂の・角、枝分かれ・にある・峰の・弟（のように小さいもの）」","jomon2_bnum14.html"
"益州","広漢郡","涪県","前漢","四川省綿陽市涪城区","長江上流、支流の涪江と安昌河の分岐、四川盆地北部の丘陵地帯","上古音：「涪」- -／- -／bʰ juə̆ɡ／b jwəɣ／b jəg","アイヌ語：涪＝「ピル・アク(pir-ak)」＝「傷の（ように切り刻まれた）・弟（のように小さい峰）」","jomon2_bnum14.html"
"益州","広漢郡","雒県","前漢","四川省徳陽市広漢市","長江上流、支流の沱江上流の山裾","上古音：「雒」ɡl ɑk／l ak／l ɑk／l ak／gl ak","アイヌ語：雒＝「ル・アク(ru-ak)」＝「消えかかった・弟（のように小さい峰）」","jomon2_bnum14.html"
"益州","広漢郡","広漢県","前漢","四川省遂寧市射洪市","長江上流、支流の涪江沿いの丘陵地帯","上古音：「廣」k wɑŋ／k uaŋ／k uɑŋ／k waŋ／kw angx
上古音：「漢」x ɑn／h an／x ɑn／x an／h anh","アイヌ語：広漢＝「ク・アゥ・ウン・シル・アゥ・ウン(ku-aw-un-sir-aw-un)」＝「矢の（ように鋭い）・角、枝分かれ・にある（ところ）・山の・角、枝分かれ・にある（ところ）」
※アイヌ語「ク＝弓」。中国大陸、朝鮮半島では「ク＝矢」の可能性。サハリン、シベリアのニヴフ（ギリヤーク）語も「ク＝矢」。","jomon2_bnum14.html"
"益州","広漢郡","白水県","前漢","四川省広元市青川県","長江上流、支流の嘉陵江上流、四川盆地北部の山塊。","上古音：「白」bʰ ăk／b eak／bʰ uăk／b rwak／b rak
上古音：「水」ɕ i̯wər／ɕ ǐwei／ç jued／stʰ jiwer／h rjidx","アイヌ語：白水＝「ピル・アク・シル・アッ(pir-ak-sir-at)」＝「傷の（ように切り刻まれた）・弟の（ように小さい）・山が・たくさんある（ところ）」","jomon2_bnum14.html"
"益州","広漢郡","葭萌県","前漢","四川省広元市昭化区","長江上流、支流の嘉陵江上流、四川盆地北部の山塊。","上古音：「葭」k ɔ／k ea／k ăɡ／k raɣ／k rag
上古音：「萌」m ăŋ／m eaŋ／m uăŋ／- -／m rang","アイヌ語：葭萌
＝「ク・アク・ム・アゥ・ウン(ku-ak-mu-aw-un)」＝「矢の（ように鋭い）・弟の（ように小さい峰の）・ふさがっている・角、枝分かれ・にある（ところ）」
※アイヌ語「ク＝弓」。中国大陸、朝鮮半島では「ク＝矢」の可能性。サハリン、シベリアのニヴフ（ギリヤーク）語も「ク＝矢」。","jomon2_bnum14.html"
"益州","広漢郡","郪県","前漢","四川省綿陽市三台県","長江上流、支流の涪江沿いの丘陵地帯","上古音：「郪」- -／- -／tsʰ ied／tsʰ er／tsh id","アイヌ語：郪＝「テュ・イ・アッ(tu-i-at)」＝「峰・それが・たくさんある（ところ）」","jomon2_bnum14.html"
"益州","広漢郡","新都県","前漢","四川省成都市新都区","長江上流、支流の涪江沿い平地の微高地、自然堤防","上古音：「新」s i̯ĕn／s ǐen／s jen／s jien／s jin
上古音：「都」t o／t a／t ɑɡ／t aɣ／t ag","アイヌ語：新都＝「シル・エ・エン・テュ・アク(sir-e-en-tu-ak)」＝「山が・そこで・突き出ている・峰の・弟（のように小さいもの）」","jomon2_bnum14.html"
"益州","蜀郡","成都県","前漢","四川省成都市","黄河上流、四川盆地西北部","上古音：「成」ȡ i̯ĕŋ／ʑ ǐeŋ／ʑ jeŋ／d jieŋ／d jing
上古音：「都」t o／t a／t ɑɡ／t aɣ／t ag","アイヌ語：成都＝「テュ・エ・エン・テュ・アク(tu-e-en-tu-ak)」＝「峰が・そこで・突き出ている・峰の・弟（のように小さいもの）」","jomon2_bnum14.html"
"益州","広漢郡","甸氐道県","前漢","四川省アバ・チベット族チャン族自治州九寨溝県","黄河上流、四川盆地北方、漢中盆地西方の山塊","上古音：「甸」dʰ ien／d ien／dʰ ien／d en／d inh
上古音：「氐」- -／t ǐei／t jed／t ier／t rjid
上古音：「氐」t iər／t iei／t ied／t er／t id
上古音：「道」dʰ -／d u／dʰ ôɡ／d əw／d əgwx","アイヌ語：甸氐道＝「テュ・エ・エン・テュ・アッ・タク(tu-e-en-tu-at-tak)」＝「峰が・そこで・突き出ている・峰が・たくさんある・石」","jomon2_bnum14.html"
"益州","広漢郡","剛氐道県","前漢","四川省綿陽市平武県","四川盆地北部の山塊。","上古音：「剛」k ɑŋ／k aŋ／k ɑŋ／k aŋ／k ang
上古音：「氐」- -／t ǐei／t jed／t ier／t rjid
上古音：「氐」t iər／t iei／t ied／t er／t id
上古音：「道」dʰ -／d u／dʰ ôɡ／d əw／d əgwx","アイヌ語：剛氐道＝「ク・アゥ・ウン・テュ・アッ・タク(ku-aw-un-tu-at-tak)」＝「矢の（ように鋭い）・角、枝分かれ・にある・峰が・たくさんある・石」
※アイヌ語「ク＝弓」。中国大陸、朝鮮半島では「ク＝矢」の可能性。サハリン、シベリアのニヴフ（ギリヤーク）語も「ク＝矢」。","jomon2_bnum14.html"
"益州","広漢郡","陰平道県","前漢","甘粛省隴南市文県","四川盆地北部の山塊","上古音：「陰」ʔ i̯əm／0 ǐəm／ʔ jəm／ʔ iəm／· jəm
上古音：「平」bʰ i̯ĕŋ／b ǐeŋ／bʰ jĕŋ／b ieŋ／b jing
上古音：「道」dʰ -／d u／dʰ ôɡ／d əw／d əgwx","アイヌ語：陰平道＝「イ・アム・ピ・エ・エン・タク(i-am-pi-e-en-tak)」＝「その・爪のように（平べったく鋭い）・石が・そこで・突き出ている・石」
※第一回～第三十一回「日本書紀のエラーコラム」／第三十二回～第九十二回「日出ずる国のエラーコラム」／第九十三回～「日没する国のエラーコラム」／第百九十七回～「日没する国のエラーコラム／第二百三回～「騎馬民族北方系渡来人のエラーコラム」／第五百七回～「継体の不審死と磐井の乱」／第五百三十五回～「三国史記朝鮮地名と倭人」","jomon2_bnum14.html"
"益州","蜀郡","郫県","前漢","四川省成都市郫都区","四川盆地北部山裾の平地、微高地、自然堤防","上古音：「郫」- -／- -／bʰ jeɡ／b jieɣ／b jig","アイヌ語：郫＝「ピル・アク(pir-ak)」＝「傷の（ように切り刻まれた）・弟（のように小さい峰）」","jomon2_bnum15.html"
"益州","蜀郡","繁県","前漢","四川省成都市新都区","四川盆地北部山裾の平地、微高地、自然堤防","上古音：「繁」bʰ wɑn／b ǐwan／ bʰ juăn／b wan／b jan","アイヌ語：繁＝「ピル・アゥ・ウン(pir-aw-un)」＝「傷の（ように切り刻まれた）・角、枝分かれ・にある（ところ）」","jomon2_bnum15.html"
"益州","蜀郡","臨邛県","前漢","四川省成都市邛崍市","四川盆地西部の山裾","上古音：「臨」bl i̯əm／l ǐəm／l jəm／l iəm／bl jəmh
上古音：「邛」ɡʰ i̯uŋ／g ǐwɔŋ／ɡʰ juŋ／ɡ jewŋ／g jung","アイヌ語：臨邛＝「リ・アム・キル・ウン(ri-am-kir-un)」＝「高い・爪の（ように平べったく鋭い）・山脚・にある（ところ）」","jomon2_bnum15.html"
"益州","蜀郡","青衣県","前漢","四川省雅安市蘆山県","四川盆地西部の山","上古音：「青」tsʰ ieŋ／tsʰ ieŋ／tsʰ ieŋ／tsʰ eŋ／tsh ing
上古音：「衣」ʔ i̯ər／0 ǐəi／ʔ jə̆d／ʔ jər／· jədh","アイヌ語：青衣＝「テュ・イ・エン・イ・アッ(tu-i-en-i-at)」＝「峰・それが・突き出ている・それが・たくさんある」","jomon2_bnum15.html"
"益州","蜀郡","江原県","前漢","四川省成都市崇州市","四川盆地西部の山裾。長江支流、岷江支流、西河の谷","上古音：「江」k ŭŋ／k eɔŋ／k uŋ／k rewŋ／k rung
上古音：「原」ŋ i̯wăn／ŋ ǐwan／ŋ juăn／ŋ jwan／ngw jan","アイヌ語：江原＝「ク・アゥ・ウン・キル・アゥ・ウン(ku-aw-un-kir-aw-un)」＝「矢の（ように鋭い峰の）・角、枝分かれ・にある・山脚の・角、枝分かれ・にある（ところ）」
※アイヌ語「ク＝弓」。中国大陸、朝鮮半島では「ク＝矢」の可能性。サハリン、シベリアのニヴフ（ギリヤーク）語も「ク＝矢」。","jomon2_bnum15.html"
"益州","蜀郡","厳道県","前漢","四川省雅安市滎経県","四川盆地西部の山塊","上古音：「嚴」ŋ i̯ăm／ŋ ǐam／ŋ jăm／ŋ jam／ng jam
上古音：「道」dʰ -／d u／dʰ ôɡ／d əw／d əgwx","アイヌ語：厳道＝「キル・アム・タク(kir-am-tak)」＝「山脚の・爪の（ように平べったく鋭い）・石」","jomon2_bnum15.html"
"益州","蜀郡","綿虒県","前漢","四川省アバ・チベット族チャン族自治州汶川県","四川盆地北西部の山塊。長江支流、岷江上流の谷","上古音：「綿」m i̯an／m ǐan／- -／m jiwan／- -
上古音：「虒」s i̯ĕɡ／- -／s jeɡ／s jieɣ／st jig","アイヌ語：綿虒＝「ムィ・アゥ・ウン・シル・アク(muy-aw-un-sir-ak)」＝「頂の・角、枝分かれ・にある・山の・弟（のように小さいもの ）」","jomon2_bnum15.html"
"益州","蜀郡","旄牛県","前漢","四川省雅安市漢源県九襄鎮","四川盆地西部の山塊。長江支流、岷江支流、大渡河北岸の谷、盆地。","上古音：「旄」m oɡ／m au／m ɔ̂ɡ／m aw／m agwh
上古音：「牛」ŋ i̯ŭɡ／ŋ ǐwə／ŋ juə̆ɡ／ŋ jwəɣ／ng jəg","アイヌ語：旄牛＝「ム・アク・キル・アク(mu-ak-kir-ak)」＝「ふさがっている・弟（のように小さい盆地）・山脚の・弟」","jomon2_bnum15.html"
"益州","蜀郡","湔氐道県","前漢","四川省アバ・チベット族チャン族自治州松潘県","四川盆地北西部の山塊、標高４～5000mの山々","上古音：「湔」- -／- -／dzʰ iæn／dz ean／dz ian
上古音：「湔」ts i̯an／ts ǐan／ts jæn／ts jian／ts janh
上古音：「氐」- -／t ǐei／t jed／t ier／t rjid
上古音：「氐」t iər／t iei／t ied／t er／t id
上古音：「道」dʰ -／d u／dʰ ôɡ／d əw／d əgwx","アイヌ語：湔氐道＝「テュ・アゥ・ウン・テュ・アッ・タク(tu-aw-un-tu-at-tak)」＝「峰の・角、枝分かれ・にある・峰が・たくさんある・石」","jomon2_bnum15.html"
"益州","蜀郡","汶江県","前漢","四川省アバ・チベット族チャン族自治州茂県","四川盆地北西部の山塊、標高４～5000mの山々","上古音：「汶」m i̯wən／m ǐwən／m juə̆n／m jwən／m jənh
上古音：「江」k ŭŋ／k eɔŋ／k uŋ／k rewŋ／k rung","アイヌ語：汶江＝「ムィ・アゥ・ウン・ク・アゥ・ウン(muy-aw-un-ku-aw-un)」＝「頂の・角、枝分かれ・にある・矢の（ように鋭い）・角、枝分かれ・にある（ところ）」
※アイヌ語「ク＝弓」。中国大陸、朝鮮半島では「ク＝矢」の可能性。サハリン、シベリアのニヴフ（ギリヤーク）語も「ク＝矢」。","jomon2_bnum15.html"
"益州","蜀郡","蚕陵県","前漢","四川省アバ・チベット族チャン族自治州茂県","四川盆地北西部の山塊、標高４～5000mの山々","上古音：「蠶」dzʰ əm／dz əm／dzʰ ə̂m／dz əm／dz əm
上古音：「陵」l i̯əŋ／l ǐəŋ／l jəŋ／l iəŋ／l jəng","アイヌ語：蚕陵＝「テュ・アム・リ・アゥ・ウン(tu-am-ri-aw-un)」＝「峰の・爪（のように平べったく鋭い）・高い・角、枝分かれ・にある（ところ）」","jomon2_bnum15.html"
"益州","蜀郡","広柔県","前漢","四川省アバ・チベット族チャン族自治州理県桃坪鎮","四川盆地北西部の山塊。標高４～5000mの山々。","上古音：「廣」k wɑŋ／k uaŋ／k uɑŋ／k waŋ／kw angx
上古音：「柔」ȵ -／ȵ ǐu／ȵ jŏɡ／n jəw／n jəgw","アイヌ語：広柔＝「ク・アゥ・ウン・ニ・アク(ku-aw-un-ni-ak)」＝「矢の（ように鋭い）・角、枝分かれ・にある・棒の（ように細長い）・弟（のように小さい峰）」
※アイヌ語「ク＝弓」。中国大陸、朝鮮半島では「ク＝矢」の可能性。サハリン、シベリアのニヴフ（ギリヤーク）語も「ク＝矢」。","jomon2_bnum15.html"
"益州","犍為郡","僰道県","前漢","四川省宜賓市翠屏区","四川盆地南西部の山裾、長江上流の岸辺の峰","上古音：「僰」- -／- -／bʰ juək／b iwək／b jiək
上古音：「僰」- -／- -／bʰ uə̂k／- -／b ək
上古音：「道」dʰ -／d u／dʰ ôɡ／d əw／d əgwx","アイヌ語：僰道＝「ピル・アク・タク(pir-ak-tak)」＝「傷の（ように切り刻まれた）・弟の（ように小さい）・石」","jomon2_bnum15.html"
"益州","犍為郡","江陽県","前漢","四川省瀘州市江陽区","四川盆地南部の山裾、長江上流の岸辺","上古音：「江」k ŭŋ／k eɔŋ／k uŋ／k rewŋ／k rung
上古音：「陽」d i̯aŋ／ʎ ǐaŋ／d jaŋ／r iaŋ／r ang","アイヌ語：江陽＝「ク・アゥ・ウン・テュ・アゥ・ウン(ku-aw-un-tu-aw-un)」＝「矢の（ように鋭い）・角、枝分かれ・にある・峰の・角、枝分かれ・にある（ところ）」
※アイヌ語「ク＝弓」。中国大陸、朝鮮半島では「ク＝矢」の可能性。サハリン、シベリアのニヴフ（ギリヤーク）語も「ク＝矢」。","jomon2_bnum15.html"
"益州","犍為郡","武陽県","前漢","四川省眉山市彭山区","四川盆地西部の小さな峰の間、長江支流、岷江の谷","上古音：「武」m i̯wo／m ǐwa／m juaɡ／m jwaɣ／m jagx
上古音：「陽」d i̯aŋ／ʎ ǐaŋ／d jaŋ／r iaŋ／r ang","アイヌ語：武陽
＝「ムィ・アク・テュ・アゥ・ウン(muy-ak-tu-aw-un)」＝「頂の・弟の（ように小さい）・峰の・角、枝分かれ・にある（ところ）」
or「ムィ・アク・リ・アゥ・ウン(muy-ak-ri-aw-un)」＝「頂の・弟の（ように小さい）・高い・角、枝分かれ・にある（ところ）」","jomon2_bnum15.html"
"益州","犍為郡","南安県","前漢","四川省楽山市市中区","四川盆地西部の山裾。長江支流の岷江がいくつかの支流に分岐するところ","上古音：「南」n əm／n əm／n ə̂m／n əm／n əm
上古音：「安」ʔ ɑn／0 an／ʔ ɑn／ʔ an／· an","アイヌ語：南安＝「ニ・アム・アゥ・ウン(ni-am-aw-un)」＝「棒の（ように細長い）・爪の（ように平べったく鋭い）・角、枝分かれ・にある（ところ）」","jomon2_bnum15.html"
"益州","犍為郡","資中県","前漢","四川省内江市資中県","四川盆地西部の峰裾、盆地内の独立した大きな峰","上古音：「資」ts i̯ər／ts ǐei／ts jed／ts jier／ts jid
上古音：「中」t -／t ǐuŋ／t joŋ／t iəwŋ／t rjəngw","アイヌ語：資中＝「テュ・アッ・テュ・アゥ・ウン(tu-at-tu-aw-un)」＝「峰が・たくさんある・峰の・角、枝分かれ・にある（ところ）」","jomon2_bnum15.html"
"益州","犍為郡","符県","前漢","四川省瀘州市合江県","四川盆地南部の山裾、長江南岸の山塊、長江支流の赤水河の合流点","上古音：「符」bʰ i̯u／b ǐwɔ／bʰ juɡ／b jew／b jug","アイヌ語：符＝「ピル・ク(pir-ku)」＝「傷の（ように切り刻まれた）・矢（のように鋭い峰）」
※アイヌ語「ク＝弓」。中国大陸、朝鮮半島では「ク＝矢」の可能性。サハリン、シベリアのニヴフ（ギリヤーク）語も「ク＝矢」。","jomon2_bnum15.html"
"益州","犍為郡","牛鞞県","前漢","四川省成都市簡陽市","四川盆地西部の峰裾","上古音：「牛」ŋ i̯ŭɡ／ŋ ǐwə／ŋ juə̆ɡ／ŋ jwəɣ／ng jəg
上古音：「鞞」p ieɡ／p ǐe／p ieŋ／p eŋ／p ingx
上古音：「鞞」- -／- -／bʰ ieɡ／b eɣ／b ig","アイヌ語：牛鞞
＝「キル・アク・ピル・エ・エン(kir-ak-pir-e-en)」＝「山脚の・弟の（ように小さい）・傷（のように切り刻まれた峰）が・そこで・突き出ている（ところ）」
or「キル・アク・ピル・ク(kir-ak-pir-ku)」＝「山脚の・弟の（ように小さい）・傷の（ように切り刻まれた峰の）・矢（のように鋭い峰）」
※アイヌ語「ク＝弓」。中国大陸、朝鮮半島では「ク＝矢」の可能性。サハリン、シベリアのニヴフ（ギリヤーク）語も「ク＝矢」。","jomon2_bnum15.html"
"益州","犍為郡","南広県","前漢","雲南省昭通市塩津県","四川盆地南西部の山塊、谷","上古音：「南」n əm／n əm／n ə̂m／n əm／n əm
上古音：「廣」k wɑŋ／k uaŋ／k uɑŋ／k waŋ／kw angx","アイヌ語：南広＝「ニ・アム・ク・アゥ・ウン(ni-am-ku-aw-un)」＝「棒の（ように細長い）・爪の（ように平べったく鋭い）・矢の（ように鋭い）・角、枝分かれ・にある（ところ）」
※アイヌ語「ク＝弓」。中国大陸、朝鮮半島では「ク＝矢」の可能性。サハリン、シベリアのニヴフ（ギリヤーク）語も「ク＝矢」。","jomon2_bnum15.html"
"益州","犍為郡","漢陽県","前漢","四川省眉山市青神県","四川盆地西部の峰、峰裾、長江支流の岷江の高い岸辺","上古音：「漢」x ɑn／h an／x ɑn／x an／h anh
上古音：「陽」d i̯aŋ／ʎ ǐaŋ／d jaŋ／r iaŋ／r ang","アイヌ語：漢陽＝「シル・アゥ・ウン・テュ・アゥ・ウン(sir-aw-un-tu-aw-un)」＝「山の・角、枝分かれ・にある（ところ）・峰の・角、枝分かれ・にある（ところ）」","jomon2_bnum15.html"
"益州","犍為郡","存䣖県","前漢","雲南省曲靖市宣威市","四川盆地南西方の小さな盆地、岩の大峡谷","上古音：「存」dzʰ wən／dz uən／dzʰ uə̂n／dz wən／dz ən
上古音：「䣕」- -／- -／m uăɡ／m rwaɣ／m ragh","アイヌ語：存䣖＝「テュ・アゥ・ウン・ムィ・アク(tu-aw-un-muy-ak)」＝「峰の・角、枝分かれ・にある・頂の・弟の（ように小さいもの）」","jomon2_bnum15.html"
"益州","犍為郡","朱提県","前漢","雲南省昭通市","四川盆地南西方の盆地","上古音：「朱」ȶ i̯u／ȶ ǐwɔ／ȶ juɡ／t jew／t jug
上古音：「提」ȡ i̯ĕɡ／- -／ʑ jeɡ／d jieɣ／d jig
上古音：「提」dʰ ieɡ／d ie／dʰ ieɡ／d eɣ／d ig","アイヌ語：朱提＝「テュク・テュ・アク(tuk-tu-ak)」＝「小山の・峰の・関節（のように曲がったもの）」","jomon2_bnum15.html"
"益州","犍為郡","堂琅県","前漢","雲南省昭通市巧家県","四川盆地南西方の山塊、谷","上古音：「堂」dʰ ɑŋ／d aŋ／dʰ ɑŋ／d aŋ／d ang
上古音：「琅」l ɑŋ／l aŋ／l ɑŋ／l aŋ／l ang","アイヌ語：堂琅＝「テュ・アゥ・ウン・ラン(tu-aw-un-ran)」＝「峰の・角、枝分かれ・にある・上から下に下がる（ところ）」","jomon2_bnum15.html"
"益州","牂牁郡","故且蘭県","前漢","貴州省黔東南ミャオ族トン族自治州黄平県","四川盆地南方の盆地、山塊、谷","上古音：「故」k o／k a／k ɑɡ／k aɣ／k agh
上古音：「且」tsʰ i̯ɔ／ts ia／tsʰ jăɡ／tsʰ jiaɣ／tsh jiagx
上古音：「蘭」ɡl ɑn／l an／l ɑn／l an／gl an","アイヌ語：故且蘭＝「ク・アク・テュ・アク・ラン(ku-ak-tu-ak-ran)」＝「矢の（ように鋭い）・弟の（ように小さい）or射る・峰の・弟の・上から下に下がる（ところ）」
※アイヌ語「ク＝弓」。中国大陸、朝鮮半島では「ク＝矢」の可能性。サハリン、シベリアのニヴフ（ギリヤーク）語も「ク＝矢」。","jomon2_bnum15.html"
"益州","牂牁郡","鄨県","前漢","貴州省遵義市綏陽県","四川盆地南方の盆地、山塊、谷","上古音：「鄨」- -／- -／p juæd／p jiwar／p jiadh","アイヌ語：鄨＝「ピル・アッ(pir-at)」＝「傷（のように切り刻まれた峰）が・たくさんある（ところ）」","jomon2_bnum15.html"
"益州","牂牁郡","平夷県","前漢","貴州省畢節市七星関区","四川盆地南方の盆地、山塊、谷","上古音：「平」bʰ i̯ĕŋ／b ǐeŋ／bʰ jĕŋ／b ieŋ／b jing
上古音：「夷」d i̯ər／ʎ ǐei／d jed／r ier／r id","アイヌ語：平夷＝「ピル・エ・エン・テュ・アッ(pir-e-en-tu-at)」＝「傷（のように切り刻まれた峰）が・そこで・突き出ている・峰が・たくさんある（ところ）」","jomon2_bnum15.html"
"益州","牂牁郡","夜郎県","前漢","貴州省畢節市赫章県","四川盆地南方の盆地、山塊、岩山、谷","上古音：「夜」z i̯ăɡ／ʎ ia／d jăɡ／r aɣ／r iagh
上古音：「郎」l ɑŋ／l aŋ／l ɑŋ／l aŋ／l ang","アイヌ語：夜郎＝「テュ・アク・ラン(tu-ak-ran)」＝「峰の・弟の（ように小さい）・上から下に下がる（ところ）」","jomon2_bnum15.html"
"益州","牂牁郡","毋斂県","前漢","貴州省黔南プイ族ミャオ族自治州独山県","四川盆地南方の盆地、山塊、岩山、谷","上古音：「毋」m i̯wo／m ǐwa／m juaɡ／m jwaɣ／m jag
上古音：「斂」ɡl i̯am／l ǐam／l jɐm／l iam／gl jamh","アイヌ語：毋斂＝「ムィ・アク・リ・アム(muy-ak-ri-am)」＝「峰の・弟の（ように小さい）・高い・爪（のように平べったく鋭いもの）」","jomon2_bnum15.html"
"益州","牂牁郡","同並県","前漢","雲南省紅河ハニ族イ族自治州弥勒市","昆明市東方の丘陵地帯、盆地","上古音：「同」dʰ uŋ／d ɔŋ／dʰ ûŋ／d ewŋ／d ung
上古音：「並」bʰ ieŋ／b iaŋ／- -／- -／- -","アイヌ語：同並
＝「テュン・ピ・エ・エン(tun-pi-e-en)」＝「間の・石が・そこで・突き出ている（ところ）」
or「テュン・ピ・アゥ・ウン(tun-pi-aw-un)」＝「間の・石の・枝分かれ・にある（ところ）」","jomon2_bnum15.html"
"益州","牂牁郡","談指県","前漢","貴州省黔西南プイ族ミャオ族自治州貞豊県","昆明市東方の山塊。","上古音：「談」dʰ ɑm／d am／dʰ ɑm／d am／d am
上古音：「指」ȶ i̯ər／ȶ ǐei／c jed／t jier／k rjidx","アイヌ語：談指＝「テュ・アム・テュ・アッ(tu-am-tu-at)」＝「峰の・爪（のように平べったく鋭い）・峰が・たくさんある（ところ）」","jomon2_bnum15.html"
"益州","牂牁郡","談藁県","前漢","雲南省昆明市石林イ族自治県","昆明市東部の盆地。昆明中心の滇池盆地の峰を挟んだ東側の盆地。","上古音：「談」dʰ ɑm／d am／dʰ ɑm／d am／d am
上古音：「藁」- -／k au／- -／k aw／- -","アイヌ語：談藁＝「テュ・アム・ク・アゥ(tu-am-ku-aw)」＝「峰の・爪（のように平べったく鋭い）・矢の（ように鋭い）・角、枝分かれ」
※アイヌ語「ク＝弓」。中国大陸、朝鮮半島では「ク＝矢」の可能性。サハリン、シベリアのニヴフ（ギリヤーク）語も「ク＝矢」。","jomon2_bnum15.html"
"益州","牂牁郡","漏江県","前漢","貴州省黔西南プイ族ミャオ族自治州興仁市","昆明市東方の山塊。盆地","上古音：「漏」l u／l ɔ／l ûɡ／l ew／l ugh
上古音：「江」k ŭŋ／k eɔŋ／k uŋ／k rewŋ／k rung","アイヌ語：漏江＝「ル・ク・ク・アゥ・ウン(ru-ku-ku-aw-un)」＝「消えかかった・矢の（ように鋭い）・矢の・角、枝分かれ・にある（ところ）」※たくさんの消えかかった鋭い峰。
※アイヌ語「ク＝弓」。中国大陸、朝鮮半島では「ク＝矢」の可能性。サハリン、シベリアのニヴフ（ギリヤーク）語も「ク＝矢」。","jomon2_bnum15.html"
"益州","牂牁郡","毋単県","前漢","雲南省玉渓市華寧県","撫仙湖東岸の峰","上古音：「毋」m i̯wo／m ǐwa／m juaɡ／m jwaɣ／m jag
上古音：「単」t ɑn／t an／t ɑn／t an／t an
上古音：「単」- -／ʑ ǐan／ʑ jæn／d jian／d janh","アイヌ語：毋単＝「ムィ・アク・テュ・アゥ・ウン(muy-ak-tu-aw-un)」＝「峰の・弟の（ように小さい）・峰の・角、枝分かれ・にある（ところ）」","jomon2_bnum15.html"
"益州","牂牁郡","宛温県","前漢","雲南省文山チワン族ミャオ族自治州硯山県","昆明市東南方の盆地、山塊。","上古音：「宛」ʔ i̯wăn／0 ǐwan／ʔ juăn／ʔ jwan／·w janx
上古音：「溫」ʔ wən／0 uən／ʔ uə̂n／ʔ wən／·w ən","アイヌ語：宛温＝「イ・アゥ・ウン・ウ・アゥ・ウン(i-aw-un-u-aw-un)」＝「それの・角、枝分かれ・にある・互いに重なるような・角、枝分かれ・にある（ところ）」※折り重なるようなたくさんの峰。","jomon2_bnum15.html"
"益州","牂牁郡","鐔封県","前漢","雲南省文山チワン族ミャオ族自治州硯山県","昆明市東南方の盆地、山塊。","上古音：「鐔」dz i̯əm／z ǐəm／z jəm／r jiəm／r jəm
上古音：「鐔」z i̯əm／- -／d jəm／r iəm／r əm
上古音：「封」p i̯uŋ／p ǐwɔŋ／p juŋ／p jewŋ／p jung","アイヌ語：鐔封＝「テュ・アム・ピル・ウン(tu-am-pir-un)」＝「峰の・爪（のように平べったく鋭い）・傷（のように切り刻まれたもの）・にある（ところ）」","jomon2_bnum15.html"
"益州","牂牁郡","漏臥県","前漢","雲南省曲靖市羅平県","昆明市東方の小さな盆地、山塊。","上古音：「漏」l u／l ɔ／l ûɡ／l ew／l ugh
上古音：「臥」ŋ wɑ／ŋ uai／ŋ uɑ／ŋ wa／ngw arh","アイヌ語：漏臥＝「ル・ク・キル・アゥ(ru-ku-kir-aw)」＝「消えかかった・矢の（ように鋭い）・山脚の・角、枝分かれ」
※アイヌ語「ク＝弓」。中国大陸、朝鮮半島では「ク＝矢」の可能性。サハリン、シベリアのニヴフ（ギリヤーク）語も「ク＝矢」。","jomon2_bnum15.html"
"益州","牂牁郡","西随県","前漢","雲南省紅河ハニ族イ族自治州金平ミャオ族ヤオ族タイ族自治県","昆明市南方の山塊、谷。ベトナム国境","上古音：「西」s iər／s iei／s ied／s er／s id
上古音：「随」dz wia／z ǐwai／z jua／r jiwa／sd juar","アイヌ語：西随
＝「シル・アッ・テュ・アゥ(sir-at-tu-aw)」＝「山が・たくさんある・峰の・角、枝分かれ」
or「シル・アッ・リ・アゥ(sir-at-ri-aw)」＝「山が・たくさんある・高い・角、枝分かれ」","jomon2_bnum15.html"
"益州","牂牁郡","進桑県","前漢","雲南省紅河ハニ族イ族自治州屏辺ミャオ族自治県","昆明市南方の山塊、谷。ベトナム国境近辺。","上古音：「進」ts i̯ĕn／ts ǐen／ts jen／ts jien／ts jin
上古音：「桑」s ɑŋ／s aŋ／s ɑŋ／s aŋ／s ang","アイヌ語：進桑＝「テュ・エ・エン・サン(tu-e-en-san)」＝「峰が・そこで・突き出ている・平山」","jomon2_bnum15.html"
"益州","牂牁郡","句町県","前漢","雲南省文山チワン族ミャオ族自治州広南県","昆明市東方の山塊、谷、盆地","上古音：「句」k u／k ɔ／k ûɡ／k ew／k ugh
上古音：「町」dʰ ieŋ／- -／dʰ ieŋ／d eŋ／d ingx
上古音：「町」tʰ ieŋ／tʰ ieŋ／tʰ ieŋ／tʰ eŋ／th ingx","アイヌ語：句町＝「ク・ク・テュ・エ・エン(ku-ku-tu-e-en)」＝「矢の（ように鋭い）・矢の・峰が・そこで・突き出ている（ところ）」※たくさんの突き出ている鋭い峰。
※アイヌ語「ク＝弓」。中国大陸、朝鮮半島では「ク＝矢」の可能性。サハリン、シベリアのニヴフ（ギリヤーク）語も「ク＝矢」。","jomon2_bnum15.html"
"益州","牂牁郡","都夢県","前漢","雲南省文山チワン族ミャオ族自治州文山市","昆明市南東方の山塊、谷、盆地。ベトナム国境近辺","上古音：「都」t o／t a／t ɑɡ／t aɣ／t ag
上古音：「夢」m i̯ŭŋ／m ǐwəŋ／m juə̆ŋ／m jwəŋ／m jəngh","アイヌ語：都夢＝「タク・ムィ・アゥ・ウン(tak-muy-aw-un)」＝「石の・頂の・角、枝分かれ・にある（ところ）」","jomon2_bnum15.html"
"益州","益州郡","滇池県","前漢","雲南省玉渓市澄江市","昆明市撫仙湖北岸の盆地、峰","上古音：「滇」- -／- -／dʰ ien／d en／d in
上古音：「滇」- -／- -／t ien／t en／t in
上古音：「滇」- -／- -／ tʰ ien／tʰ en／th inh
上古音：「池」dʰ ia／d ǐai／dʰ ja／d ia／d rjar","アイヌ語：滇池＝「テュ・エ・エン・テュ・アゥ(tu-e-en-tu-aw)」＝「峰が・そこで・突き出ている・峰の・角、枝分かれ」","jomon2_bnum15.html"
"益州","益州郡","双柏県","前漢","雲南省楚雄イ族自治州双柏県","昆明市西方の山塊、谷。緑汁江、石羊江の峡谷","上古音：「雙」s ŭŋ／ʃ eɔŋ／s uŋ／s rewŋ／s rung
上古音：「柏」p ăk／p eak／p uăk／p rwak／p rak","アイヌ語：双柏＝「シル・ウン・プ・アク(sir-un-pu-ak)」＝「山・にある・倉の（屋根のような三角山の）・弟（のように小さいもの）」","jomon2_bnum15.html"
"益州","益州郡","同労県","前漢","雲南省曲靖市陸良県","昆明市東方の大きな盆地","上古音：「同」dʰ uŋ／d ɔŋ／dʰ ûŋ／d ewŋ／d ung
上古音：「勞」l oɡ／l au／l ɔ̂ɡ／l aw／l agw","アイヌ語：同労
＝「テュン・ラケ(tun-rake)」＝「間の・低いところ」","jomon2_bnum15.html"
"益州","益州郡","同瀬県","前漢","雲南省曲靖市馬竜区","昆明市東北方の峰","上古音：「同」dʰ uŋ／d ɔŋ／dʰ ûŋ／d ewŋ／d ung
上古音：「瀨」l ɑd／l at／l ɑd／l ar／l adh","アイヌ語：同瀬
＝「テュン・ラ・アッ(tun-ra-at)」＝「間の・低地が・たくさんある」","jomon2_bnum15.html"
"益州","益州郡","連然県","前漢","雲南省昆明市安寧市","滇池西方の山地、谷、滇池から流れ出る螳螂川の岸辺","上古音：「連」l i̯an／l ǐan／l jæn／l ian／l jan
上古音：「然」ȵ i̯an／ȵ ǐan／ȵ jæn／n jian／n jan","アイヌ語：連然＝「リ・アゥ・ウン・ニ・アゥ・ウン(ri-aw-un-ni-aw-un)」＝「高い・角、枝分かれ・にある・棒の（ように細長い）・角、枝分かれ・にある（ところ）」","jomon2_bnum15.html"
"益州","益州郡","兪元県","前漢","雲南省玉渓市澄江市","昆明市撫仙湖北岸の盆地、峰","上古音：「俞」d i̯u／ʎ ǐwɔ／d juɡ／r iew／r ug
上古音：「俞」- -／- -／p juə̆ɡ／p jwəɣ／p jəgh
上古音：「元」ŋ i̯wăn／ŋ ǐwan／ŋ juăn／ŋ jwan／ngw jan","アイヌ語：兪元＝「テュク・ピル・アク・キル・アゥ・ウン(tuk-pir-ak-kir-aw-un)」＝「小山の・傷の（ように切り刻まれた）・弟の（ように小さい）・山脚の・角、枝分かれ・にある（ところ）」","jomon2_bnum15.html"
"益州","益州郡","牧靡県","前漢","雲南省昆明市尋甸回族イ族自治県","昆明市北方の山塊、丘陵、谷","上古音：「牧」m -／m ǐwək／m juə̆k／m jwək／m jək
上古音：「靡」m ia／m ǐai／m jua／m iwa／m jiarx","アイヌ語：牧靡＝「ムィ・アク・ムィ・アゥ(muy-ak-muy-aw)」＝「頂の・弟の（ように小さい）・頂の・角、枝分かれ」","jomon2_bnum15.html"
"益州","益州郡","穀昌県","前漢","雲南省昆明市官渡区","滇池北岸、岸辺、丘陵、山、谷","上古音：「穀」k uk／k ɔk／k ûk／k ewk／k uk
上古音：「昌」ȶʰ i̯aŋ／ȶʰ ǐaŋ／ȶʰ jaŋ／tʰ jaŋ／th jang","アイヌ語：穀昌＝「ク・ク・テュ・アゥ・ウン(ku-ku-tu-aw-un)」＝「矢の（ように鋭い）・矢の・峰の・角、枝分かれ・にある（ところ）」※たくさんの鋭い峰の枝分かれ。
※アイヌ語「ク＝弓」。中国大陸、朝鮮半島では「ク＝矢」の可能性。サハリン、シベリアのニヴフ（ギリヤーク）語も「ク＝矢」。","jomon2_bnum15.html"
"益州","益州郡","秦臧県","前漢","雲南省昆明市富民県","滇池北方の山塊、谷、盆地","上古音：「秦」dzʰ i̯ĕn／dz ǐen／dzʰ jen／dz jien／dz jin
上古音：「臧」ts ɑŋ／ts aŋ／ts ɑŋ／ts aŋ／ts ang","アイヌ語：秦臧
＝「チゥ・エ・エン・テュ・アゥ・ウン(ciw-e-en-tu-aw-un)」＝「水流、水脈が・そこで・突き出ている・峰の・角、枝分かれ・にある（ところ）」
or「チン・エ・エン・テュ・アゥ・ウン(cin-e-en-tu-aw-un)」＝「崖が・そこで・突き出ている・峰の・角、枝分かれ・にある（ところ）」","jomon2_bnum15.html"
"益州","益州郡","邪龍県","前漢","雲南省大理ペー族自治州巍山イ族回族自治県","昆明市西方の山塊、ミャンマーとの国境","上古音：「邪」z i̯ɔ／ʎ ia／ɡ jăɡ／ɣr aɣ／g rjiag
上古音：「邪」dz i̯ɔ／z ia／z jăɡ／r jiaɣ／sg jiag
上古音：「龍」l i̯uŋ／l ǐwɔŋ／l juŋ／l iewŋ／l jung","アイヌ語：邪龍＝「キル・アク・シル・アク・レル・ウン(kir-ak-sir-ak-rer-un)」＝「山脚の・弟（のように小さいもの）・山の・弟の・山向こう、山陰・にある（ところ）」","jomon2_bnum15.html"
"益州","益州郡","味県","前漢","雲南省曲靖市沾益区","昆明市北東の山間、丘陵、盆地","上古音：「味」m i̯wəd／m ǐwəi／m juə̆d／m jwər／m jədh","アイヌ語：味＝「ムィ・アッ(muy-at)」＝「頂が・たくさんある（ところ）」","jomon2_bnum15.html"
"益州","益州郡","昆沢県","前漢","雲南省昆明市宜良県","撫仙湖北東の峰、盆地","上古音：「昆」k wən／k uən／k uə̂n／k wən／kw ən
上古音：「澤」dʰ ăk／d eak／dʰ ăk／d rak／d rak","アイヌ語：昆沢＝「ク・アゥ・ウン・タク(ku-aw-un-tak)」＝「矢の（ように鋭い）・角、枝分かれ・にある・石」
※アイヌ語「ク＝弓」。中国大陸、朝鮮半島では「ク＝矢」の可能性。サハリン、シベリアのニヴフ（ギリヤーク）語も「ク＝矢」。","jomon2_bnum15.html"
"益州","益州郡","葉楡県","前漢","雲南省大理ペー族自治州大理市","昆明市西方の山塊、谷、盆地、洱海（湖）。","上古音：「葉」d i̯ap／ʎ ǐap／d jɐp／r iap／r ap
上古音：「葉」- -／ɕ ǐap／ɕ jɐp／stʰ jiap／sth jap
上古音：「榆」d i̯u／ʎ ǐwɔ／d juɡ／r iew／r ug","アイヌ語：葉楡＝「ラプ・テュク(rap-tuk)」＝「翼の（ように羽を広げた形の）・小山」","jomon2_bnum15.html"
"益州","益州郡","律高県","前漢","雲南省保山市隆陽区","昆明市西方の山塊、谷、盆地、ほぼミャンマー国境","上古音：「律」bl i̯wət／l ǐwət／l juət／l iwət／bl jət
上古音：「高」k oɡ／k au／k ɔ̂ɡ／k aw／k agw","アイヌ語：律高＝「レル・アッ・ク・アク(rer-at-ku-ak)」＝「山陰が・たくさんある・矢の（ように鋭い）・弟（のように小さい峰）or射る（ようなところ）」
※アイヌ語「ク＝弓」。中国大陸、朝鮮半島では「ク＝矢」の可能性。サハリン、シベリアのニヴフ（ギリヤーク）語も「ク＝矢」。","jomon2_bnum15.html"
"益州","益州郡","雲南県","前漢","雲南省大理ペー族自治州祥雲県","昆明市西方の山塊、盆地","上古音：「雲」ɡ i̯wən／ɣ ǐwən／ɣ juə̆n／ɣ jwən／gw jən
上古音：「南」n əm／n əm／n ə̂m／n əm／n əm","アイヌ語：雲南＝「キル・アゥ・ウン・ニ・アム(kir-aw-un-ni-am)」＝「山脚の・角、枝分かれ・にある・棒の（ように細長い）・爪（のように平べったく鋭いもの）」","jomon2_bnum15.html"
"益州","益州郡","巂唐県","前漢","雲南省大理ペー族自治州雲竜県","昆明市西方の山塊、谷、ほぼミャンマー国境","上古音：「巂」ɡʰ iweɡ／- -／ɣ iueɡ／ɡ weɣ／gw ig
上古音：「唐」dʰ ɑŋ／d aŋ／dʰ ɑŋ／d aŋ／d ang","アイヌ語：巂唐＝「キル・アク・テュ・アゥ・ウン(kir-ak-tu-aw-un)」＝「山脚の・弟の（ように小さい）・峰の・角、枝分かれ・にある（ところ）」","jomon2_bnum15.html"
"益州","益州郡","弄棟県","前漢","雲南省楚雄イ族自治州姚安県","昆明市西方の山塊、谷、盆地","上古音：「弄」l uŋ／l ɔŋ／l ûŋ／l ewŋ／l ungh
上古音：「棟」t uŋ／t ɔŋ／t ûŋ／t ewŋ／t ungh","アイヌ語：弄棟＝「レル・ウン・テュン(rer-un-tun)」＝「山陰・にある・間」","jomon2_bnum15.html"
"益州","益州郡","比蘇県","前漢","雲南省大理ペー族自治州雲竜県","昆明市西方の山塊、谷、ほぼミャンマー国境","上古音：「比」p i̯ər／p ǐei／p jed／p jier／p jidx
上古音：「比」bʰ i̯ər／b ǐei／bʰ jed／b jier／b jidh
上古音：「蘇」s o／s a／s ɑɡ／s aɣ／s ag","アイヌ語：比蘇＝「ピル・アッ・シル・アク(pir-at-sir-ak)」＝「傷（のように切り刻まれた峰）が・たくさんある・山の・弟（のように小さいもの）」","jomon2_bnum15.html"
"益州","益州郡","賁古県","前漢","雲南省大理ペー族自治州雲竜県","昆明市西方の山塊、谷、ほぼミャンマー国境","上古音：「賁」bʰ i̯wən／b ǐwən／bʰ juə̆n／b jwən／b jən
上古音：「賁」p wən／p uən／p uə̂n／p wən／p ən
上古音：「賁」p iăr／p ǐən／- -／p jie／- -
上古音：「古」k o／k a／k ɑɡ／k aɣ／k agx","アイヌ語：賁古＝「ピル・アゥ・ウン・ク・アク(pir-aw-un-ku-ak)」＝「傷の（ように切り刻まれた峰の）・角、枝分かれ・にある・矢の（ように鋭い）・弟（のように小さいもの）」
※アイヌ語「ク＝弓」。中国大陸、朝鮮半島では「ク＝矢」の可能性。サハリン、シベリアのニヴフ（ギリヤーク）語も「ク＝矢」。","jomon2_bnum15.html"
"益州","益州郡","毋棳県","前漢","雲南省紅河ハニ族イ族自治州","昆明市南方、ベトナム国境の山塊、盆地、小さな湖。","上古音：「毋」m i̯wo／m ǐwa／m juaɡ／m jwaɣ／m jag
上古音：「棳」t wɑt／t uat／t uɑt／t wat／t uat
上古音：「棳」t i̯wat／- -／t juæt／t iwat／t rjuat","アイヌ語：毋棳＝「ムィ・アク・テュ・アッ(muy-ak-tu-at)」＝「頂の・弟の（ように小さいものの）・峰が・たくさんある（ところ）」","jomon2_bnum15.html"
"益州","益州郡","勝休県","前漢","雲南省玉渓市江川区","撫仙湖南岸、星云湖の岸辺、山","上古音：「勝」ɕ i̯əŋ／ɕ ǐəŋ／ɕ jəŋ／stʰ jiəŋ／sth jəngh
上古音：「休」x  -／h ǐu／x jŏɡ／x jəw／h jəgw","アイヌ語：勝休＝「シル・アゥ・ウン・シル・アク(sir-aw-un-sir-ak)」＝「山の・角、枝分かれ・にある・山の・弟（のように小さいもの）」","jomon2_bnum15.html"
"益州","益州郡","建伶県","前漢","雲南省昆明市晋寧区","滇池南岸の岸辺、山","上古音：「建」k i̯ăn／k ǐan／k jăn／k jan／k janh
上古音：「伶」l ieŋ／l ieŋ／l ieŋ／l eŋ／l ing","アイヌ語：建伶＝「キル・アゥ・ウン・リ・エン(kir-aw-un-ri-en)」＝「山脚の・角、枝分かれ・にある・高く・突き出ている（ところ）」","jomon2_bnum15.html"
"益州","永昌郡","不韋県","後漢","雲南省保山市隆陽区","昆明市西方の山塊、谷、盆地、ほぼミャンマーとの国境","上古音：「不」p i̯ŭɡ／p ǐwə／p juə̆ɡ／p jwəɣ／p jəgx
上古音：「不」- -／- -／tʰ jŏɡ／tʰ iəw／th jəgwh
上古音：「韋」ɡ i̯wər／ɣ ǐwəi／ɣ juə̆d／ɣ jiwər／gw jəd","アイヌ語：不韋
＝「ピル・アク・キル・アッ(pir-ak-kir-at)」＝「傷の（ように切り刻まれた）・弟の（ように小さい）・山脚が・たくさんある（ところ）」
or「テュ・アク・キル・アッ(tu-ak-kir-at)」＝「峰の・弟の（ように小さい）・山脚が・たくさんある（ところ）」","jomon2_bnum15.html"
"益州","永昌郡","哀牢県","後漢","雲南省保山市隆陽区","昆明市西方の山塊、谷、盆地、ほぼミャンマーとの国境","上古音：「哀」ʔ ər／0 əi／ʔ ə̂d／ʔ ər／· əd
上古音：「牢」l -／l u／l ôɡ／l əw／l əgw","アイヌ語：哀牢＝「アル・ラケ(ar-rake)」＝「一方の、片割れの・低地」","jomon2_bnum15.html"
"益州","永昌郡","博南県","後漢","雲南省大理ペー族自治州永平県","保山市東方の山塊","上古音：「博」p ɑk／p uak／p uɑk／p wak／p ak
上古音：「南」n əm／n əm／n ə̂m／n əm／n əm","アイヌ語：博南＝「プ・アク・ニ・アム(pu-ak-ni-am)」＝「倉の（屋根のような三角山の）・弟の（ように小さい）・棒の（ように細長い）・爪（のように平べったく鋭いもの）」","jomon2_bnum15.html"
"司隸","河南郡","雒陽県","前漢","河南省洛陽市洛竜区","黄河支流洛河沿い、低地、峰","上古音：「雒」ɡl ɑk／l ak／l ɑk／l ak／gl ak
上古音：「陽」d i̯aŋ／ʎ ǐaŋ／d jaŋ／r iaŋ／r ang","アイヌ語：雒陽＝「ル・アク・テュ・アゥ・ウン(ru-ak-tu-aw-un)」＝「消えかかった・弟の（ように小さい）・峰の・枝分かれ・にある（ところ）」","jomon2_bnum15.html"
"司隸","河南郡","滎陽県","前漢","河南省鄭州市滎陽市","黄河南岸の峰、山裾","上古音：「滎」- -／ɣ iweŋ／ɣ iueŋ／ɡ weŋ／g wing
上古音：「陽」d i̯aŋ／ʎ ǐaŋ／d jaŋ／r iaŋ／r ang","アイヌ語：滎陽＝「キル・エ・エン・テュ・アゥ・ウン(kir-e-en-tu-aw-un)」＝「山脚が・そこで・突き出ている・峰の・角、枝分かれ・にある（ところ）」","jomon2_bnum15.html"
"司隸","河南郡","偃師県","前漢","河南省洛陽市偃師区","黄河支流洛河沿い、山裾","上古音：「偃」ʔ i̯ăn／0 ǐan／ʔ jăn／ʔ jan／· janx
上古音：「師」ʂ i̯ər／ʃ ǐei／s ed／s ier／s rjid","アイヌ語：偃師＝「イ・アゥ・ウン・シル・アッ(i-aw-un-sir-at)」＝「それの・角、枝分かれ・にある・山が・たくさんある（ところ）」","jomon2_bnum15.html"
"司隸","河南郡","京県","前漢","河南省鄭州市滎陽市","黄河南岸の峰、山裾。","上古音：「京」k li̯ăŋ／k iaŋ／k jăŋ／k iaŋ／kl jiang","アイヌ語：京＝「キル・アゥ・ウン(kir-aw-un)」＝「山脚の・角、枝分かれ・にある（ところ）」","jomon2_bnum15.html"
"司隸","河南郡","平陰県","前漢","河南省洛陽市孟津区","黄河南岸、支流の洛河北岸の丘陵","上古音：「平」bʰ i̯ĕŋ／b ǐeŋ／bʰ jĕŋ／b ieŋ／b jing
上古音：「陰」ʔ i̯əm／0 ǐəm／ʔ jəm／ʔ iəm／· jəm","アイヌ語：平陰＝「ピル・エ・エン・イ・アム(pir-e-en-i-am)」＝「傷（のように切り刻まれた峰）が・そこで・突き出ている・その爪（のように平べったく鋭いもの）」","jomon2_bnum15.html"
"司隸","河南郡","中牟県","前漢","河南省鄭州市中牟県","洛陽東方、黄河南岸の低地、微高地、自然堤防","上古音：「中」t -／t ǐuŋ／t joŋ／t iəwŋ／t rjəngw
上古音：「牟」m／m ǐu／m jŏɡ／m jəw／m jəgw","アイヌ語：中牟＝「テュン・ムィ・アク(tun-muy-ak)」＝「間の・頂の・弟（のように小さいもの）」","jomon2_bnum15.html"
"司隸","河南郡","平県","前漢","河南省鄭州市鞏義市","黄河南岸の峰、山裾。黄河支流伊洛河が分岐するところ。","上古音：「平」bʰ i̯ĕŋ／b ǐeŋ／bʰ jĕŋ／b ieŋ／b jing","アイヌ語：平
＝「ピ・エ・エン(pi-e-en)」＝「石が・そこで・突き出ている」
or「ピル・エ・エン(pir-e-en)」＝「傷（のように切り刻まれた峰）が・そこで・突き出ている」","jomon2_bnum15.html"
"司隸","河南郡","陽武県","前漢","河南省新郷市原陽県","当時の黄河南岸、黄河沿岸の低地、微高地、自然堤防","上古音：「陽」d i̯aŋ／ʎ ǐaŋ／d jaŋ／r iaŋ／r ang
上古音：「武」m i̯wo／m ǐwa／m juaɡ／m jwaɣ／m jagx","アイヌ語：陽武＝「テュ・アゥ・ウン・ムィ・アク(tu-aw-un-muy-ak)」＝「峰の・角、枝分かれ・にある・頂の・弟（のように小さいもの）」","jomon2_bnum15.html"
"司隸","河南郡","河南県","前漢","河南省洛陽市洛竜区","黄河支流の洛河、伊河沿岸の低地、山裾","上古音：「河」ɡʰ ɑ／ɣ ai／ɣ ɑ／ɡ a／g ar
上古音：「南」n əm／n əm／n ə̂m／n əm／n əm","アイヌ語：河南＝「キル・アゥ・ニ・アム(kir-aw-ni-am)」＝「山脚の・角、枝分かれの・棒の（ように細長い）・爪（のように平べったく鋭いもの）」","jomon2_bnum15.html"
"司隸","河南郡","緱氏県","前漢","河南省洛陽市偃師区","黄河支流の洛河、伊河沿岸の低地、山裾。洛河、伊河が分岐するところ、古代の墳墓","上古音：「緱」- -／k ɔ／- -／ɡ ew／- -
上古音：「氏」ȡ i̯ĕɡ／ȶ ǐe／j jeɡ／d jieɣ／g rjigx／","アイヌ語：緱氏＝「ケゥ・テュ・アク(kew-tu-ak)」＝「死体（墳墓）の・峰の・弟（のように小さいもの）」","jomon2_bnum15.html"
"司隸","河南郡","巻県","前漢","河南省新郷市原陽県","当時の黄河南岸、黄河沿岸の低地、微高地、自然堤防","上古音：「巻」k i̯wan／k ǐwan／k juan／k iwan／k wjianx
上古音：「巻」ɡʰ i̯wan／g ǐwan／ɡʰ juan／ɡ iwan／g wjian","アイヌ語：巻＝「キル・アゥ・ウン(kir-aw-un)」＝「山脚の・角、枝分かれ・にある（ところ）」","jomon2_bnum15.html"
"司隸","河南郡","原武県","前漢","河南省新郷市原陽県","当時の黄河南岸、黄河沿岸の低地、微高地、自然堤防","上古音：「原」ŋ i̯wăn／ŋ ǐwan／ŋ juăn／ŋ jwan／ngw jan
上古音：「武」m i̯wo／m ǐwa／m juaɡ／m jwaɣ／m jagx","アイヌ語：原武＝「キル・アゥ・ウン・ムィ・アク(kir-aw-un-muy-ak)」＝「山脚の・角、枝分かれ・にある・頂の・弟（のように小さいもの）」","jomon2_bnum15.html"
"司隸","河南郡","穀城県","前漢","湖北省襄陽市穀城県","漢江西岸の山地、山裾。","上古音：「穀」k uk／k ɔk／k ûk／k ewk／k uk
上古音：「城」ȡ i̯ĕŋ／ʑ ǐeŋ／ʑ jeŋ／d jieŋ／d jing","アイヌ語：穀城＝「ク・ク・テュ・エ・エン(ku-ku-tu-e-en)」＝「矢の（ように鋭い）・矢の・峰が・そこで・突き出ている（ところ）」※たくさんの突き出た鋭い峰。
※アイヌ語「ク＝弓」。中国大陸、朝鮮半島では「ク＝矢」の可能性。サハリン、シベリアのニヴフ（ギリヤーク）語も「ク＝矢」。","jomon2_bnum15.html"
"司隸","河南郡","故市県","前漢","河南省鄭州市滎陽市","黄河南岸の峰、山裾","上古音：「故」k o／k a／k ɑɡ／k aɣ／k agh
上古音：「市」ȡ i̯əɡ／ʑ ǐə／ʑ jəɡ／d jiəɣ／d jəgx","アイヌ語：故市＝「ク・アク・テュ・アク(ku-ak-tu-ak)」＝「矢の（ように鋭い）・弟（のように小さい）or射る・峰の・弟」
※アイヌ語「ク＝弓」。中国大陸、朝鮮半島では「ク＝矢」の可能性。サハリン、シベリアのニヴフ（ギリヤーク）語も「ク＝矢」。","jomon2_bnum15.html"
"司隸","河南郡","密県","前漢","河南省鄭州市新密市","黄河南岸の峰、山裾","上古音：「密」m i̯ĕt／m ǐet／m juət／m iet, m iwət／m jit","アイヌ語：密＝「ムィ・アッ(muy-at)」＝「頂が・たくさんある（ところ）」","jomon2_bnum15.html"
"司隸","河南郡","新成県","前漢","河南省洛陽市伊川県","黄河支流、伊河沿いの盆地","上古音：「新」s i̯ĕn／s ǐen／s jen／s jien／s jin
上古音：「成」ȡ i̯ĕŋ／ʑ ǐeŋ／ʑ jeŋ／d jieŋ／d jing","アイヌ語：新成＝「シル・エ・エン・テュ・エ・エン(sir-e-en-tu-e-en)」＝「山が・そこで・突き出ている（ところ）・峰が・そこで・突き出ている（ところ）」","jomon2_bnum15.html"
"司隸","河南郡","開封県","前漢","河南省開封市祥符区","洛陽東方、現黄河南岸の平原、微高地、自然堤防","上古音：「開」kʰ ər／kʰ əi／kʰ ə̂d／kʰ ər／k həd
上古音：「封」p i̯uŋ／p ǐwɔŋ／p juŋ／p jewŋ／p jung","アイヌ語：開封＝「ク・アッ・ピル・ウン(ku-at-pir-un)」＝「矢（のように鋭い峰）が・たくさんある・傷（の切り刻まれたようなもの）・にある（ところ）」
※アイヌ語「ク＝弓」。中国大陸、朝鮮半島では「ク＝矢」の可能性。サハリン、シベリアのニヴフ（ギリヤーク）語も「ク＝矢」。","jomon2_bnum15.html"
"司隸","河南郡","苑陵県","前漢","河南省鄭州市新鄭市","洛陽東方の峰裾。","上古音：「苑」ʔ i̯wăn／0 ǐwan／ʔ juăn／ʔ jwan／· wjanx
上古音：「陵」l i̯əŋ／l ǐəŋ／l jəŋ／l iəŋ／l jəng","アイヌ語：苑陵＝「イ・アゥ・ウン・リ・アゥ・ウン(i-aw-un-ri-aw-un)」＝「その・角、枝分かれ・にある・高い・角、枝分かれ・にある（ところ）」","jomon2_bnum15.html"
"司隸","河南郡","梁県","前漢","河南省汝州市","汝河沿岸、山に挟まれた地形","上古音：「梁」l i̯aŋ／l ǐaŋ／l jaŋ／l iaŋ／l jang","アイヌ語：梁＝「リ・アゥ・ウン(ri-aw-un)」＝「そ高い・角、枝分かれ・にある（ところ）」","jomon2_bnum15.html"
"司隸","河南郡","新鄭県","前漢","河南省鄭州市新鄭市","洛陽東方の峰裾","上古音：「新」s i̯ĕn／s ǐen／s jen／s jien／s jin
上古音：「鄭」dʰ i̯ĕŋ／d ǐeŋ／dʰ jeŋ／d ieŋ／d rjingh","アイヌ語：新鄭＝「シル・エ・エン・テュ・エ・エン(sir-e-en-tu-e-en)」＝「山が・そこで・突き出ている（ところ）・峰が・そこで・突き出ている（ところ）」","jomon2_bnum15.html"
"司隸","河内郡","懐県","前漢","河南省焦作市武陟県","洛陽東方、黄河、沁河合流ポイント、山裾、平地、微高地、自然堤防","上古音：「懐」ɡʰ wær／ɣ oəi／ɣ uəb, ɣ uəd／ɡ rwər／gw rəb","アイヌ語：懐＝「キル・アプ(kir-ap)」＝「山脚の・釣り針（のように曲がった川）」","jomon2_bnum15.html"
"司隸","河内郡","汲県","前漢","河南省新郷市衛輝市","当時の黄河河道の蛇行、山裾","上古音：「汲」k i̯əp／k ǐəp／k jəp／k iəp／k jəp","アイヌ語：汲＝「キル・アプ(kir-ap)」＝「山脚の・釣り針（のように曲がった川）」","jomon2_bnum15.html"
"司隸","河内郡","武徳県","前漢","河南省焦作市武陟県","洛陽東方、黄河、沁河合流ポイント、山裾、平地、微高地、自然堤防","上古音：「武」m i̯wo／m ǐwa／m juaɡ／m jwaɣ／m jagx
上古音：「徳」t ək／t ək／t ə̂k／t ək／t ək","アイヌ語：武徳＝「ムィ・アク・テュ・アク(muy-ak-tu-ak)」＝「頂の・弟（のように小さいもの）・峰の・弟」","jomon2_bnum15.html"
"司隸","河内郡","波県","前漢","河南省焦作市沁陽市","洛陽東北方、黄河北岸、支流沁河沿岸の山裾","上古音：「波」p wa／p uai／p uɑ／p wa／p ar","アイヌ語：波＝「プ・アゥ(pu-aw)」＝「倉の（屋根のような三角山の）・角、枝分かれ」","jomon2_bnum15.html"
"司隸","河内郡","山陽県","前漢","河南省焦作市山陽区","洛陽東北方、黄河北岸、支流沁河沿岸の山裾","上古音：「山」s ăn／ʃ ean／- -／s rian／s rian
上古音：「陽」d i̯aŋ／ʎ ǐaŋ／d jaŋ／r iaŋ／r ang","アイヌ語：山陽＝「シル・アゥ・ウン・テュ・アゥ・ウン(sir-aw-un-tu-aw-un)」＝「山の・角、枝分かれ・にある（ところ）・峰の・角、枝分かれ・にある（ところ）」","jomon2_bnum15.html"
"司隸","河内郡","河陽県","前漢","河南省焦作市孟州市","洛陽東北方、黄河北岸の峰裾","上古音：「河」ɡʰ ɑ／ɣ ai／ɣ ɑ／ɡ a／g ar
上古音：「陽」d i̯aŋ／ʎ ǐaŋ／d jaŋ／r iaŋ／r ang","アイヌ語：河陽＝「キル・アゥ・テュ・アゥ・ウン(kir-aw-tu-aw-un)」＝「山脚の・角、枝分かれ・峰の・角、枝分かれ・にある（ところ）」","jomon2_bnum15.html"
"司隸","河内郡","州県","前漢","河南省焦作市温県","洛陽東北方、黄河北岸、支流の沁河南岸の低地、微高地、自然堤防","上古音：「州」tɕ ／ȶ ǐ u／ȶ jŏ ɡ／t jəw／t jəgw","アイヌ語：州＝「テュ・アク(tu-ak)」＝「頂の・弟（のように小さいもの）・峰の・弟」","jomon2_bnum15.html"
"司隸","河内郡","共県","前漢","河南省新郷市輝県市","洛陽東北方、当時の黄河北岸の山裾","上古音：「共」 k ǐwɔŋ／k juŋ／k jewŋ／k jung
上古音：「共」／ɡʰ i̯uŋ／g ǐwɔŋ／ɡʰ juŋ／ɡ jewŋ／g jungh","アイヌ語：共＝「キル・ウン(kir-un)」＝「山脚・にある（ところ）」","jomon2_bnum15.html"
"司隸","河内郡","平皋県","前漢","河南省焦作市温県","洛陽東北方、黄河北岸、支流の沁河南岸の低地、微高地、自然堤防","上古音：「平」bʰ i̯ĕŋ／b ǐeŋ／bʰ jĕŋ／b ieŋ／b jing
上古音：「皋」k ／k u／k ôɡ／k əw／k əgw","アイヌ語：平皋＝「ピル・エ・エン・ク・アク(pir-e-en-ku-ak)」＝「傷（のように切り刻まれたもの）が・そこで・突き出ている・矢の（ように鋭い）・弟（のように小さい峰）or射る（ようなところ）」
※アイヌ語「ク＝弓」。中国大陸、朝鮮半島では「ク＝矢」の可能性。サハリン、シベリアのニヴフ（ギリヤーク）語も「ク＝矢」。","jomon2_bnum15.html"
"司隸","河内郡","朝歌県","前漢","河南省鶴壁市淇県","洛陽東北方、当時の黄河北岸の山裾","上古音：「朝」t i̯oɡ／t ǐau／t jɔɡ／t iaw／t rjagw
上古音：「朝」dʰ i̯oɡ／d ǐau／dʰ jɔɡ／d iaw／d rjagw
上古音：「歌」k ɑ／k ai／k ɑ／k a／k ar","アイヌ語：朝歌＝「テュ・アク・ク・アゥ(tu-ak-ku-aw)」＝「峰の・弟（のように小さい）・矢の（ように鋭い）・角、枝分かれ」※アイヌ語「ク＝弓」。中国大陸、朝鮮半島では「ク＝矢」の可能性。サハリン、シベリアのニヴフ（ギリヤーク）語も「ク＝矢」。","jomon2_bnum15.html"
"司隸","河内郡","修武県","前漢","河南省焦作市修武県","洛陽東北方、当時の黄河北岸の山裾","上古音：「修」s ／s ǐu／s jŏɡ／s jəw／st jəgw
上古音：「武」m i̯wo／m ǐwa／m juaɡ／m jwaɣ／m jagx","アイヌ語：修武＝「シル・アク・ムィ・アク(sir-ak-muy-ak)」＝「山の・弟（のように小さい）・山の・弟」","jomon2_bnum15.html"
"司隸","河内郡","温県","前漢","河南省焦作市温県","洛陽東北方、黄河北岸、支流の沁河南岸の低地","上古音：「溫」ʔ wən／0 uən／ʔ uə̂n／ʔ wən／·w ən","アイヌ語：温＝「ウ・アゥ・ウン(u-aw-un)」＝「互いに重なるような・（川の）角、枝分かれ・にある（ところ）」","jomon2_bnum15.html"
"司隸","河内郡","野王県","前漢","河南省焦作市沁陽市","洛陽東北方、支流の沁河北岸の山裾","上古音：「野」d i̯ɔ／ʎ ia／d jăɡ／r aɣ／r iagx
上古音：「王」ɡ i̯waŋ／ɣ ǐwaŋ／ɣ juaŋ／ɣ jwaŋ／gw jangh","アイヌ語：野王＝「テュ・アク・キル・アゥ・ウン(tu-ak-kir-aw-un)」＝「峰の・弟（のように小さい）・山脚の・角、枝分かれ・にある（ところ）」","jomon2_bnum15.html"
"司隸","河内郡","獲嘉県","前漢","河南省新郷市獲嘉県","洛陽東北方、当時の黄河沿岸、微高地、自然堤防","上古音：「獲」ɡʰ wăk／ɣ oək／ɣ uăk／- -／gw rak
上古音：「嘉」k a／k eai／k a／k ra／k rar","アイヌ語：獲嘉＝「キル・アク・ク・アゥ(kir-ak-ku-aw)」＝「山脚の・弟（のように小さい）・矢の（ように鋭い）・角、枝分かれ」
※アイヌ語「ク＝弓」。中国大陸、朝鮮半島では「ク＝矢」の可能性。サハリン、シベリアのニヴフ（ギリヤーク）語も「ク＝矢」。","jomon2_bnum15.html"
"司隸","河内郡","軹県","前漢","河南省済源市","洛陽北方、黄河北岸の山","上古音：「軹」tɕ i̯ĕɡ／ȶ ǐe／c jeɡ／t jieɣ／k rjigx","アイヌ語：軹
＝「テュ・アク(tu-ak)」＝「峰の・弟（のように小さいもの）」
or「キル・アク(kir-ak)」＝「山脚の・弟（のように小さいもの）」","jomon2_bnum15.html"
"司隸","河内郡","沁水県","前漢","山西省晋城市沁水県","洛陽北方の山塊","上古音：「沁」-／tsʰ ǐəm／- jəm／tsʰ jiəm／tsh jəmh
上古音：「水」ɕ i̯wər／ɕ ǐwei／ç jued／stʰ jiwer／h rjidx","アイヌ語：沁水＝「テュ・アム・シル・アッ(tu-am-sir-at)」＝「峰の・爪の（ように平べったく鋭い）・山が・たくさんある（ところ）」","jomon2_bnum15.html"
"司隸","河内郡","隆慮県","前漢","河南省安陽市林州市","洛陽東北方、当時の黄河西岸の山、盆地。","上古音：「隆」ɡl ／l ǐuŋ／l joŋ／l iəwŋ／gl jəngw
上古音：「慮」l i̯o／l ǐa／l jaɡ／l iaɣ／l jagh","アイヌ語：隆慮＝「リ・アゥ・ウン・リ・アク(ri-aw-un-ri-ak)」＝「高い・角、枝分かれ・にある・高い・弟（のように小さいもの）」","jomon2_bnum15.html"
"司隸","河内郡","蕩陰県","前漢","河南省安陽市湯陰県","洛陽東北方、当時の黄河西岸の山裾の平地、微高地、自然堤防","上古音：「蕩」dʰ ɑŋ／d aŋ／dʰ ɑŋ／d aŋ／d angx
上古音：「陰」ʔ i̯əm／0 ǐəm／ʔ jəm／ʔ iəm／· jəm","アイヌ語：蕩陰＝「テュ・アゥ・ウン・イ・アム(tu-aw-un-i-am)」＝「峰の・角、枝分かれ・にある・その・爪（のように平べったく鋭いもの）」","jomon2_bnum15.html"
"司隸","河東郡","安邑県","前漢","山西省運城市夏県","洛陽西北方、黄河沿いの山地、蛇行する川","上古音：「安」ʔ ɑn／0 an／ʔ ɑn／ʔ an／· an
上古音：「邑」ʔ i̯əp／0 ǐəp／ʔ jəp／ʔ iəp／· jəp","アイヌ語：安邑＝「アゥ・ウン・イ・アプ(aw-un-i-ap)」＝「（川の）角、枝分かれ・にある・その・釣り針（のように曲がったもの）」","jomon2_bnum15.html"
"司隸","河東郡","大陽県","前漢","山西省運城市平陸県","黄河沿岸、洛陽と西安の中間の峰","上古音：「大」tʰ ɑd, dʰ ɑd／d at／dʰ ɑd／d ar／d adh
上古音：「陽」d i̯aŋ／ʎ ǐaŋ／d jaŋ／r iaŋ／r ang","アイヌ語：大陽＝「テュ・アッ・テュ・アゥ・ウン(tu-at-tu-aw-un)」＝「峰が・たくさんある・峰の・角、枝分かれ・にある（ところ）」","jomon2_bnum15.html"
"司隸","河東郡","猗氏県","前漢","","","","※上党郡参照","jomon2_bnum15.html"
"司隸","河東郡","解県","前漢","山西省運城市臨猗県南西部","黄河沿岸、洛陽と西安の中間の盆地","上古音：「解」k ĕɡ／k e／k eɡ／k reɣ／k righ
上古音：「解」ɡʰ ĕɡ／ɣ e／ɣ eɡ／ɡ reɣ／g righ","アイヌ語：解＝「キル・アク(kir-ak)」＝「山脚の・弟（のように小さいもの）」","jomon2_bnum15.html"
"司隸","河東郡","蒲反県","前漢","山西省運城市永済市","黄河沿岸、洛陽と西安の中間の峰、峰の先端、峰裾","上古音：「蒲」bʰ wo／b ua／bʰ uɑɡ／b waɣ／b ag
上古音：「反」p i̯wăn／p ǐwan／p juăn／p jwan／p janx","アイヌ語：蒲反＝「ピル・アク・ピル・アゥ・ウン(pir-ak-pir-aw-un)」＝「傷の（切り刻まれたような）・弟（のように小さい峰）・傷の・角、枝分かれ・にある（ところ）」","jomon2_bnum15.html"
"司隸","河東郡","河北県","前漢","山西省運城市芮城県","黄河沿岸、洛陽と西安の中間の峰","上古音：「河」ɡʰ ɑ／ɣ ai／ɣ ɑ／ɡ a／g ar
上古音：「北」p ək／p ək／p uə̂k／p wək／p ək","アイヌ語：河北＝「キル・アゥ・プ・アク(kir-aw-pu-ak)」＝「山脚の・角、枝分かれ・にある・倉の（屋根のような三角山の）・弟（のように小さいもの）」","jomon2_bnum15.html"
"司隸","河東郡","左邑県","前漢","山西省運城市聞喜県","洛陽と西安の中間の盆地","上古音：「左」ts ɑ／ts ai／ts ɑ／ts a／ts arh
上古音：「邑」ʔ i̯əp／0 ǐəp／ʔ jəp／ʔ iəp／· jəp","アイヌ語：左邑＝「テュ・アゥ・イ・アプ(tu-aw-i-ap)」＝「峰の・角、枝分かれの・その・釣り針（のように曲がったもの）」","jomon2_bnum15.html"
"司隸","河東郡","汾陰県","前漢","山西省運城市万栄県南西部","黄河沿岸、洛陽と西安の中間の盆地","上古音：「汾」- -／b ǐwən／bʰ juə̆n／b jwən／b jən
上古音：「陰」ʔ i̯əm／0 ǐəm／ʔ jəm／ʔ iəm／· jəm","アイヌ語：汾陰＝「ピル・アゥ・ウン・イ・アム(pir-aw-un-i-am)」＝「傷の（切り刻まれたような）・角、枝分かれ・にある・その爪（のように平べったく鋭いもの）」","jomon2_bnum15.html"
"司隸","河東郡","聞喜県","前漢","山西省運城市聞喜県","洛陽と西安の中間の盆地","上古音：「聞」m i̯wən／m ǐwən／m juə̆n／m jwən／m jən
上古音：「喜」x i̯əɡ／h ǐə／x jəɡ／x iəɣ／h jəgx","アイヌ語：聞喜＝「ムィ・アゥ・ウン・シル・アク(muy-aw-un-sir-ak)」＝「頂の・角、枝分かれ・にある・山の・弟（のように小さいもの）」","jomon2_bnum15.html"
"司隸","河東郡","濩沢県","前漢","山西省晋城市陽城県","洛陽北方の山塊","上古音：「濩」ɡʰ wɑk／ɣ uak／ɣ uɑk／ɡ wak／gw ak
上古音：「澤」dʰ ăk／d eak／dʰ ăk／d rak／d rak","アイヌ語：濩沢＝「キル・アク・タク(kir-ak-tak)」＝「山脚の・弟の（ように小さいものの）・石」","jomon2_bnum15.html"
"司隸","河東郡","端氏県","前漢","山西省晋城市沁水県北東部","洛陽北方の山塊","上古音：「端」t wɑn／t uan／t uɑn／t wan／t uan
上古音：「氏」ȡ i̯ĕɡ／ȶ ǐe／j jeɡ／d jieɣ／g rjigx","アイヌ語：端氏＝「テュ・アゥ・ウン・テュ・アク(tu-aw-un-tu-ak)」＝「峰の・角、枝分かれ・にある・峰の・弟の（ように小さいもの）」","jomon2_bnum15.html"
"司隸","河東郡","臨汾県","前漢","山西省臨汾市襄汾県","洛陽北西の盆地","上古音：「臨」bl i̯əm／l ǐəm／l jəm／l iəm／bl jəmh
上古音：「汾」 - -／b ǐwən／bʰ juə̆n／b jwən／b jən","アイヌ語：臨汾＝「リ・アム・ピル・アゥ・ウン(ri-am-pir-aw-un)」＝「高い・爪の（ように平べったく鋭い）・傷の（ように切り刻まれた）・角、枝分かれ・にある（ところ）」","jomon2_bnum15.html"
"司隸","河東郡","垣県","前漢","山西省運城市垣曲県","洛陽北西の黄河の谷、山塊","上古音：「垣」ɡ i̯wăn／ɣ ǐwan／ɣ juăn／ɣ jwan／gw jan","アイヌ語：垣＝「キル・アゥ・ウン(kir-aw-un)」＝「山脚の・角、枝分かれ・にある（ところ）」","jomon2_bnum15.html"
"司隸","河東郡","皮氏県","前漢","山西省運城市河津市","洛陽西北方、西安東北方の黄河の谷、山裾","上古音：「皮」bʰ ia／b ǐai／bʰ jua／b iwa／b jiar
上古音：「氏」ȡ i̯ĕɡ／ȶ ǐe／j jeɡ／d jieɣ／g rjigx","アイヌ語：皮氏＝「ピル・アゥ・テュ・アク(pir-aw-tu-ak)」＝「傷の（ように切り刻まれた）・角、枝分かれの・峰の・弟の（ように小さいもの）」","jomon2_bnum15.html"
"司隸","河東郡","長修県","前漢","山西省運城市新絳県北西部","洛陽西北方、西安東北方、黄河東方の盆地","上古音：「長」t i̯aŋ／t ǐaŋ／t jaŋ／t iaŋ／t rjangx
上古音：「長」dʰ i̯aŋ／d ǐaŋ／dʰ jaŋ／d iaŋ／d rjangh
上古音：「修」s  -／s ǐu／s jŏɡ／s jəw／st jəgw","アイヌ語：長修＝「テュ・アゥ・ウン・シル・アク(tu-aw-un-sir-ak)」＝「峰の・角、枝分かれ・にある・山の・弟の（ように小さいもの）」","jomon2_bnum15.html"
"司隸","河東郡","平陽県","前漢","山西省臨汾市堯都区","洛陽西北方、西安東北方、黄河東方の盆地、黄河支流汾河沿い","上古音：「平」bʰ i̯ĕŋ／b ǐeŋ／bʰ jĕŋ／b ieŋ／b jing
上古音：「陽」d i̯aŋ／ʎ ǐaŋ／d jaŋ／r iaŋ／r ang","アイヌ語：平陽＝「ピル・エ・エン・テュ・アゥ・ウン(pir-e-en-tu-aw-un)」＝「傷（のように切り刻まれたもの）が・そこで・突き出ている・峰の・角、枝分かれ・にある（ところ）」","jomon2_bnum15.html"
"司隸","河東郡","襄陵県","前漢","山西省臨汾市襄汾県北部の古城村一帯","洛陽西北方、西安東北方、黄河東方の盆地、山裾、黄河支流汾河沿い","上古音：「襄」sn i̯aŋ／s ǐaŋ／s jaŋ／s jaŋ／sn jang
上古音：「陵」l i̯əŋ／l ǐəŋ／l jəŋ／l iəŋ／l jəng","アイヌ語：襄陵＝「シル・アゥ・ウン・リ・アゥ・ウン(sir-aw-un-ri-aw-un)」＝「山の・角、枝分かれ・にある・高い・角、枝分かれ・にある（ところ）」","jomon2_bnum15.html"
"司隸","河東郡","彘県","前漢","山西省臨汾市霍州市","洛陽西北方、西安東北方、黄河東方の谷、山裾、黄河支流汾河沿い","上古音：「彘」dʰ i̯ad／d ǐet／- -／- -／- -","アイヌ語：彘＝「テュ・アッ(tu-at)」＝「峰が・たくさんある（ところ）」","jomon2_bnum15.html"
"司隸","河東郡","楊県","前漢","山西省臨汾市洪洞県","洛陽西北方、西安東北方、黄河東方の谷、山裾、黄河支流汾河沿い","上古音：「楊」d i̯aŋ／ʎ ǐaŋ／d jaŋ／r iaŋ／r ang","アイヌ語：楊
＝「テュ・アゥ・ウン(tu-aw-un)」＝「峰の・角、枝分かれ・にある（ところ）」
or「リ・アゥ・ウン(ri-aw-un)」＝「高い・角、枝分かれ・にある（ところ）」","jomon2_bnum15.html"
"司隸","河東郡","北屈県","前漢","山西省臨汾市吉県北部","洛陽西北方、西安東北方、黄河の谷、山塊","上古音：「北」p ək／p ək／p uə̂k／p wək／p ək
上古音：「屈」kʰ i̯wət／kʰ ǐwət／kʰ juə̆t／kʰ jwət／khw jət","アイヌ語：北屈＝「プ・アク・キル・アッ(pu-ak-kir-at)」＝「倉の（屋根のような三角山の）・弟の（ように小さい）・山脚が・たくさんある（ところ）」","jomon2_bnum15.html"
"司隸","河東郡","蒲子県","前漢","山西省臨汾市隰県","洛陽西北方、西安東北方、黄河東方の山塊。","上古音：「蒲」bʰ wo／b ua／bʰ uɑɡ／b waɣ／b ag
上古音：「子」ts i̯əɡ／ts ǐə／ts jəɡ／ts jiəɣ／ts jəgx","アイヌ語：蒲子＝「ピル・アク・テュ・アク(pir-ak-tu-ak)」＝「傷の（切り刻まれたような）・弟（のように小さいもの）・峰の・弟」","jomon2_bnum15.html"
"司隸","河東郡","絳県","前漢","山西省臨汾市侯馬市西部","洛陽西北方、西安東北方、黄河東方の盆地、山裾、黄河支流汾河沿い","上古音：「絳」- -／k euŋ／k oŋ／k rəwŋ／k rəngwh","アイヌ語：絳＝「ク・アゥ・ウン(ku-aw-un)」＝「矢の（ように鋭い峰の）・角、枝分かれ・にある（ところ）」
※アイヌ語「ク＝弓」。中国大陸、朝鮮半島では「ク＝矢」の可能性。サハリン、シベリアのニヴフ（ギリヤーク）語も「ク＝矢」。","jomon2_bnum15.html"
"司隸","河東郡","狐讘県","前漢","山西省臨汾市永和県","洛陽西北方、西安東北方、黄河の谷、山塊","上古音：「狐」ɡʰ wo／ɣ a／ɣ uɑɡ／ɡ waɣ／gw ag
上古音：「讘」ȵ i̯ap／ȵ ǐap／ȵ jɐp／n jiap／n jap","アイヌ語：狐讘＝「キル・アク・ニ・アプ(kir-ak-ni-ap)」＝「山脚の・弟の（ように小さいものの）・棒の（ように細長い）・釣り針（のように曲がったもの）」","jomon2_bnum15.html"
"司隸","河東郡","騏県","前漢","山西省臨汾市郷寧県","洛陽西北方、西安東北方、黄河の谷、山塊","上古音：「騏」ɡʰ i̯əɡ／g ǐə／ɡʰ jəɡ／ɡ iəɣ／g jəg","アイヌ語：騏＝「キル・アク(kir-ak)」＝「山脚の・弟（のように小さいもの）」","jomon2_bnum15.html"
"司隸","弘農郡","弘農県","前漢","河南省三門峡市霊宝市","洛陽西方、西安東方、黄河の谷、黄河南岸、山塊","上古音：「弘」ɡʰ wəŋ／ɣ uəŋ／ɣ uə̂ŋ／ɡ wəŋ／gw əng
上古音：「農」n -／n uŋ／n ôŋ／n əwŋ／n əngw","アイヌ語：弘農＝「キル・アゥ・ウン・ニ・アゥ・ウン(kir-aw-un-ni-aw-un)」＝「山脚の・角、枝分かれ・にある（ところ）・棒の（ように細長い）・角、枝分かれ・にある（ところ）」","jomon2_bnum15.html"
"司隸","弘農郡","盧氏県","前漢","河南省三門峡市盧氏県","洛陽西南方、西安東南方、黄河支流洛河の谷、山塊","上古音：「盧」l o／l a／l ɑɡ／l aɣ／l ag
上古音：「氏」ȡ i̯ĕɡ／ȶ ǐe／j jeɡ／d jieɣ／g rjigx","アイヌ語：盧氏＝「ル・アク・テュ・アク(ru-ak-tu-ak)」＝「消えかかった・弟（のように小さいもの）・峰の・弟」","jomon2_bnum15.html"
"司隸","弘農郡","陝県","前漢","河南省三門峡市陝州区","洛陽西方、西安東方、黄河の谷、黄河南岸、山塊。","上古音：「陝」- -／ɕ ǐam／ɕ jɐm／stʰ jiam／sth jamx","アイヌ語：陝＝「シル・アム(sir-am)」＝「山の・爪（のように平べったく鋭いもの）」","jomon2_bnum15.html"
"司隸","弘農郡","宜陽県","前漢","河南省洛陽市宜陽県","洛陽西方、黄河支流洛河の谷の入口","上古音：「宜」ŋ ia／ŋ ǐai／ŋ ja／ŋ ia／ng jar
上古音：「陽」d i̯aŋ／ʎ ǐaŋ／d jaŋ／r iaŋ／r ang","アイヌ語：宜陽＝「キル・アゥ・テュ・アゥ・ウン(kir-aw-tu-aw-un)」＝「山脚の・角、枝分かれ・峰の・角、枝分かれ・にある（ところ）」","jomon2_bnum15.html"
"司隸","弘農郡","黽池県","前漢","河南省三門峡市澠池県","洛陽西方、黄河の谷、山裾","上古音：「黽」- -／m ǐəŋ／- -／- -／- -
上古音：「池」dʰ ia／d ǐai／dʰ ja／d ia／d rjar","アイヌ語：黽池＝「ムィ・エ・エン・テュ・アゥ(muy-e-en-tu-aw)」＝「頂が・そこで・突き出ている・峰の・角、枝分かれ」","jomon2_bnum15.html"
"司隸","弘農郡","丹水県","前漢","河南省南陽市淅川県","漢江支流の老灌河、丹江の谷、山塊、湖沼。","上古音：「丹」t ɑn／t an／t ɑn／t an／t an
上古音：「水」ɕ i̯wər／ɕ ǐwei／ç jued／stʰ jiwer／h rjidx","アイヌ語：丹水＝「テュ・アゥ・ウン・シル・アッ(tu-aw-un-sir-at)」＝「峰の・角、枝分かれ・にある・山が・たくさんある（ところ）」","jomon2_bnum15.html"
"司隸","弘農郡","新安県","前漢","河南省洛陽市新安県","洛陽西部、黄河の谷、山塊、山裾","上古音：「新」s i̯ĕn／s ǐen／s jen／s jien／s jin
上古音：「安」ʔ ɑn／0 an／ʔ ɑn／ʔ an／· an","アイヌ語：新安＝「シル・エ・エン・アゥ・ウン(sir-e-en-aw-un)」＝「山が・そこで・突き出ている・角、枝分かれ・にある（ところ）」","jomon2_bnum15.html"
"司隸","弘農郡","商県","前漢","陝西省商洛市商州区","西安南東の山塊","上古音：「商」ɕ i̯aŋ／ɕ ǐaŋ／ɕ jaŋ／stʰ jaŋ／sth jang","アイヌ語：商＝「シル・アゥ・ウン(sir-aw-un)」＝「山の・角、枝分かれ・にある（ところ）」","jomon2_bnum15.html"
"司隸","弘農郡","析県","前漢","河南省南陽市西峡県","洛陽南西方の山塊、谷、山裾。漢江支流の老灌河の上流","上古音：「析」s iek／s iek／s iek／s ek／s ik","アイヌ語：析＝「シル・アク(sir-ak)」＝「山の・弟（のように小さいもの）」","jomon2_bnum15.html"
"司隸","弘農郡","陸渾県","前漢","河南省洛陽市嵩県","洛陽南西の谷、黄河支流伊河の谷、山塊","上古音：「陸」l -／l ǐuk／l jok／l iəwk／l jəkw
上古音：「渾」ɡʰ wən／ɣ uən／ɣ uə̂n／ɡ wən／gw ənx","アイヌ語：陸渾＝「リ・アク・キル・アゥ・ウン(ri-ak-kir-aw-un)」＝「高い・弟の（ように小さい）・山脚の・角、枝分かれ・にある（ところ）」","jomon2_bnum15.html"
"司隸","弘農郡","上雒県","前漢","陝西省商洛市商州区","西安南東の山塊、盆地","上古音：「上」ȡ i̯aŋ／ʑ ǐaŋ／ʑ jaŋ／d jaŋ／d jangh
上古音：「雒」ɡl ɑk／l ak／l ɑk／l ak／gl ak","アイヌ語：上雒＝「テュ・アゥ・ウン・ル・アク(tu-aw-un-ru-ak)」＝「峰の・角、枝分かれ・にある・消えかかった・弟（のようにい小さいもの）」","jomon2_bnum15.html"
"司隸","京兆尹","長安県","前漢","陝西省西安市未央区","黄河支流渭河が灞河と分岐するところ、渭水盆地中心部","上古音：「長」t i̯aŋ／t ǐaŋ／t jaŋ／t iaŋ／t rjangx
上古音：「長」dʰ i̯aŋ／d ǐaŋ／dʰ jaŋ／d iaŋ／d rjangh
上古音：「安」ʔ ɑn／0 an／ʔ ɑn／ʔ an／· an","アイヌ語：長安＝「テュ・アゥ・ウン・アゥ・ウン(tu-aw-un-aw-un)」＝「峰の・角、枝分かれ・にある・角、枝分かれ・にある（ところ）」","jomon2_bnum15.html"
"司隸","京兆尹","新豊県","前漢","陝西省西安市臨潼区","黄河支流渭河沿岸、山裾、渭水盆地中心からやや東","上古音：「新」s i̯ĕn／s ǐen／s jen／s jien／s jin
上古音：「豊」l iər／- -／l ied／l er／l idx","アイヌ語：新豊＝「キル・エ・エン・リ・アッ(kir-e-en-ri-at)」＝「山脚が・そこで・突き出ている・高い（ところが）・たくさんある（ところ）」","jomon2_bnum15.html"
"司隸","京兆尹","船司空県","前漢","陝西省潼関県の北、流れる渭水が黄河に流れ込むあたり","渭水盆地東部","上古音：「船」ʰ i̯wan／ȡ ǐwan／ȡʰ juæn／zd jiwan／d juan
上古音：「司」s i̯əɡ／s ǐə／s jəɡ／s jiəɣ／s jəg
上古音：「空」 kʰ uŋ／kʰ ɔŋ／kʰ ûŋ／kʰ ewŋ／kh ungh","アイヌ語：船司空＝「テュ・アゥ・ウン・シル・アク・ク・ウン(tu-aw-un-sir-ak-ku-un)」＝「山の・角、枝分かれ・にある・山の・弟の（ように小さい）・矢（のように鋭いもの）・にある（ところ）」
※アイヌ語「ク＝弓」。中国大陸、朝鮮半島では「ク＝矢」の可能性。サハリン、シベリアのニヴフ（ギリヤーク）語も「ク＝矢」。","jomon2_bnum15.html"
"司隸","京兆尹","藍田県","前漢","陝西省西安市藍田県","黄河支流渭河が灞河沿岸。渭水盆地南部の峰先、山裾","上古音：「藍」ɡl ɑm／l am／l ɑm／l am／gl am
上古音：「田」dʰ ien／d ien／dʰ ien／d en／d in","アイヌ語：藍田＝「ル・アム・テュ・エ・エン(ru-am-tu-e-en)」＝「消えかかった・爪の（ように平べったく鋭い）・峰が・そこで・突き出ている（ところ）」","jomon2_bnum15.html"
"司隸","京兆尹","芷陽県（のち覇陵県）","前漢","陝西省西安市灞橋区","黄河支流渭河が灞河沿岸、渭水盆地南部の峰先、山裾","上古音：「芷」ȶ i̯əɡ／ȶ ǐə／- -／t jiəɣ／- -
上古音：「陽」d i̯aŋ／ʎ ǐaŋ／d jaŋ／r iaŋ／r ang","アイヌ語：芷陽＝「テュ・アク・テュ・アゥ・ウン(tu-ak-tu-aw-un)」＝「峰の・弟の（ように小さい）・峰の・角、枝分かれ・にある（ところ）」","jomon2_bnum15.html"
"司隸","京兆尹","杜県（のち杜陵県）","前漢","陝西省西安市雁塔区、碑林区","西安中心南部","上古音：「杜」dʰ o／d a／dʰ ɑɡ／d aɣ／d agx
上古音：「陵」l i̯əŋ／l ǐəŋ／l jəŋ／l iəŋ／l jəng","アイヌ語：杜陵＝「テュ・アク・リ・アゥ・ウン(tu-ak-ri-aw-un)」＝「峰の・弟の（ように小さい）・高い・角、枝分かれ・にある（ところ）」","jomon2_bnum15.html"
"司隸","京兆尹","下邽県","前漢","陝西省渭南市臨渭区下邽鎮","西安北東、渭河北岸の平地、渭水盆地東部、微高地、自然堤防","上古音：「杜」ɡʰ ɔ／ɣ ea／ɣ ăɡ／ɡ raɣ／g ragx
上古音：「邽」 - -／g iwe／k iueɡ／k weɣ／kw ig","アイヌ語：下邽＝「キル・アク・キル・アク(kir-ak-kir-ak)」＝「山脚の・弟（のように小さいもの）・山脚の・弟」※たくさんの小さな山脚の峰。","jomon2_bnum15.html"
"司隸","京兆尹","南陵県","前漢","陝西省渭南市臨渭区下邽鎮","西安北東、渭河北岸の平地、渭水盆地東部、微高地、自然堤防","上古音：「南」n əm／n əm／n ə̂m／n əm／n əm
上古音：「陵」l i̯əŋ／l ǐəŋ／l jəŋ／l iəŋ／l jəng","アイヌ語：南陵＝「ニ・アム・リ・アゥ・ウン(ni-am-ri-aw-un)」＝「棒の（ように細長い）・爪の（ように平べったく鋭い）・高い・角、枝分かれ・にある（ところ）」","jomon2_bnum15.html"
"司隸","京兆尹","奉明県","前漢","陝西省西安市","渭水盆地中心部","上古音：「奉」bʰ  i̯uŋ, pʰ i̯uŋ／b ǐwɔŋ／bʰ juŋ／b jewŋ／b jungx
上古音：「明」m i̯ăŋ／m iaŋ／m juăŋ／m iwaŋ／m jiang","アイヌ語：奉明＝「ピル・ウン・ムィ・アゥ・ウン(pir-un-muy-aw-un)」＝「傷（のように切り刻まれたもの）・にある・頂の・角、枝分かれ・にある（ところ）」","jomon2_bnum15.html"
"司隸","京兆尹","胡県（湖県）","前漢","河南省三門峡市霊宝市","洛陽西方、西安東方、黄河の谷、黄河南岸、山塊。","上古音：「胡」ɡʰ o／ɣ a／ɣ ɑɡ／ɡ aɣ／g ag
上古音：「湖」ɡʰ o／ɣ a／ɣ ɑɡ／ɡ aɣ／g ag","アイヌ語：胡（湖）＝「キル・アク(kir-ak)」＝「山脚の・弟（のように小さいもの）」","jomon2_bnum15.html"
"司隸","京兆尹","華陰県","前漢","河南省陝西省渭南市華陰市","西安東方、黄河と渭河の分岐、渭河南岸の山裾","上古音：「華」ɡʰ wɔ／ɣ oa／ɣ uăɡ／ɡ rwaɣ／gw ragh
上古音：「陰」ʔ i̯əm／0 ǐəm／ʔ jəm／ʔ iəm／· jəm","アイヌ語：華陰＝「キル・アク・イ・アム(kir-ak-i-am)」＝「山脚の・弟（のように小さいもの）・その・爪（のように平べったく鋭いもの）」
※第一回～第三十一回「日本書紀のエラーコラム」／第三十二回～第九十二回「日出ずる国のエラーコラム」／第九十三回～「日没する国のエラーコラム」／第百九十七回～「日没する国のエラーコラム／第二百三回～「騎馬民族北方系渡来人のエラーコラム」／第五百七回～「継体の不審死と磐井の乱」／第五百三十五回～「三国史記朝鮮地名と倭人」","jomon2_bnum15.html"
"司隸","左馮翊","長陵県","前漢","陝西省咸陽市渭城区長陵周辺","渭水盆地中心部、渭河北岸、台地の川の分岐","上古音：「長」t i̯aŋ／t ǐaŋ／t jaŋ／t iaŋ／t rjangx
上古音：「長」dʰ i̯aŋ／d ǐaŋ／dʰ jaŋ／d iaŋ／d rjangh
上古音：「陵」l i̯əŋ／l ǐəŋ／l jəŋ／l iəŋ／l jəng","アイヌ語：長陵
＝「テュ・アゥ・ウン・リ・アゥ・ウン(tu-aw-un-ri-aw-un)」＝「峰の・角、枝分かれ・にある・高い・角、枝分かれ・にある・ところ」","jomon2_bnum16.html"
"司隸","左馮翊","陽陵県","前漢","陝西省咸陽市陽陵周辺","渭水盆地中心部、渭河北岸、台地の川の分岐","上古音：「陽」d i̯aŋ／ʎ ǐaŋ／d jaŋ／r iaŋ／r ang
上古音：「陵」l i̯əŋ／l ǐəŋ／l jəŋ／l iəŋ／l jəng","アイヌ語：陽陵
＝「テュ・アゥ・ウン・リ・アゥ・ウン(tu-aw-un-ri-aw-un)」＝「峰の・角、枝分かれ・にある・高い・角、枝分かれ・にある・ところ」
or「リ・アゥ・ウン・リ・アゥ・ウン(ri-aw-un-ri-aw-un)」＝「高い・角、枝分かれ・にある・高い・角、枝分かれ・にある・ところ」","jomon2_bnum16.html"
"司隸","左馮翊","高陵県","前漢","陝西省西安市高陵区","西安北部、渭水盆地中心部、渭河北岸、微高地、自然堤防","上古音：「高」k oɡ／k au／k ɔ̂ɡ／k aw／k agw
上古音：「陵」l i̯əŋ／l ǐəŋ／l jəŋ／l iəŋ／l jəng","アイヌ語：高陵＝「ク・アク・リ・アゥ・ウン(ku-ak-ri-aw-un)」＝「矢の（ように鋭い）・弟の（ように小さい）or射る・高い・角、枝分かれ・にある（ところ）」
※アイヌ語「ク＝弓」。中国大陸、朝鮮半島では「ク＝矢」の可能性。サハリン、シベリアのニヴフ（ギリヤーク）語も「ク＝矢」。","jomon2_bnum16.html"
"司隸","左馮翊","雲陽県","前漢","陝西省咸陽市淳化県","西安北方の山塊、谷によって区切られた台地","上古音：「雲」ɡ i̯wən／ɣ ǐwən／ɣ juə̆n／ɣ jwən／gw jən
上古音：「陽」d i̯aŋ／ʎ ǐaŋ／d jaŋ／r iaŋ／r ang","アイヌ語：雲陽
＝「キル・アゥ・ウン・テュ・アゥ・ウン(kir-aw-un-tu-aw-un)」＝「山脚の・角、枝分かれ・にある（ところ）・峰の・角、枝分かれ・にある（ところ）」
or「キル・アゥ・ウン・リ・アゥ・ウン(kir-aw-un-ri-aw-un)」＝「山脚の・角、枝分かれ・にある（ところ）・高い・角、枝分かれ・にある（ところ）」","jomon2_bnum16.html"
"司隸","左馮翊","郃陽県","前漢","陝西省渭南市合陽県","渭水盆地東部、黄河西岸の台地","上古音：「郃」ɣ əp／ɣ ə̂p／ɡ əp／g əp
上古音：「郃」- -／- -／k ə̂p／k əp／k əp
上古音：「陽」d i̯aŋ／ʎ ǐaŋ／d jaŋ／r iaŋ／r ang","アイヌ語：郃陽
＝「キル・アプ・テュ・アゥ・ウン(kir-ap-tu-aw-un)」＝「山脚の・釣り針の（ように曲がった）・峰の・角、枝分かれ・にある（ところ）」
or「キル・アプ・アゥ・ウン(kir-ap-aw-un)」＝「山脚の・釣り針の（ように曲がった）・峰の・高い・にある（ところ）」","jomon2_bnum16.html"
"司隸","左馮翊","蓮勺県","前漢","陝西省渭南市臨渭区","渭水盆地東部、渭河沿岸の山裾、平地、微高地、段丘","上古音：「蓮」l i̯an／l ian／l iæn／l ean／l ian
上古音：「勺」 ȶ i̯ok／- -／ȶ jɔk／t jawk／t jakw
上古音：「勺」 ȡ i̯ok／ʑ ǐauk／ʑ jɔk／d jawk／d jakw","アイヌ語：蓮勺＝「リ・アゥ・ウン・テュ・アク(ri-aw-un-tu-ak)」＝「高い・角、枝分かれ・にある・峰の・弟（のように小さいもの）」","jomon2_bnum16.html"
"司隸","左馮翊","万年県","前漢","陝西省西安市臨潼区","渭水盆地東部。渭河沿岸の山裾、平地","上古音：「萬」m i̯wăn／m ǐwan／m juăn／m jwan／m janh
上古音：「年」n ien／n ien／n ien／n en／n in","アイヌ語：万年＝「ムィ・アゥ・ウン・ニ・エ・エン(muy-aw-un-ni-e-en)」＝「頂の・角、枝分かれ・にある・棒（のように細長い峰）が・そこで・突き出ている（ところ）」","jomon2_bnum16.html"
"司隸","左馮翊","臨晋県","前漢","陝西省渭南市大茘県","渭水盆地東部。黄河と渭河の分岐点、細長い台地","上古音：「臨」bl i̯əm／l ǐəm／l jəm／l iəm／bl jəmh
上古音：「晉」ts i̯ĕn／ts ǐen／ts jen／ts jien／ts jinh","アイヌ語：臨晋＝「リ・アム・テュ・エ・エン(ri-am-tu-e-en)」＝「高い・爪の（ように平べったく鋭い）・峰が・そこで・突き出ている（ところ）」","jomon2_bnum16.html"
"司隸","左馮翊","櫟陽県","前漢","陝西省西安市閻良区","西安北東部の平地、台地の突端","上古音：「櫟」- -／- -／ɡ jɔk／ɣr iawk／g rjakw
上古音：「櫟」ɡl iok／l iauk／l iɔk／l eawk／ngl iakw
上古音：「陽」d i̯aŋ／ʎ ǐaŋ／d jaŋ／r iaŋ／r ang","アイヌ語：櫟陽
＝「キル・アク・テュ・アゥ・ウン(kir-ak-tu-aw-un)」＝「山脚の・弟の（ように小さい）・峰の・角、枝分かれ・にある（ところ）」
or「リ・アク・テュ・アゥ・ウン(ri-ak-tu-aw-un)」＝「高い・弟の（ように小さい）・峰の・角、枝分かれ・にある（ところ）」
or「キル・アク・リ・アゥ・ウン(kir-ak-ri-aw-un)」＝「山脚の・弟の（ように小さい）・高い・角、枝分かれ・にある（ところ）」
or「リ・アク・リ・アゥ・ウン(ri-ak-ri-aw-un)」＝「高い・弟の（ように小さい）・高い・角、枝分かれ・にある（ところ）」","jomon2_bnum16.html"
"司隸","左馮翊","鄜県","前漢","陝西省延安市富県","西安北東部の平地","上古音：「鄜」pʰi̯u／pʰĭu／pʰi̯u／pʰiu／pʰjəg,pʰju","アイヌ語：鄜＝「ピル(pir)」＝「傷（のように切り刻まれた谷、峰）」","jomon2_bnum16.html"
"司隸","左馮翊","武城県","前漢","陝西省渭南市華州区","渭水盆地東部、渭河南岸の山裾、山塊","上古音：「武」m i̯wo／m ǐwa／m juaɡ／m jwaɣ／m jagx
上古音：「城」ȡ i̯ĕŋ／ʑ ǐeŋ／ʑ jeŋ／d jieŋ／d jing","アイヌ語：武城＝「ムィ・アク・テュ・エ・エン(muy-ak-tu-e-en)」＝「頂の・弟の（ように小さい）・峰が・そこで・突き出ている（ところ）」","jomon2_bnum16.html"
"司隸","左馮翊","懐徳県","前漢","陝西省渭南市富平県","西安北方、渭水盆地北部の山裾","上古音：「懐」ɡʰ wær／ɣ oəi／ɣ uəb, ɣ uəd／ɡ rwər／gw rəb
上古音：「徳」t ək／t ək／t ə̂k／t ək／t ək","アイヌ語：懐徳＝「キル・アッ・タク(kir-at-tak)」＝「山脚が・たくさんある・石」","jomon2_bnum16.html"
"司隸","右扶風","槐里県","前漢","陝西省咸陽市興平市","西安西方、渭河北岸の平地、","上古音：「槐」ɡʰ wər／ɣ oəi／ɣ uə̂d／ɡ wər／gw əd
上古音：「里」l i̯əɡ／l ǐə／l jəɡ／l iəɣ／l jəgx","アイヌ語：槐里＝「キル・アッ・リ・アク(kir-at-ri-ak)」＝「山脚が・たくさんある・高い・弟（のように小さい峰）」","jomon2_bnum16.html"
"司隸","右扶風","鄠県","前漢","陝西省西安市鄠邑区","西安西方、渭河南岸の山裾、山塊の微高地","上古音：「鄠」- -／ɣ a／ɣ uɑɡ／ɡ waɣ／gw agx","アイヌ語：鄠＝「キル・アク(kir-ak)」＝「山脚の・弟（のように小さい峰）」","jomon2_bnum16.html"
"司隸","右扶風","盩厔県","前漢","陝西省西安市周至県","西安西方、渭河南岸の山裾、山塊","上古音：「盩」- -／- -／t jŏɡ／t iəw／t rjəgw
上古音：「庢」- -／- -／t jet／t iet／t rjit","アイヌ語：盩厔＝「テュ・アク・テュ・アッ(tu-ak-tu-at)」＝「峰の・弟の（ように小さい）・峰が・たくさんある（ところ）」","jomon2_bnum16.html"
"司隸","右扶風","郿県","前漢","陝西省宝鶏市眉県","西安西方、渭河南岸の山裾、山塊、渭水盆地西部","上古音：「郿」- -／m ǐei／m jed／m ier／m jidh","アイヌ語：郿＝「ムィ・アッ(muy-at)」＝「頂が・たくさんある（ところ）」","jomon2_bnum16.html"
"司隸","右扶風","雍県","前漢","陝西省宝鶏市鳳翔区","西安西方、渭河北岸の山裾、山塊、渭水盆地最西端の山裾","上古音：「雍」ʔ i̯uŋ／0 ǐwɔŋ／- -／ʔ jewŋ／- -","アイヌ語：雍＝「イ・アゥ・ウン(i-aw-un)」＝「その・（川、峰の）角、枝分かれ・にある（ところ）」","jomon2_bnum16.html"
"司隸","右扶風","漆県","前漢","陝西省咸陽市彬州市","西安北西方の山塊","上古音：「漆」tsʰ i̯ĕt／tsʰ ǐet／tsʰ jet／tsʰ jiet／tsh jit","アイヌ語：漆＝「テュ・アッ(tu-at)」＝「峰が・たくさんある（ところ）」","jomon2_bnum16.html"
"司隸","右扶風","栒邑県","前漢","陝西省咸陽市旬邑県","西安北方の山塊","上古音：「簨」s i̯wən／- -／- -／s jiwən／- -
上古音：「邑」ʔ i̯əp／0 ǐəp／ʔ jəp／ʔ iəp／· jəp","アイヌ語：栒邑＝「シル・アゥ・ウン・イ・アプ(sir-aw-un-i-ap)」＝「山の・角、枝分かれ・にある・その・釣り針（のように曲がったもの）」","jomon2_bnum16.html"
"司隸","右扶風","汧県","前漢","陝西省宝鶏市隴県","渭水盆地最西端の谷、山、山裾","上古音：「汧」kʰ ian／- -／kʰ iæn／kʰ ean／kh ian","アイヌ語：汧＝「キル・アゥ・ウン(kir-aw-un)」＝「山脚の・角、枝分かれ・にある（ところ）」","jomon2_bnum16.html"
"司隸","右扶風","好畤県","前漢","陝西省咸陽市乾県陽洪鎮好畤村","西安北西方の山裾","上古音：「好」x -／h u／x ôɡ／x əw／h əgwh
上古音：「畤」- -／- -／ȶ jəɡ／t jiəɣ／t jəgx
上古音：「畤」- -／ʑ ǐə／ʑ jəɡ／d jiəɣ／d jəgx
上古音：「畤」dʰ i̯əɡ／d ǐə／- -／- -／- -","アイヌ語：好畤＝「シル・アゥ・テュ・アク(sir-aw-tu-ak)」＝「山の・角、枝分かれ・峰の・弟（のように小さいもの）」","jomon2_bnum16.html"
"司隸","右扶風","安陵県","前漢","陝西省咸陽市渭城区","西安北方、覇河と渭河の分岐点","上古音：「安」ʔ ɑn／0 an／ʔ ɑn／ʔ an／· an
上古音：「陵」l i̯əŋ／l ǐəŋ／l jəŋ／l iəŋ／l jəng","アイヌ語：安陵＝「アゥ・ウン・リ・アゥ・ウン(aw-un-ri-aw-un)」＝「（川の）角、枝分かれ・にある・高い・角、枝分かれ・にある（ところ）」","jomon2_bnum16.html"
"司隸","右扶風","武功県","前漢","陝西省咸陽市武功県","西安西方、渭河北岸の平地、段丘","上古音：「武」m i̯wo／m ǐwa／m juaɡ／m jwaɣ／m jagx
上古音：「功」k uŋ／k ɔŋ／k ûŋ／k ewŋ／k ung","アイヌ語：武功＝「ムィ・アク・ク・ウン(muy-ak-ku-un)」＝「頂の・弟の（ように小さい）・矢（のように鋭いもの）・にある（ところ）」
※アイヌ語「ク＝弓」。中国大陸、朝鮮半島では「ク＝矢」の可能性。サハリン、シベリアのニヴフ（ギリヤーク）語も「ク＝矢」。","jomon2_bnum16.html"
"并州","上党郡","長子県","前漢","山西省長治市長子県","太行山脈西側の盆地","上古音：「長」t i̯aŋ／t ǐaŋ／t jaŋ／t iaŋ／t rjangx
上古音：「長」dʰ i̯aŋ／d ǐaŋ／dʰ jaŋ／d iaŋ／d rjangh
上古音：「子」ts i̯əɡ／ts ǐə／ts jəɡ／ts jiəɣ／ts jəgx","アイヌ語：長子＝「テュ・アゥ・ウン・テュ・アク(tu-aw-un-tu-ak)」＝「峰の・角、枝分かれ・にある・峰の・弟（のように小さいもの）」","jomon2_bnum16.html"
"并州","上党郡","屯留県","前漢","山西省長治市屯留区","太行山脈西側の盆地","上古音：「屯」t i̯wən／- -／t juən／t iwən／t rjən
上古音：「屯」 dʰ wən／d uən／dʰ uə̂n／d wən／d ən
上古音：「留」l -／l ǐu／l jŏɡ／l iəw／l jəgwh","アイヌ語：屯留＝「テュ・アゥ・ウン・リ・アク(tu-aw-un-ri-ak)」＝「峰の・角、枝分かれ・にある・高い・弟（のように小さいもの）」","jomon2_bnum16.html"
"并州","上党郡","余吾県","前漢","山西省長治市屯留区北部","太行山脈西側の盆地","上古音：「余」d i̯o／ʎ ǐa／d jaɡ／r iaɣ／r ag
上古音：「余」- -／ʑ ia／- -／- -／- -
上古音：「吾」ŋ o／ŋ a／ŋ ăɡ／ŋ raɣ／ng rag","アイヌ語：余吾
＝「テュ・アク・キル・アク(tu-ak-kir-ak)」＝「峰の・弟（のように小さいもの）・山脚の・弟」
or「リ・アク・キル・アク(ri-ak-kir-ak)」＝「高い・弟（のように小さいもの）・山脚の・弟」","jomon2_bnum16.html"
"并州","上党郡","銅鞮県","前漢","山西省長治市沁県","太行山脈西側の盆地","上古音：「銅」dʰ uŋ／d ɔŋ／dʰ ûŋ／d ewŋ／d ung
上古音：「鞮」t ieɡ／- -／t ieɡ／t eɣ／t ig","アイヌ語：銅鞮＝「テュン・テュ・アク(tun-tu-ak)」＝「間の・峰の・弟（のように小さいもの）」","jomon2_bnum16.html"
"并州","上党郡","沾県","前漢","山西省晋中市昔陽県","太行山脈中部の山塊、小さな盆地","上古音：「沾」t i̯am／t ǐam／t jɐm／t iam／t rjam
上古音：「沾」- -／- -／tʰ iɐm／tʰ eam／th iam","アイヌ語：沾＝「テュ・アム(tu-am)」＝「峰の・爪（のように平べったく鋭いもの）」","jomon2_bnum16.html"
"并州","上党郡","涅氏県","前漢","山西省長治市武郷県北西部","太行山脈西側の盆地、丘陵","上古音：「涅」n iet／n iet／n iet／n et／n it
上古音：「氏」ȡ i̯ĕɡ／ȶ ǐe／j jeɡ／d jieɣ／g rjigx","アイヌ語：涅氏＝「ニ・アッ・テュ・アク(ni-at-tu-ak)」＝「棒（のように細い峰）が・たくさんある・峰の・弟（のように小さいもの）」","jomon2_bnum16.html"
"并州","上党郡","襄垣県","前漢","山西省長治市襄垣県","太行山脈西側の盆地。丘陵。山裾。","上古音：「襄」sn i̯aŋ／s ǐaŋ／s jaŋ／s jaŋ／sn jang
上古音：「垣」ɡ i̯wăn／ɣ ǐwan／ɣ juăn／ɣ jwan／gw jan","アイヌ語：襄垣＝「シル・アゥ・ウン・キル・アゥ・ウン(sir-aw-un-kir-aw-un)」＝「山の・角、枝分かれ・にある（ところ）・峰の・角、枝分かれ・にある（ところ）」","jomon2_bnum16.html"
"并州","上党郡","壷関県","前漢","山西省長治市壷関県","太行山脈西側の盆地、丘陵、山裾","上古音：「壺」ɡʰ o／ɣ a／ɣ uɑɡ／ɡ waɣ／gw ag
上古音：「關」k wan／k oan／k uan／k rwan／kw ran","アイヌ語：壷関＝「ク・アク・ク・アゥ・ウン(ku-ak-ku-aw-un)」＝「矢の（ように鋭い峰の）・弟（のように小さいもの）or射る（ようなところ）・矢の・角、枝分かれ・にある（ところ）」
※アイヌ語「ク＝弓」。中国大陸、朝鮮半島では「ク＝矢」の可能性。サハリン、シベリアのニヴフ（ギリヤーク）語も「ク＝矢」。","jomon2_bnum16.html"
"并州","上党郡","泫氏県","前漢","山西省晋城市高平市","太行山脈西側の盆地、丘陵、山裾","上古音：「泫」ɡʰ iwen／ɣ iwen／ɣ iuen／ɡ wen／gw inx
上古音：「氏」ȡ i̯ĕɡ／ȶ ǐe／j jeɡ／d jieɣ／g rjigx","アイヌ語：泫氏＝「キル・エ・エン・テュ・アク(kir-e-en-tu-ak)」＝「山脚が・そこで・突き出ている・峰の・弟（のように小さいもの）」","jomon2_bnum16.html"
"并州","上党郡","高都県","前漢","山西省晋城市沢州県","太行山脈西側の盆地、丘陵、山裾","上古音：「高」k oɡ／k au／k ɔ̂ɡ／k aw／k agw
上古音：「都」t o／t a／t ɑɡ／t aɣ／t ag","アイヌ語：高都＝「ク・アク・タク(ku-ak-tak)」＝「矢の（ように鋭い峰の）・弟の（ように小さいものの）or射る・石」
※アイヌ語「ク＝弓」。中国大陸、朝鮮半島では「ク＝矢」の可能性。サハリン、シベリアのニヴフ（ギリヤーク）語も「ク＝矢」。","jomon2_bnum16.html"
"并州","上党郡","潞県","前漢","山西省長治市黎城県黎侯鎮","太行山脈の中の小さな盆地、山裾","上古音：「潞」ɡl ɑɡ／l a／l ɑɡ／l aɣ／gl agh","アイヌ語：潞＝「ル・アク(ru-ak)」＝「消えかかった・弟（のように小さい峰）」","jomon2_bnum16.html"
"并州","上党郡","猗氏県","前漢","山西省運城市臨猗県東部","太行山脈西方の盆地、黄河東岸","上古音：「猗」ʔ ia, ʔ ɑ／0 ǐai／ʔ ja／ʔ ia／· jarx
上古音：「氏」ȡ i̯ĕɡ／ȶ ǐe／j jeɡ／d jieɣ／g rjigx","アイヌ語：猗氏＝「イ・アゥ・テュ・アク(i-aw-tu-ak)」＝「その・角、枝分かれの・峰の・弟（のように小さい峰）」","jomon2_bnum16.html"
"并州","上党郡","陽阿県","前漢","山西省晋城市陽城県北西部","太行山脈南端の山塊、山裾の丘陵","上古音：「陽」d i̯aŋ／ʎ ǐaŋ／d jaŋ／r iaŋ／r ang
上古音：「阿」ʔ ɑ／0 ai／ʔ ɑ／ʔ a／· ar","アイヌ語：陽阿
＝「テュ・アゥ・ウン・アゥ(tu-aw-un-aw)」＝「峰の・角、枝分かれ・にある・（川の）角、枝分かれ」
or「リ・アゥ・ウン・アゥ(ri-aw-un-aw)」＝「高い・角、枝分かれ・にある・（川の）角、枝分かれ」","jomon2_bnum16.html"
"并州","上党郡","穀遠県","前漢","山西省長治市沁源県","太行山脈西方の山塊、谷、丘陵。","上古音：「穀」k uk／k ɔk／k ûk／k ewk／k uk
上古音：「遠」ɡ i̯wăn／ɣ ǐwan／ɣ juăn／ɣ jwan／gw janx","アイヌ語：穀遠＝「ク・ク・キル・アゥ・ウン(ku-ku-kir-aw-un)」＝「矢の（ように鋭い）・矢の・山脚の・角、枝分かれ・にある（ところ）」 ※たくさんの枝分かれた鋭い山脚。
※アイヌ語「ク＝弓」。中国大陸、朝鮮半島では「ク＝矢」の可能性。サハリン、シベリアのニヴフ（ギリヤーク）語も「ク＝矢」。","jomon2_bnum16.html"
"并州","太原郡","晋陽県","後漢","山西省太原市晋源区","山西高原の麓、太原盆地北端、山裾、汾河が北から南へ貫流","上古音：「晉」ts i̯ĕn／ts ǐen／ts jen／ts jien／ts jinh
上古音：「陽」d i̯aŋ／ʎ ǐaŋ／d jaŋ／r iaŋ／r ang","アイヌ語：晋陽
＝「テュ・エ・エン・テュ・アゥ・ウン(tu-e-en-tu-aw-un)」＝「峰が・そこで・突き出ている・峰の・角、枝分かれ・にある（ところ）」
or「テュ・エ・エン・リ・アゥ・ウン(tu-e-en-ri-aw-un)」＝「峰が・そこで・突き出ている・高い・角、枝分かれ・にある（ところ）」","jomon2_bnum16.html"
"并州","太原郡","界休県","前漢","山西省介休市南東部","太行山脈西側、黄土高原東部、太原盆地南端、山裾、汾河沿岸、原始宗教の巣窟","上古音：「界」k ăd／k eat／k æd／k riar／k riadh
上古音：「休」x  -／h ǐu／x jŏɡ／x jəw／h jəgw","アイヌ語：界休＝「クル・アッ・シル・アク(kur-at-sir-ak)」＝「神が・たくさんいる・山の・弟（のように小さいもの）」","jomon2_bnum16.html"
"并州","太原郡","鄔県","前漢","山西省介休市北東部","太行山脈西側、黄土高原東部、太原盆地南端、山裾、汾河沿岸","上古音：「鄔」- -／0 a／ʔ jaɡ／ʔ jaɣ／· jagh","アイヌ語：鄔＝「イ・アク(i-ak)」＝「その・弟（のように小さい峰）」","jomon2_bnum16.html"
"并州","太原郡","茲氏県","前漢","山西省呂梁市汾陽市","山西高原、太原盆地南端、山裾。汾河沿岸。","上古音：「茲」- -／dz ǐə／dzʰ jəɡ／dz jiəɣ／dz jəg
上古音：「氏」ȡ i̯ĕɡ／ȶ ǐe／j jeɡ／d jieɣ／g rjigx","アイヌ語：茲氏＝「テュ・アク・テュ・アク(tu-ak-tu-ak)」＝「峰の・弟（のように小さいもの）・峰の・弟」※たくさんの小さな峰。","jomon2_bnum16.html"
"并州","太原郡","於離県","前漢","山西省呂梁市離石区","山西高原、太原盆地西方、黄河支流北川河の谷、黄土高原山塊","上古音：「於」ʔ o／0 ǐa／ʔ ɑɡ／ʔ aɣ／· ag
上古音：「離」l ia／l ǐai／l ja／l ia／l jiarh","アイヌ語：於離＝「イ・アク・リ・アゥ(i-ak-ri-aw)」＝「その・弟（のように小さいもの）・高い・角、枝分かれ」","jomon2_bnum16.html"
"并州","太原郡","榆次県","前漢","山西省晋中市楡次区","太行山脈西側、太原盆地北部、山裾","上古音：「榆」d i̯u／ʎ ǐwɔ／d juɡ／r iew／r ug
上古音：「次」tsʰ i̯ər／tsʰ ǐei／tsʰ jed／tsʰ jier／tsh jidh","アイヌ語：楡次＝「テュク・テュ・アッ(tuk-tu-at)」＝「小山の・峰が・たくさんある（ところ）」","jomon2_bnum16.html"
"并州","太原郡","葰人県","前漢","山西省忻州市繁峙県","太行山脈西側、山西高原、太原盆地北方の盆地、滹沱河の源流","上古音：「葰」ʂwa,suɑ／ʃwa,suɑn／ʃwa,suɑ／ʃiua,suɑ／srwa,sua
上古音：「人」ȵ i̯ĕn／ȵ ǐen／ȵ jen／n jien／n jin","アイヌ語：葰人＝「シル・アゥ・ウン・ニ・エ・エン(sir-aw-un-ni-e-en)」＝「山の・角、枝分かれ・にある・棒（のように細長い峰）が・そこで・突き出ている（ところ）」","jomon2_bnum16.html"
"并州","太原郡","祁県","前漢","山西省晋中市祁県","太行山脈西側、太原盆地南東部の山裾、汾河沿岸","上古音：「祁」ɡʰ i̯ær／g ǐei／ɡʰ jed／ɡ ier／g jid","アイヌ語：祁＝「キル・アッ(kir-at)」＝「山脚が・たくさんある（ところ）」","jomon2_bnum16.html"
"并州","太原郡","盂県","前漢","山西省陽泉市盂県","太行山脈西側、太原盆地北東部の小さな盆地、山塊","上古音：「盂」ɡ i̯wo／ɣ ǐwa／ɣ juaɡ／ɣ jwaɣ／gw jag","アイヌ語：盂＝「キル・アク(kir-ak)」＝「山脚の・弟（のように小さいもの）」","jomon2_bnum16.html"
"并州","太原郡","広武県","前漢","山西省忻州市代県","太行山脈西側、山西高原、太原盆地北方の盆地、滹沱河沿岸、谷","上古音：「廣」k wɑŋ／k uaŋ／k uɑŋ／k waŋ／kw angx
上古音：「武」m i̯wo／m ǐwa／m juaɡ／m jwaɣ／m jagx","アイヌ語：広武＝「ク・アゥ・ウン・ムィ・アク(ku-aw-un-muy-ak)」＝「矢の（ように鋭い峰の）・角、枝分かれ・にある・頂の・弟（のように小さいもの）」
※アイヌ語「ク＝弓」。中国大陸、朝鮮半島では「ク＝矢」の可能性。サハリン、シベリアのニヴフ（ギリヤーク）語も「ク＝矢」。","jomon2_bnum16.html"
"并州","太原郡","原平県","前漢","山西省忻州市原平市","太行山脈西側、山西高原、太原盆地北方の盆地、滹沱河沿岸、谷。","上古音：「原」ŋ i̯wăn／ŋ ǐwan／ŋ juăn／ŋ jwan／ngw jan
上古音：「平」bʰ i̯ĕŋ／b ǐeŋ／bʰ jĕŋ／b ieŋ／b jing","アイヌ語：原平＝「キル・アゥ・ウン・ピ・エ・エン(kir-aw-un-pi-e-en)」＝「山脚の・角、枝分かれ・にある・石が・そこで・突き出ている（ところ）」","jomon2_bnum16.html"
"并州","太原郡","慮虒県","前漢","山西省忻州市五台県","太行山脈西側、山西高原、太原盆地北方の盆地、山塊、山裾。滹沱河沿岸、谷","上古音：「慮」l i̯o／l ǐa／l jaɡ／l iaɣ／l jagh
上古音：「虒」s i̯ĕɡ／- -／s jeɡ／s jieɣ／st jig","アイヌ語：慮虒＝「リ・アク・シル・アク(ri-ak-sir-ak)」＝「高い・角、枝分かれ・山の・角、枝分かれ」","jomon2_bnum16.html"
"并州","太原郡","陽曲県","前漢","山西省太原市陽曲県","太行山脈西側、山西高原、太原盆地最北端の山塊、盆地。","上古音：「陽」d i̯aŋ／ʎ ǐaŋ／d jaŋ／r iaŋ／r ang
上古音：「曲」kʰ i̯uk／kʰ ǐwɔk／kʰ juk／kʰ jewk／kh juk","アイヌ語：陽曲
＝「テュ・アゥ・ウン・キル・ク(tu-aw-un-kir-ku)」＝「峰の・角、枝分かれ・にある・山脚の・矢（のように鋭いもの）」
or「リ・アゥ・ウン・キル・ク(ri-aw-un-kir-ku)」＝「高い・角、枝分かれ・にある・山脚の・矢（のように鋭いもの）」
※アイヌ語「ク＝弓」。中国大陸、朝鮮半島では「ク＝矢」の可能性。サハリン、シベリアのニヴフ（ギリヤーク）語も「ク＝矢」。","jomon2_bnum16.html"
"并州","太原郡","汾陽県","前漢","山西省忻州市静楽県","太原盆地北西、山西高原の山塊、汾河の谷","上古音：「汾」 b ǐwən／bʰ juə̆n／b jwən／b jən
上古音：「陽」d i̯aŋ／ʎ ǐaŋ／d jaŋ／r iaŋ／r ang","アイヌ語：汾陽
＝「ピル・アゥ・ウン・テュ・アゥ・ウン(pir-aw-un-tu-aw-un)」＝「傷の（ように切り刻まれた）・角、枝分かれ・にある（ところ）・峰の・角、枝分かれ・にある（ところ）」
or「ピル・アゥ・ウン・リ・アゥ・ウン(pir-aw-un-ri-aw-un)」＝「傷の（ように切り刻まれた）・角、枝分かれ・にある（ところ）・高い・角、枝分かれ・にある（ところ）」","jomon2_bnum16.html"
"并州","太原郡","狼孟県","前漢","山西省太原市陽曲県","太行山脈西側、山西高原、太原盆地最北端の山塊、盆地","上古音：「狼」l ɑŋ／l aŋ／l ɑŋ ／l aŋ／l ang
上古音：「孟」m ăŋ／m eaŋ／m uăŋ／m rwaŋ／m rangh","アイヌ語：狼孟＝「ル・アゥ・ウン・ム・アゥ・ウン(ru-aw-un-mu-aw-un)」＝「（峰の）消えかかった・角、枝分かれ・にある・ふさがった・角、枝分かれ・にある（ところ）」","jomon2_bnum16.html"
"并州","太原郡","上艾県","前漢","山西省陽泉市平定県","太行山脈西側、太原盆地北東部の谷、山塊。","上古音：「上」ȡ i̯aŋ／ʑ ǐaŋ／ʑ jaŋ／d jaŋ d jangh
上古音：「艾」ŋ i̯ăd／ŋ ǐat／ŋ jăd／ŋ jar／ng jadh","アイヌ語：上艾
＝「テュ・アゥ・ウン・ニ・アッ(tu-aw-un-ni-at)」＝「峰の・角、枝分かれ・にある・棒（のように細長い峰）が・たくさんある（ところ）」
or「チゥ・アゥ・ウン・ニ・アッ(ciw-aw-un-ni-at)」＝「水流、水脈の・角、枝分かれ・にある・棒（のように細長い峰）が・たくさんある（ところ）」","jomon2_bnum16.html"
"并州","太原郡","陽邑県","前漢","山西省晋中市太谷区","太行山脈西側、太原盆地中東部、山塊、山裾","上古音：「陽」d i̯aŋ／ʎ ǐaŋ／d jaŋ／r iaŋ／r ang
上古音：「邑」ʔ i̯əp／0 ǐəp／ʔ jəp／ʔ iəp／· jəp","アイヌ語：陽邑
＝「テュ・アゥ・ウン・イ・アプ(tu-aw-un-i-ap)」＝「峰の・角、枝分かれ・にある・その・釣り針（のように曲がったもの）」
or「リ・アゥ・ウン・イ・アプ(ri-aw-un-i-ap)」＝「高い・角、枝分かれ・にある・その・釣り針（のように曲がったもの）」","jomon2_bnum16.html"
"并州","太原郡","大陵県","前漢","山西省呂梁市文水県北東部","山西高原、太原盆地中西部、山塊、山裾","上古音：「大」tʰ ɑd, dʰ ɑd／d at／dʰ ɑd／d ar／d adh
上古音：「陵」l i̯əŋ／l ǐəŋ／l jəŋ／l iəŋ／l jəng","アイヌ語：大陵＝「テュ・アッ・リ・アゥ・ウン(tu-at-ri-aw-un)」＝「峰が・たくさんある・高い・角、枝分かれ・にある（ところ）」","jomon2_bnum16.html"
"并州","太原郡","平陶県","前漢","山西省晋中市平遥県","太行山脈西側、太原盆地南東部の山裾、汾河沿岸","上古音：「平」bʰ i̯ĕŋ／b ǐeŋ／bʰ jĕŋ／b ieŋ／b jing
上古音：「陶」d -／ʎ ǐu／- -／- -／r iaw
上古音：「陶」dʰ -／d u／dʰ ôɡ／d əw／d əgw","アイヌ語：平陶＝「ピ・エ・エン・テュ・アク(pi-e-en-tu-ak)」＝「石が・そこで・突き出ている・峰の・弟（のように小さいもの）」","jomon2_bnum16.html"
"并州","太原郡","中都県","後漢","山西省晋中市平遥県","太行山脈西側、太原盆地南東部の山裾、汾河沿岸","上古音：「中」t -／t ǐuŋ／t joŋ／t iəwŋ／t rjəngw
上古音：「都」t o／t a／t ɑɡ／t aɣ／t ag","アイヌ語：中都＝「テュ・アゥ・ウン・タク(tu-aw-un-tak)」＝「峰の・角、枝分かれ・にある・石」","jomon2_bnum16.html"
"并州","太原郡","京陵県","前漢","山西省晋中市平遥県","太行山脈西側、太原盆地南東部の山裾、汾河沿岸","上古音：「京」k li̯ăŋ／k iaŋ／k jăŋ／k iaŋ／kl jiang
上古音：「陵」l i̯əŋ／l ǐəŋ／l jəŋ／l iəŋ／l jəng","アイヌ語：京陵＝「キル・アゥ・ウン・リ・アゥ・ウン(kir-aw-un-ri-aw-un)」＝「山脚の・角、枝分かれ・にある（ところ）・高い・角、枝分かれ・にある（ところ）」","jomon2_bnum16.html"
"并州","上郡","陽周県","前漢","陝西省延安市子長市","黄土高原の山塊、谷","上古音：「陽」d i̯aŋ／ʎ ǐaŋ／d jaŋ／r iaŋ／r ang
上古音：「周」ȶ ／ȶ ǐu／ȶ jŏɡ／t jəw／t jəgw","アイヌ語：陽周
＝「テュ・アゥ・ウン・テュ・アク(tu-aw-un-tu-ak)」＝「峰の・角、枝分かれ・にある・峰の・弟（のように小さいもの）」
or「リ・アゥ・ウン・テュ・アク(ri-aw-un-tu-ak)」＝「高い・角、枝分かれ・にある・峰の・弟（のように小さいもの）」","jomon2_bnum16.html"
"并州","上郡","高奴県","前漢","陝西省延安市子北東部","黄土高原の山塊、谷、秀延河北岸","上古音：「高」k oɡ／k au／k ɔ̂ɡ／k aw／k agw
上古音：「奴」n o／n a／n ɑɡ／n aɣ／n ag","アイヌ語：高奴＝「ク・アク・ニ・アク(ku-ak-ni-ak)」＝「矢の（ように鋭い）・弟（のように小さい峰）・棒の（ように細長い）・弟」
※アイヌ語「ク＝弓」。中国大陸、朝鮮半島では「ク＝矢」の可能性。サハリン、シベリアのニヴフ（ギリヤーク）語も「ク＝矢」。","jomon2_bnum16.html"
"并州","上郡","膚施県","前漢","陝西省延安市宝塔区","黄土高原の山塊、谷","上古音：「膚」pl i̯wo／p ǐwa／- -／p jwaɣ／- -
上古音：「施」d ia／- -／d ja／r iavr arh
上古音：「施」ɕ ia／ɕ ǐai／ɕ ja／stʰ jia／sth jarh","アイヌ語：膚施＝「ピル・アク・シル・アゥ(pir-ak-sir-aw)」＝「傷の（ように切り刻まれた）・弟の（ように小さい）・山の・角、枝分かれ」","jomon2_bnum16.html"
"并州","上郡","独楽県","前漢","甘粛省慶陽市正寧県楡林子鎮楽興村","西安、渭水盆地北方、黄土高原の山塊、谷","上古音：「獨」dʰ uk／d ɔk／dʰ ûk／d ewk／d uk
上古音：「樂」ŋl ŏk／ŋ eauk／ŋ ɔk／ŋ rawk／ng rakw
上古音：「樂」ɡl ɔk／l auk／l ɔ̂k2／l awk／ngl akw","アイヌ語：独楽
＝「テュク・キル・アク(tuk-kir-ak)」＝「小山の・山脚の・弟（のように小さいもの）」
or「テュク・ル・アク(tuk-ru-ak)」＝「小山の・消えかかった・弟（のように小さい峰）」","jomon2_bnum16.html"
"并州","上郡","襄洛県","前漢","甘粛省慶陽市寧県","西安、渭水盆地北方、黄土高原の山塊","上古音：「襄」sn i̯aŋ／s ǐaŋ／s jaŋ／s jaŋ／sn jang
上古音：「洛」ɡl ɑk／l ak／l ɑk／l ak／gl ak","アイヌ語：襄洛
＝「シル・アゥ・ウン・キル・アク(sir-aw-un-kir-ak)」＝「山の・角、枝分かれ・にある・山脚の・弟（のように小さいもの）」
or「シル・アゥ・ウン・ル・アク(sir-aw-un-ru-ak)」＝「山の・角、枝分かれ・にある・消えかかった・弟（のように小さい峰）」","jomon2_bnum16.html"
"并州","上郡","浅水県","前漢","陝西省咸陽市長武県浅水村","西安、渭水盆地北方、黄土高原の山塊、谷","上古音：「淺」tsʰ i̯an／tsʰ ǐan／tsʰ jæn／tsʰ jian／tsh jan
上古音：「水」ɕ i̯wər／ɕ ǐwei／ç jued／stʰ jiwer／h rjidx","アイヌ語：浅水＝「テュ・アゥ・ウン・シル・アッ(tu-aw-un-sir-at)」＝「峰の・角、枝分かれ・にある・山が・たくさんある（ところ）」","jomon2_bnum16.html"
"并州","上郡","白土県","前漢","陝西省楡林市神木市神木県","太原盆地北西方、黄土高原の山塊、黄河西岸、内モンゴル自治区境界","上古音：「白」bʰ ăk／b eak／bʰ uăk／b rwak／b rak
上古音：「土」tʰ o／tʰ a／tʰ ɑɡ／tʰ aɣ／th agx
上古音：「土」dʰ o／- -／- -／d aɣ／- -","アイヌ語：白土＝「プ・アク・テュ・アク(pu-ak-tu-ak)」＝「倉の（屋根のような三角山の）・弟（のように小さいもの）・峰の・弟」","jomon2_bnum16.html"
"并州","上郡","漆垣県","前漢","陝西省銅川市西北部","西安、渭水盆地北方、黄土高原の山塊","上古音：「漆」tsʰ i̯ĕt／tsʰ ǐet／tsʰ jet／tsʰ jiet／tsh jit
上古音：「垣」ɡ i̯wăn／ɣ ǐwan／ɣ juăn／ɣ jwan／gw jan","アイヌ語：漆垣＝「テュ・アッ・キル・アゥ・ウン(tu-at-kir-aw-un)」＝「峰が・たくさんある・山脚の・角、枝分かれ・にある（ところ）」","jomon2_bnum16.html"
"并州","上郡","奢延県","前漢","陝西省楡林市靖辺県の西北","西安、太原盆地西方、黄土高原の山塊、内モンゴル自治区境界","上古音：「奢」ɕ i̯ɔ／ɕ ia／ɕ jăɡ／stʰ jiaɣ／sth jiag
上古音：「延」d i̯an／ʎ ǐan／d jæn／r ian／r anh","アイヌ語：奢延＝「シル・アク・テュ・アゥ・ウン(sir-ak-tu-aw-un)」＝「山の・弟の（ように小さい）・峰の・角、枝分かれ・にある（ところ）」","jomon2_bnum16.html"
"并州","上郡","雕陰県","前漢","陕西省延安富県","西安、渭水盆地北方、黄土高原の山塊、谷","上古音：「雕」t -／t iu／t ioɡ／t eəw／t iəgw
上古音：「陰」ʔ i̯əm／0 ǐəm／ʔ jəm／ʔ iəm／· jəm","アイヌ語：雕陰＝「シル・アク・イ・アム(sir-ak-i-am)」＝「山の・弟の（ように小さい）・その・爪（のように平べったく鋭い峰）」","jomon2_bnum16.html"
"并州","上郡","楨林県","前漢","内モンゴル自治区オルドス市ジュンガル旗","内モンゴル自治区、オルドス高原","上古音：「楨」t i̯ĕŋ／t ǐeŋ／t jeŋ／t ieŋ／t rjing
上古音：「林」ɡl i̯əm／l ǐəm／l jəm／l iəm／gl jəm","アイヌ語：楨林＝「テュ・エ・エン・リ・アム(tu-e-en-ri-am)」＝「峰が・そこで・突き出ている・高い・爪（のように平べったく鋭いもの）」","jomon2_bnum16.html"
"并州","上郡","亀茲県","前漢","陕西省榆林市","西安、渭水盆地北方、黄土高原、山裾。黄河西岸。","上古音：「龜」k i̯wəɡ／k ǐwə／k juə̆ɡ／k jwəɣ／kw jəg
上古音：「茲」- -／dz ǐə／dzʰ jəɡ／dz jiəɣ／dz jəg","アイヌ語：亀茲＝「キル・アク・チゥ・アク(kir-ak-ciw-ak)」＝「山脚の・弟（のように小さいもの）・水流、水脈の・弟」","jomon2_bnum16.html"
"并州","上郡","定陽県","後漢","陝西省延安市宜川県","西安、渭水盆地北東方、黄土高原南端の山塊、谷、黄河東岸","上古音：「定」dʰ ieŋ／d ieŋ／dʰ ieŋ／d eŋ／d ingh
上古音：「定」t ieŋ／- -／- -／t eŋ／- -
上古音：「陽」d i̯aŋ／ʎ ǐaŋ／d jaŋ／r iaŋ／r ang","アイヌ語：定陽
＝「テュ・エ・エン・テュ・アゥ・ウン(tu-e-en-tu-aw-un)」＝「峰が・そこで・突き出ている・峰の・角、枝分かれ・にある（ところ）」
＝「テュ・エ・エン・リ・アゥ・ウン(tu-e-en-ri-aw-un)」＝「峰が・そこで・突き出ている・高い・角、枝分かれ・にある（ところ）」","jomon2_bnum16.html"
"并州","西河郡","富昌県","前漢","陝西省楡林市府谷県","太原盆地北西方、黄土高原の山塊、黄河西岸、内モンゴル自治区境界","上古音：「富」p i̯ŭɡ／p ǐwə／p juə̆ɡ／p jwəɣ／p jəgh
上古音：「昌」ȶʰ i̯aŋ／ȶʰ ǐaŋ／ȶʰ jaŋ／tʰ jaŋ／th jang","アイヌ語：富昌＝「ピル・アク・テュ・アゥ・ウン(pir-ak-tu-aw-un)」＝「傷の（ように切り刻まれた）・弟の（ように小さい）・峰の・角、枝分かれ・にある（ところ）」","jomon2_bnum16.html"
"并州","西河郡","平定県","前漢","内モンゴル自治区オルドス市ジュンガル旗ナリソン鎮周辺","内モンゴル自治区、オルドス高原","上古音：「平」bʰ i̯ĕŋ／b ǐeŋ／bʰ jĕŋ／b ieŋ／b jing
上古音：「定」dʰ ieŋ／d ieŋ／dʰ ieŋ／d eŋ／d ingh
上古音：「定」t ieŋ／- -／- -／t eŋ／- -","アイヌ語：平定＝「ピ・エ・エン・テュ・エ・エン(pi-e-en-tu-e-en)」＝「石が・そこで・突き出ている・峰が・そこで・突き出ている（ところ）」","jomon2_bnum16.html"
"并州","西河郡","美稷県","前漢","内モンゴル自治区オルドス市ジュンガル旗納林郷","内モンゴル自治区、オルドス高原","上古音：「美」m i̯ər／m ǐei／m jed／m ier／m jidx
上古音：「稷」ts i̯ək／ts ǐək／ts jək／ts jiək／ts jək","アイヌ語：美稷＝「ムィ・アッ・テュ・アク(muy-at-tu-ak)」＝「頂が・たくさんある・峰の・弟（のように小さいもの）」","jomon2_bnum16.html"
"并州","西河郡","中陽県","前漢","山西省呂梁市中陽県","太原盆地西部、山西高原の山塊、谷","上古音：「中」t -／t ǐuŋ／t joŋ／t iəwŋ／t rjəngw
上古音：「陽」d i̯aŋ／ʎ ǐaŋ／d jaŋ／r iaŋ／r ang","アイヌ語：中陽＝「テュ・アゥ・ウン・テュ・アゥ・ウン(tu-aw-un-tu-aw-un)」＝「峰の・角、枝分かれ・にある（ところ）・峰の・角、枝分かれ・にある（ところ）」※たくさんの峰の枝分かれ。","jomon2_bnum16.html"
"并州","西河郡","皋狼県","前漢","山西省呂梁市方山県南部","太原盆地西方、山西高原の山塊、谷","上古音：「皋」k -／k u／k ôɡ／k əw／k əgw
上古音：「狼」l ɑŋ／l aŋ／l ɑŋ／l aŋ／l ang","アイヌ語：皋狼＝「ク・アク・ル・アゥ・ウン(ku-ak-ru-aw-un)」＝「矢の（ように鋭い峰の）・弟の（ように小さい）・消えかかった・角、枝分かれ・にある（ところ）」
※アイヌ語「ク＝弓」。中国大陸、朝鮮半島では「ク＝矢」の可能性。サハリン、シベリアのニヴフ（ギリヤーク）語も「ク＝矢」。","jomon2_bnum16.html"
"并州","西河郡","圜陰県","前漢","陕西省榆林市榆陽区","太原盆地西方、黄土高原の山塊、谷","上古音：「圜」ɡ i̯wan／ɣ oan／ɣ juan／ɣ iwan／ gw jan
上古音：「陰」ʔ i̯əm／0 ǐəm／ʔ jəm／ʔ iəm／· jəm","アイヌ語：圜陰＝「キル・アゥ・ウン・イ・アム(kir-aw-un-i-am)」＝「山脚の・角、枝分かれ・にある・その・爪（のように平べったく鋭いもの）」","jomon2_bnum16.html"
"并州","西河郡","益蘭県","前漢","山西省呂梁市嵐県","太原盆地西北方、山西高原の盆地、谷","上古音：「益」ʔ i̯ĕk／0 ǐek／ʔ jek／ʔ jiek／· jik
上古音：「蘭」ɡl ɑn／l an／l ɑn／l an／gl an","アイヌ語：益蘭＝「イ・アク・ル・アゥ・ウン(i-ak-ru-aw-un)」＝「その・弟（のように小さい峰）が・消えかかった・角、枝分かれ・にある（ところ）」","jomon2_bnum16.html"
"并州","西河郡","平周県","前漢","山西省呂梁市孝義市","太原盆地最南端、山西高原の山裾","上古音：「平」bʰ i̯ĕŋ／b ǐeŋ／bʰ jĕŋ／b ieŋ／b jing
上古音：「周」ȶ ／ȶ ǐu／ȶ jŏɡ／t jəw／t jəgw","アイヌ語：平周＝「ピ・エ・エン・テュ・アク(pi-e-en-tu-ak)」＝「石が・そこで・突き出ている・峰の・弟（のように小さいもの）」","jomon2_bnum16.html"
"并州","西河郡","藺県","前漢","山西省呂梁市柳林県北西部","山西高原、太原盆地西方、黄河晋陜大峡谷東岸、谷、山塊","上古音：「藺」- -／l ǐen／l jen／l ien／l jinh","アイヌ語：藺＝「リ・エン(ri-en)」＝「高く・突き出ている・ところ」","jomon2_bnum16.html"
"并州","西河郡","宣武県","前漢","山西省太原市陽曲県","太行山脈西側、山西高原、太原盆地最北端の山塊、盆地。","上古音：「宣」s i̯wan／s ǐwan／s juæn／s jiwan／skw jan
上古音：「武」m i̯wo／m ǐwa／m juaɡ／m jwaɣ／m jagx","アイヌ語：宣武＝「シル・アゥ・ウン・ムィ・アク(sir-aw-un-muy-ak)」＝「山の・角、枝分かれ・にある・頂の・弟（のように小さいもの）」","jomon2_bnum16.html"
"并州","西河郡","千章県","前漢","山西省呂梁市興県","山西高原、太原盆地西方、黄河晋陜大峡谷東岸、谷、山塊","上古音：「千」tsʰ ien／sʰ ien／tsʰ ien／tsʰ en／tsh in
上古音：「章」ȶ i̯aŋ／ȶ ǐaŋ／ȶ jaŋ／t jaŋ／t jang","アイヌ語：千章＝「テュ・エ・エン・テュ・アゥ・ウン(tu-e-en-tu-aw-un)」＝「峰が・そこで・突き出ている・峰の・角、枝分かれ・にある（ところ）」","jomon2_bnum16.html"
"并州","西河郡","武庫県","前漢","山西省忻州市保徳県","太原盆地西北方、山西高原、黄河晋陜大峡谷東岸、谷、山塊","上古音：「武」m i̯wo／m ǐwa／m juaɡ／m jwaɣ／m jagx
上古音：「庫」kʰ o／kʰ a／kʰ ɑɡ／kʰ aɣ／kh agh","アイヌ語：武庫＝「ムィ・アク・ク・アク(muy-ak-ku-ak)」＝「頂の・弟（のように小さいもの）・矢の（ように鋭い）・弟or射る（ようなところ）」
※アイヌ語「ク＝弓」。中国大陸、朝鮮半島では「ク＝矢」の可能性。サハリン、シベリアのニヴフ（ギリヤーク）語も「ク＝矢」。","jomon2_bnum16.html"
"并州","西河郡","離石県","前漢","山西省呂梁市離石区","山西高原、太原盆地西方、黄河支流北川河の谷、黄土高原山塊","上古音：「離」l ia／l ǐai／l ja／l ia／l jiarh
上古音：「石」ȡ i̯ăk／ʑ iak／- -／d jiak／d jiak","アイヌ語：離石＝「リ・アゥ・テュ・アク(ri-aw-tu-ak)」＝「高い・角、え陀分かれの・峰の・弟（のように小さいもの）」","jomon2_bnum16.html"
"并州","西河郡","隰城県","前漢","山西省呂梁市柳林県","山西高原、太原盆地西方、黄河晋陜大峡谷と支流三川河の谷、山塊","上古音：「隰」dz i̯əp／z ǐəp／z jəp／r jiəp／r jəp
上古音：「城」ȡ i̯ĕŋ／ʑ ǐeŋ／ʑ jeŋ／d jieŋ／d jing","アイヌ語：隰城
＝「テュ・アプ・テュ・エ・エン(tu-ap-tu-e-en)」＝「峰の・釣り針（のように曲がった）・峰が・そこで・突き出ている（ところ）」
or「リ・アプ・テュ・エ・エン(ri-ap-tu-e-en)」＝「高い・釣り針（のように曲がった）・峰が・そこで・突き出ている（ところ）」","jomon2_bnum16.html"
"并州","西河郡","臨水県","前漢","山西省呂梁市臨県","山西高原、太原盆地西方、黄河晋陜大峡谷と支流の谷、山塊。","上古音：「臨」bl i̯əm／l ǐəm／l jəm／l iəm／bl jəmh
上古音：「水」ɕ i̯wər／ɕ ǐwei／ç jued／stʰ jiwer／h rjidx","アイヌ語：臨水＝「リ・アム・シル・アッ(ri-am-sir-at)」＝「高い・爪の（ように平べったく鋭い）・山が・たくさんある（ところ）」","jomon2_bnum16.html"
"并州","西河郡","土軍県","前漢","山西省呂梁市石楼県","山西高原、太原盆地西方、黄河晋陜大峡谷と支流の谷、山塊。","上古音：「土」tʰ o／tʰ a／tʰ ɑɡ／tʰ aɣ／th agx
上古音：「土」dʰ o／- -／- -／d aɣ／- -
上古音：「軍」k i̯wən／k ǐwən／- -／k jwən／- -","アイヌ語：土軍＝「テュ・アク・キル・アゥ・ウン(tu-ak-kir-aw-un)」＝「峰の・弟の（ように小さい）・山脚の・角、枝分かれ・にある（ところ）」","jomon2_bnum16.html"
"并州","西河郡","西都県","前漢","山西省呂梁市孝義市","太原盆地最南端、山西高原の山裾","上古音：「西」s iər／s iei／s ied／s er／s id
上古音：「都」t o／t a／t ɑɡ／t aɣ／t ag","アイヌ語：西都＝「シル・アッ・テュ・アク(sir-at-tu-ak)」＝「山が・たくさんある・峰の・弟（のように小さいもの）」","jomon2_bnum16.html"
"并州","西河郡","觬氏県","前漢","山西省呂梁市離石区","太原盆地西方、黄河支流北川河の谷、山西高原山塊","上古音：「觬」- -／- -／ŋ ieɡ／ŋ eɣ／ng ig
上古音：「氏」ȡ i̯ĕɡ／ȶ ǐe／j jeɡ／d jieɣ／g rjigx","アイヌ語：觬氏＝「キル・アク・テュ・アク(kir-ak-tu-ak)」＝「山脚の・弟（のように小さいもの）・峰の・弟」","jomon2_bnum16.html"
"并州","西河郡","平陸県","前漢","山西省運城市平陸県","黄河沿岸、洛陽と西安の中間の峰","上古音：「平」bʰ i̯ĕŋ／b ǐeŋ／bʰ jĕŋ／b ieŋ／b jing
上古音：「陸」l -／l ǐuk／l jok／l iəwk／l jəkw","アイヌ語：平陸＝「ピ・エ・エン・リ・アク(pi-e-en-ri-ak)」＝「石が・そこで・突き出ている・高い・弟（のように小さいもの）」","jomon2_bnum16.html"
"并州","西河郡","博陵県","前漢","陝西省楡林市府谷県","太原盆地北西方、黄土高原の山塊、黄河西岸、内モンゴル自治区境界","上古音：「博」p ɑk／p uak／p uɑk／p wak／p ak
上古音：「陵」l i̯əŋ／l ǐəŋ／l jəŋ／l iəŋ／l jəng","アイヌ語：博陵＝「プ・アク・リ・アゥ・ウン(pu-ak-ri-aw-un)」＝「倉の（屋根のような三角山の）・弟の（ように小さい）・高い・角、枝分かれ・にある（ところ）」","jomon2_bnum16.html"
"并州","西河郡","塩官県","前漢","陝西省楡林市靖辺県","太原盆地北西方、黄土高原の山塊。内モンゴル自治区境界。","上古音：「鹽」- -／ʎ ǐam／ɡ jam／ɣr iam／g rjam
上古音：「官」k wɑn／k uan／k uɑn／k wan／kw an
第百六十七回　中国漢代の県名（上古音）が示す！東夷、南蛮の言語はアイヌ語だった！～并州五原郡／雲中郡～","アイヌ語：塩官＝「キル・アム・ク・アゥ・ウン(kir-am-ku-aw-un)」＝「山脚の・爪（のように平べったく鋭い）・矢の（ように鋭い）・角、枝分かれ・にある（ところ）」
※アイヌ語「ク＝弓」。中国大陸、朝鮮半島では「ク＝矢」の可能性。サハリン、シベリアのニヴフ（ギリヤーク）語も「ク＝矢」。","jomon2_bnum16.html"
"并州","五原郡","九原県","前漢","内モンゴル自治区包頭市九原区","内モンゴル自治区、黄河北岸の陰山山脈のふもと","上古音：「九」k i̯ŭɡ／k ǐu／k jŏɡ／k jəw／k jəgwx
上古音：「原」ŋ i̯wăn／ŋ ǐwan／ŋ juăn／ŋ jwan／ngw jan","アイヌ語：九原＝「キル・アク・キル・アゥ・ウン(kir-ak-kir-aw-un)」＝「山脚の・弟（のように小さい）・山脚の・角、枝分かれ・にある（ところ）」","jomon2_bnum16.html"
"并州","五原郡","五原県","前漢","内モンゴル自治区包頭市ホンドロン区","内モンゴル自治区、黄河北岸の陰山山脈のふもと","上古音：「五」ŋ o／ŋ a／ŋ ɑɡ／ŋ aɣ／ng agx
上古音：「原」ŋ i̯wăn／ŋ ǐwan／ŋ juăn／ŋ jwan／ngw jan","アイヌ語：五原＝「キル・アク・キル・アゥ・ウン(kir-ak-kir-aw-un)」＝「山脚の・弟（のように小さい）・山脚の・角、枝分かれ・にある（ところ）」","jomon2_bnum16.html"
"并州","五原郡","河陰県","前漢","内モンゴル自治区オルドス市","内モンゴル自治区、オルドス高原","上古音：「河」ɡʰ ɑ／ɣ ai／ɣ ɑ／ɡ a／g ar
上古音：「陰」ʔ i̯əm／0 ǐəm／ʔ jəm／ʔ iəm／· jəm","アイヌ語：河陰＝「キル・アゥ・イ・アム(kir-aw-i-am)」＝「山脚の・角、枝分かれ・その・爪（のように平べったく鋭いもの）」","jomon2_bnum16.html"
"并州","五原郡","曼柏県","前漢","內モンゴル自治区ジュンガル旗西北","内モンゴル自治区、オルドス高原東部、黄河晋陜大峡谷最北端","上古音：「曼」m i̯wăn／m ǐwan／m juăn／m jwan／m janh
上古音：「柏」p ăk／p eak／p uăk／p rwak／p rak","アイヌ語：曼柏＝「ムィ・アゥ・ウン・プ・アク(muy-aw-un-pu-ak)」＝「頂の・角、枝分かれ・にある・倉の（屋根のような三角山の）・弟（のように小さいもの）」","jomon2_bnum16.html"
"并州","五原郡","成宜県","前漢","內モンゴル自治区ウラド旗","内モンゴル自治区、黄河北岸の陰山山脈のふもと。","上古音：「成」ȡ i̯ĕŋ／ʑ ǐeŋ／ʑ jeŋ／d jieŋ／d jing
上古音：「宜」ŋ ia／ŋ ǐai／ŋ ja／ŋ ia／ng jar","アイヌ語：成宜＝「テュ・エ・エン・キル・アゥ(tu-e-en-kir-aw)」＝「峰が・そこで・突き出ている・山脚の・角、枝分かれ」","jomon2_bnum16.html"
"并州","五原郡","稒陽県","前漢","內モンゴル自治区包頭市東部","内モンゴル自治区、黄河北岸の陰山山脈","上古音：「稒」k o／k a／k ɑɡ／k aɣ／k agh
上古音：「陽」d i̯aŋ／ʎ ǐaŋ／d jaŋ／r iaŋ／r ang","アイヌ語：稒陽＝「ク・アク・テュ・アゥ・ウン(ku-ak-tu-aw-un)」＝「矢の（ように鋭い峰の）・弟の（ように小さい）・峰の・角、枝分かれ・にある（ところ）」
※アイヌ語「ク＝弓」。中国大陸、朝鮮半島では「ク＝矢」の可能性。サハリン、シベリアのニヴフ（ギリヤーク）語も「ク＝矢」。","jomon2_bnum16.html"
"并州","雲中郡","雲中県","前漢","内モンゴル自治区フフホト市トクト県","内モンゴル自治区、黄河北岸、陰山山脈に囲まれた平地。黄河晋陜大峡谷最北端","上古音：「雲」ɡ i̯wən／ɣ ǐwən／ɣ juə̆n／ɣ jwən／gw jən
上古音：「中」t -／t ǐuŋ／t joŋ／t iəwŋ／t rjəngw","アイヌ語：雲中＝「キル・アゥ・ウン・テュ・アゥ・ウン(kir-aw-un-tu-aw-un)」＝「山脚の・角、枝分かれ・にある（ところ）・峰の・角、枝分かれ・にある（ところ）」","jomon2_bnum16.html"
"并州","雲中郡","咸陽県","前漢","内モンゴル自治区包頭市南部","内モンゴル自治区、黄河北岸の陰山山脈のふもとの岸","上古音：「咸」ɡʰ æm／ɣ eəm／ɣ əm／ɡ rəm／g rəm
上古音：「陽」d i̯aŋ／ʎ ǐaŋ／d jaŋ／r iaŋ／r ang","アイヌ語：咸陽＝「キル・アム・テュ・アゥ・ウン(kir-am-tu-aw-un)」＝「山脚の・爪（のように平べったく鋭い）・峰の・角、枝分かれ・にある（ところ）」","jomon2_bnum16.html"
"并州","雲中郡","陶林県","前漢","内モンゴル自治区フフホト市","内モンゴル自治区、黄河北岸、陰山山脈に囲まれた平地、黄河晋陜大峡谷最北端","上古音：「陶」d -／ʎ ǐu／- -／- -／r iaw
上古音：「陶」dʰ -／d u／dʰ ôɡ／d əw／d əgw
上古音：「林」ɡl i̯əm／l ǐəm／l jəm／l iəm／gl jəm","アイヌ語：陶林＝「テュ・アク・リ・アム(tu-ak-ri-am)」＝「峰の・弟の（ように小さい）・高い・爪（のように平べったく鋭いもの）」","jomon2_bnum16.html"
"并州","雲中郡","楨陵県","前漢","内モンゴル自治区清水河県西北黄河東岸","内モンゴル自治区、黄河東岸の山西高原の山塊、黄河晋陜大峡谷最北端","上古音：「楨」t i̯ĕŋ／t ǐeŋ／t jeŋ／t ieŋ／t rjing
上古音：「陵」l i̯əŋ／l ǐəŋ／l jəŋ／l iəŋ／l jəng","アイヌ語：楨陵＝「テュ・エ・エン・リ・アゥ・ウン(tu-e-en-ri-aw-un)」＝「峰が・そこで・突き出ている・高い・角、枝分かれ・にある（ところ）」","jomon2_bnum16.html"
"并州","雲中郡","沙南県","前漢","内モンゴル自治区ジュンガル旗十二連城郷","内モンゴル自治区、黄河南岸、オルドス高原","上古音：「沙」s a／ʃ eai／s a／s ra／s rar
上古音：「南」n əm／n əm／n ə̂m／n əm／n əm","アイヌ語：沙南＝「サ・ニ・アム(sa-ni-am)」＝「浜の・棒の（ように細長い）・爪（のように平べったく鋭いもの）」","jomon2_bnum16.html"
"并州","雲中郡","武泉県","前漢","内モンゴル自治区呼和浩特市新城区塔利村東北部","内モンゴル自治区、黄河北岸の陰山山脈のふもと","上古音：「武」m i̯wo／m ǐwa／m juaɡ／m jwaɣ／m jagx
上古音：「泉」dzʰ i̯wan／d ǐwan／dzʰ juæn／dz jiwan／dz juan","アイヌ語：武泉＝「ムィ・アク・テュ・アゥ・ウン(muy-ak-tu-aw-un)」＝「頂の・弟の（ように小さい）・峰の・角、枝分かれ・にある（ところ）」","jomon2_bnum16.html"
"并州","定襄郡","定襄県","前漢","山西省忻州市定襄県","太原盆地北方の小さな盆地。山裾。","上古音：「定」dʰ ieŋ／d ieŋ／dʰ ieŋ／d eŋ／d ingh
上古音：「定」t ieŋ／- -／- -／t eŋ／- -
上古音：「襄」sn i̯aŋ／s ǐaŋ／s jaŋ／s jaŋ／sn jang","アイヌ語：定襄＝「テュ・エ・エン・シル・アゥ・ウン(tu-e-en-sir-aw-un)」＝「峰が・そこで・突き出ている・山の・角、枝分かれ・にある（ところ）」","jomon2_bnum16.html"
"并州","定襄郡","成楽県","前漢","内モンゴル自治区フフホト市ホリンゴル県","内モンゴル自治区、黄河北東岸、山西高原の山塊、黄河晋陜大峡谷最北端","上古音：「成」ȡ i̯ĕŋ／ʑ ǐeŋ／ʑ jeŋ／d jieŋ／d jing
上古音：「樂」ŋl ŏk／ŋ eauk／ŋ ɔk／ŋ rawk／ng rakw
上古音：「樂」ɡl ɔk／l auk／l ɔ̂k2／l awk／ngl akw","アイヌ語：成楽
＝「テュ・エ・エン・キル・アク(tu-e-en-kir-ak)」＝「峰が・そこで・突き出ている・山脚の・弟（のように小さいもの）」
or「テュ・エ・エン・ル・アク(tu-e-en-ru-ak)」＝「峰が・そこで・突き出ている・消えかかった・弟（のように小さい峰）」","jomon2_bnum16.html"
"并州","定襄郡","桐過県","前漢","内モンゴル自治区フフホト市清水河県","内モンゴル自治区、黄河東岸の山塊、山西高原、黄河晋陜大峡谷最北端","上古音：「桐」dʰ uŋ／d ɔŋ／dʰ ûŋ／d ewŋ／d ung
上古音：「過」k wɑ／k uai／k uɑ／k wa／kw arh","アイヌ語：桐過＝「テュン・ク・アゥ(tun-ku-aw)」＝「山間の・矢の（ように鋭い）・角、枝分かれ」
※アイヌ語「ク＝弓」。中国大陸、朝鮮半島では「ク＝矢」の可能性。サハリン、シベリアのニヴフ（ギリヤーク）語も「ク＝矢」。","jomon2_bnum16.html"
"并州","定襄郡","武皋県","前漢","内モンゴル自治区フフホト市ホリンゴル県","内モンゴル自治区、黄河北東岸、山西高原の山塊。黄河晋陜大峡谷最北端。","上古音：「武」m i̯wo／m ǐwa／m juaɡ／m jwaɣ／m jagx
上古音：「皋」k -／k u／k ôɡ／k əw／k əgw","アイヌ語：武皋＝「ムィ・アク・ク・アク(muy-ak-ku-ak)」＝「頂の・弟の（ように小さい）・弓の（ように鋭い）・弟or射る（ようなところ）」
※アイヌ語「ク＝弓」。中国大陸、朝鮮半島では「ク＝矢」の可能性。サハリン、シベリアのニヴフ（ギリヤーク）語も「ク＝矢」。","jomon2_bnum16.html"
"并州","定襄郡","駱県","前漢","内モンゴル自治区フフホト市清水河県","内モンゴル自治区、黄河東岸、山西高原の山塊、黄河晋陜大峡谷最北端","上古音：「駱」ɡl ɑk／l ak／l ɑk／l ak／gl ak","アイヌ語：駱＝「ラケ(rake)」＝「低いところ」","jomon2_bnum16.html"
"并州","定襄郡","武要県","前漢","内モンゴル自治区ウランチャブ市卓資県","内モンゴル自治区、黄河北東岸の山西高原の山塊、黄河晋陜大峡谷のさらに北方の峰","上古音：「武」m i̯wo／m ǐwa／m juaɡ／m jwaɣ／m jagx
上古音：「要」ʔ i̯oɡ／0 ǐau／ʔ jɔɡ／ʔ jiaw／· jiagwh","アイヌ語：武要＝「ムィ・アク・イ・アク(muy-ak-i-ak)」＝「頂の・弟の（ように小さい）・その・弟」","jomon2_bnum16.html"
"并州","定襄郡","襄陰県","前漢","山西省忻州市原平市","太行山脈西部、山西高原、太原盆地北方の小さな盆地、山裾","上古音：「襄」sn i̯aŋ／s ǐaŋ／s jaŋ／s jaŋ／sn jang
上古音：「陰」ʔ i̯əm／0 ǐəm／ʔ jəm／ʔ iəm／· jəm
第百六十九回　中国漢代の県名（上古音）が示す！東夷、南蛮の言語はアイヌ語だった！～并州雁門郡／朔方郡～","アイヌ語：襄陰＝「シル・アゥ・ウン・イ・アム(sir-aw-un-i-am)」＝「山の・角、枝分かれ・にある・その・爪（のように平べったく鋭い峰）」","jomon2_bnum16.html"
"并州","雁門郡","善無県","前漢","山西省朔州市右玉県南部","内モンゴル自治区境界。黄河東方、山西高原の山塊、盆地。","上古音：「善」ȡ i̯an／ʑ ǐan／ʑ jæn／d jian／d janx
上古音：「無」m i̯wo／m ǐwa／m juaɡ／m jwaɣ／m jag","アイヌ語：善無＝「テュ・アゥ・ウン・ムィ・アク(tu-aw-un-muy-ak)」＝「峰の・角、枝分かれ・にある・頂の・弟（のように小さいもの）」","jomon2_bnum16.html"
"并州","雁門郡","繁畤県","前漢","山西省朔州市繁峙県","内モンゴル自治区境界近く、黄河東方、山西高原の盆地、山裾","上古音：「繁」bʰ wɑn／b ǐwan／ bʰ juăn／b wan／b jan
上古音：「畤」--／--／ȶ jəɡ／t jiəɣ／t jəgx
上古音：「畤」--／ʑ ǐə／ʑ jəɡ／d jiəɣ／d jəgx
上古音：「畤」dʰ i̯əɡ／d ǐə／--／--／--","アイヌ語：繁畤＝「ピル・アゥ・ウン・テュ・アク(pir-aw-un-tu-ak)」＝「傷の（ように切り刻まれた）・角、枝分かれ・にある・峰の・弟（のように小さいもの）」","jomon2_bnum16.html"
"并州","雁門郡","平城県","前漢","山西省大同市雲州区","ほぼ内モンゴル自治区境界、黄河東方、山西高原の盆地、谷、山裾","上古音：「平」bʰ i̯ĕŋ／b ǐeŋ／bʰ jĕŋ／b ieŋ／b jing
上古音：「城」ȡ i̯ĕŋ／ʑ ǐeŋ／ʑ jeŋ／d jieŋ／d jing","アイヌ語：平城＝「ピ・エ・エン・テュ・エ・エン(pi-e-en-tu-e-en)」＝「石が・そこで・突き出ている・峰が・そこで・突き出ている（ところ）」","jomon2_bnum16.html"
"并州","雁門郡","中陵県","前漢","山西省朔州市右玉県","内モンゴル自治区境界、黄河東方、山西高原の小さな盆地、山裾","上古音：「中」t -／t ǐuŋ／t joŋ／t iəwŋ／t rjəngw
上古音：「陵」l i̯əŋ／l ǐəŋ／l jəŋ／l iəŋ／l jəng","アイヌ語：中陵＝「テュン・リ・アゥ・ウン(tun-ri-aw-un)」＝「山間の・高い・角、枝分かれ・にある（ところ）」","jomon2_bnum16.html"
"并州","雁門郡","陰館県","前漢","山西省忻州市代県","太原盆地北方、山西高原、黄河東方の谷、山裾。","上古音：「陰」ʔ i̯əm／0 ǐəm／ʔ jəm／ʔ iəm／· jəm
上古音：「館」k wɑn／k uan／k uɑn／k wan／kw anh","アイヌ語：陰館＝「イ・アム・ク・アゥ・ウン(i-am-ku-aw-un)」＝「その・爪の（ように平べったく鋭い）・矢の（ように鋭い）・角、枝分かれ・にある（ところ）」
※アイヌ語「ク＝弓」。中国大陸、朝鮮半島では「ク＝矢」の可能性。サハリン、シベリアのニヴフ（ギリヤーク）語も「ク＝矢」。","jomon2_bnum16.html"
"并州","雁門郡","楼煩県","前漢","山西省忻州市原平市","太原盆地北方、山西高原、黄河東方の谷、山裾","上古音：「樓」ɡl u／l ɔ／l ûɡ／l ew／l ug
上古音：「煩」bʰ i̯wăn／b ǐwan／bʰ juăn／b jwan／b jan","アイヌ語：楼煩＝「ル・ク・ピル・アゥ・ウン(ru-ku-pir-aw-un)」＝「消えかかった・矢の（ように鋭い）・傷の（ように切り刻まれた）・角、枝分かれ・にある（ところ）」
※アイヌ語「ク＝弓」。中国大陸、朝鮮半島では「ク＝矢」の可能性。サハリン、シベリアのニヴフ（ギリヤーク）語も「ク＝矢」。","jomon2_bnum16.html"
"并州","雁門郡","武州県","前漢","山西省忻州市偏関県北東部","黄河晋陜大峡谷の谷、東岸、山西高原の山塊、谷","上古音：「武」m i̯wo／m ǐwa／m juaɡ／m jwaɣ／m jagx
上古音：「州」tɕ ／ȶ ǐ u／ȶ jŏ ɡ／t jəw／t jəgw","アイヌ語：武州＝「ムィ・アク・テュ・アク(muy-ak-tu-ak)」＝「頂の・弟（のように小さいもの）・峰の・弟」","jomon2_bnum16.html"
"并州","雁門郡","汪陶県","前漢","山西省朔州市応県西部","内モンゴル自治区境界近く、黄河東方、山西高原の盆地、山裾","上古音：「汪」ʔ wɑŋ／0 uaŋ／ʔ juaŋ／ʔ jwaŋ／·w jang
上古音：「陶」d -／ʎ ǐu／- -／- -／r iaw
上古音：「陶」dʰ -／d u／dʰ ôɡ／d əw／d əgw","アイヌ語：汪陶＝「ウ・アゥ・ウン・テュ・アク(u-aw-un-tu-ak)」＝「互いに重なるような・枝分かれ・にある・峰の・弟（のように小さいもの）」","jomon2_bnum16.html"
"并州","雁門郡","劇陽県","前漢","山西省朔州市応県北東部","内モンゴル自治区境界近く、黄河東方、山西高原の盆地、山裾。","上古音：「劇」ɡʰ i̯ăk／g iak／ɡʰ jăk／ɡ iak／g jiak
上古音：「陽」d i̯aŋ／ʎ ǐaŋ／d jaŋ／r iaŋ／r ang","アイヌ語：劇陽
＝「キル・アク・テュ・アゥ・ウン(kir-ak-tu-aw-un)」＝「山脚の・弟の（ように小さい）・峰の・角、枝分かれ・にある（ところ）」
or「キル・アク・リ・アゥ・ウン(kir-ak-ri-aw-un)」＝「山脚の・弟の（ように小さい）・高い・角、枝分かれ・にある（ところ）」","jomon2_bnum16.html"
"并州","雁門郡","崞県","前漢","山西省大同市渾源県","内モンゴル自治区境界近く、黄河東方、山西高原の盆地、谷、山裾","上古音：「崞」- -／k       uak／k   uɑk／k   wak／kw ak","アイヌ語：崞＝「ク・アク(ku-ak)」＝「矢の（ように鋭い）・弟（のように小さい峰）or射る（ようなところ）」
※アイヌ語「ク＝弓」。中国大陸、朝鮮半島では「ク＝矢」の可能性。サハリン、シベリアのニヴフ（ギリヤーク）語も「ク＝矢」。","jomon2_bnum16.html"
"并州","雁門郡","埒県","前漢","山西省忻州市寧武県","黄河東方、山西高原の谷、山塊","上古音：「埒」l i̯wat／l ǐwat／l juæt／l iwat／l juat","アイヌ語：埒＝「リ・アゥ・アッ(ri-aw-at)」＝「高い・角、枝分かれが・たくさんある（ところ）」","jomon2_bnum16.html"
"并州","雁門郡","馬邑県","前漢","山西省朔州市朔城区","内モンゴル自治区境界近く、黄河東方、山西高原の盆地、山裾","上古音：「馬」m ɔ／m ea／m uăɡ／m rwaɣ／m ragx
上古音：「邑」ʔ i̯əp／0 ǐəp／ʔ jəp／ʔ iəp／· jəp","アイヌ語：馬邑＝「ム・アク・イ・アプ(mu-ak-i-ap)」＝「ふさがっている・弟の（ように小さい盆地の）・その・釣り針（のように曲がった川）」","jomon2_bnum16.html"
"并州","朔方郡","朔方県","前漢","内モンゴル自治区鄂オルドス市ハンギン旗北部","オルドス地方北西の黄河南岸の乾燥地帯","上古音：「朔」s ɑk／ʃ eak／s ɑk／- -／s rak
上古音：「方」- -／- -／bʰ juaŋ／b jwaŋ／b jang
上古音：「方」p i̯waŋ／p ǐwaŋ／p juaŋ／p jwaŋ／p jang","アイヌ語：朔方＝「シル・アク・ピル・アゥ・ウン(sir-ak-pir-aw-un)」＝「山の・弟の（ように小さい）・傷の（ように切り刻まれた）・角、枝分かれ・にある（ところ）」","jomon2_bnum16.html"
"并州","朔方郡","臨河県","前漢","内モンゴル自治区バヤンノール市臨河区","内モンゴル自治区、オルドス地方北西の黄河西岸、低い峰裾","上古音：「臨」bl i̯əm／l ǐəm／l jəm／l iəm／bl jəmh
上古音：「河」ɡʰ ɑ／ɣ ai／ɣ ɑ／ɡ a／g ar","アイヌ語：臨河＝「リ・アム・キル・アゥ(ri-am-kir-aw)」＝「高い・爪の（ように平べったく鋭い）・山脚の・角、枝分かれ」","jomon2_bnum16.html"
"并州","朔方郡","三封県","前漢","内モンゴル自治区バヤンノール市磴口県","内モンゴル自治区、オルドス地方北西の黄河西岸、低い峰裾","上古音：「三」s əm／s əm／s ə̂m／s əm／s əm
上古音：「封」p i̯uŋ／p ǐwɔŋ／p juŋ／p jewŋ／p jung","アイヌ語：三封
＝「シル・アム・ピル・ウン(sir-am-pir-un)」＝「山の・爪の（ように平べったく鋭い）・傷（のように切り刻まれたもの）・にある（ところ）」
or「サム・ピル・ウン(sam-pir-un)」＝「隣の・傷（のように切り刻まれた峰）・にある（ところ）」","jomon2_bnum16.html"
"并州","朔方郡","窳渾県","前漢","内モンゴル自治区バヤンノール市磴口県","内モンゴル自治区、オルドス地方北西の黄河西岸、低い峰裾","上古音：「窳」- -／ʎ ǐwa／ɡ juaɡ／ɣr iwaɣ／gw rjagx
上古音：「渾」ɡʰ wən／ɣ uən／ɣ uə̂n／ɡ wən／gw ənx","アイヌ語：窳渾＝「キル・アク・キル・アゥ・ウン(kir-ak-kir-aw-un)」＝「山脚の・弟の（ように小さい）・山脚の・角、枝分かれ・にある（ところ）」","jomon2_bnum16.html"
"并州","朔方郡","沃野県","前漢","内モンゴル自治区バヤンノール市磴口県東北","内モンゴル自治区、オルドス地方北西の黄河西岸、低い峰裾","上古音：「沃」ʔ ok／0 auk／ʔ ɔ̂k1／ʔ wawk／· akw
上古音：「野」d i̯ɔ／ʎ ia／d jăɡ／r aɣ／r iagx","アイヌ語：沃野
＝「アゥ・ク・テュ・アク(aw-ku-tu-ak)」＝「角、枝分かれの・矢の（ように鋭い）・峰の・弟（のように小さいもの）」
or「アゥ・ク・リ・アク(aw-ku-ri-ak)」＝「角、枝分かれの・矢の（ように鋭い）・高い・弟（のように小さいもの）」
※アイヌ語「ク＝弓」。中国大陸、朝鮮半島では「ク＝矢」の可能性。サハリン、シベリアのニヴフ（ギリヤーク）語も「ク＝矢」。","jomon2_bnum16.html"
"并州","朔方郡","臨戎県","前漢","内モンゴル自治区オルドス市ハンギン旗東北","オルドス地方北西の黄河南岸の乾燥地帯","上古音：「臨」bl i̯əm／l ǐəm／l jəm／l iəm／bl jəmh
上古音：「戎」ȵ -／ȵ ǐuŋ／ȵ joŋ／n jəwŋ／n jəngw","アイヌ語：臨戎＝「リ・アム・ニ・アゥ・ウン(ri-am-ni-aw-un)」＝「高い・爪の（ように平べったく鋭い）・棒の（ように細長い）・角、枝分かれ・にある（ところ）」","jomon2_bnum16.html"
"涼州","隴西郡","狄道県","前漢","甘粛省定西市臨洮県","西安、渭水盆地西北西方の山塊、黄河支流、洮河の谷","上古音：「狄」dʰ iek／d iek／dʰ iek／d ek／d ik
上古音：「道」dʰ -／d u／dʰ ôɡ／d əw／d əgwx","アイヌ語：狄道＝「テュ・アク・タク(tu-ak-tak)」＝「峰の・弟の（ように小さい）・石」","jomon2_bnum16.html"
"涼州","隴西郡","上邽県","前漢","甘粛省天水市秦州区","西安、渭水盆地西方の山塊、渭河支流、藉河の谷","上古音：「上」ȡ i̯aŋ／ʑ ǐaŋ／ʑ jaŋ／d jaŋ／d jangh
上古音：「邽」- -／g iwe／k iueɡ／k weɣ／kw ig","アイヌ語：上邽＝「テュ・アゥ・ウン・キル・アク(tu-aw-un-kir-ak)」＝「峰の・角、枝分かれ・にある・山脚の・弟（のように小さいもの）」","jomon2_bnum16.html"
"涼州","隴西郡","安故県","前漢","甘粛省定西市臨洮県","西安、渭水盆地西北西方の山塊、黄河支流、洮河の谷","上古音：「安」ʔ ɑn／0 an／ʔ ɑn／ʔ an／· an
上古音：「故」k o／k a／k ɑɡ／k aɣ／k agh","アイヌ語：安故＝「アゥ・ウン・ク・アク(aw-un-ku-ak)」＝「（川の）角、枝分かれ・にある・矢の（ように鋭い）・弟（のように小さい峰）」
※アイヌ語「ク＝弓」。中国大陸、朝鮮半島では「ク＝矢」の可能性。サハリン、シベリアのニヴフ（ギリヤーク）語も「ク＝矢」。","jomon2_bnum16.html"
"涼州","隴西郡","氐道県","前漢","甘粛省天水市武山県","西安、渭水盆地西方の山塊、渭河上流の谷","上古音：「氐」- -／t ǐei／t jed／t ier／t rjid
上古音：「氐」t iər／t iei／t ied／t er／t id
上古音：「道」dʰ -／d u／dʰ ôɡ／d əw／d əgwx","アイヌ語：氐道＝「テュ・アッ・タク(tu-at-tak)」＝「峰が・たくさんある・石」","jomon2_bnum16.html"
"涼州","隴西郡","首陽県","前漢","甘粛省定西市渭源県","西安、渭水盆地西北西方の山塊、黄河支流、洮河の谷、渭河最上流の谷","上古音：「首」ɕ  -／ɕ ǐu／ç jŏɡ／stʰ jəw／h rjəgwx
上古音：「陽」d i̯aŋ／ʎ ǐaŋ／d jaŋ／r iaŋ／r ang","アイヌ語：首陽＝「シル・アク・テュ・アゥ・ウン(sir-ak-tu-aw-un)」＝「山の・弟の（ように小さい）・峰の・角、枝分かれ・にある（ところ）」","jomon2_bnum16.html"
"涼州","隴西郡","大夏県","前漢","甘粛省臨夏回族自治州広河県","西安、渭水盆地西北西方の山塊、黄河支流、洮河の谷","上古音：「大」tʰ ɑd, dʰ ɑd／d at／dʰ ɑd／d ar／d adh
上古音：「夏」ɡʰ ɔ／ɣ ea／ɣ ăɡ／ɡ raɣ／g ragh","アイヌ語：大夏＝「テュ・アッ・キル・アク(tu-at-kir-ak)」＝「峰が・たくさんある・山脚の・弟（のように小さいもの）」","jomon2_bnum16.html"
"涼州","隴西郡","羌道県","前漢","甘粛省甘南チベット族自治州舟曲県","西安、渭水盆地西方の山塊、長江支流、嘉陵江支流、白龍江の谷","上古音：「羌」kʰ i̯aŋ／kʰ ǐaŋ／kʰ jaŋ／kʰ jaŋ／kh jang
上古音：「道」dʰ -／d u／dʰ ôɡ／d əw／d əgwx","アイヌ語：羌道＝「キル・アゥ・ウン・タク(kir-aw-un-tak)」＝「山脚の・角、枝分かれ・にある・石」","jomon2_bnum16.html"
"涼州","隴西郡","襄武県","前漢","甘粛省定西市隴西県","西安、渭水盆地西方の山塊、渭河上流の谷。","上古音：「襄」sn i̯aŋ／s ǐaŋ／s jaŋ／s jaŋ／sn jang
上古音：「武」m i̯wo／m ǐwa／m juaɡ／m jwaɣ／m jagx","アイヌ語：襄武＝「シル・アゥ・ウン・ムィ・アク(sir-aw-un-muy-ak)」＝「山の・角、枝分かれ・にある・頂の・弟（のように小さいもの）」","jomon2_bnum16.html"
"涼州","隴西郡","臨洮県","前漢","甘粛省定西市岷県","西安、渭水盆地西方の山塊、黄河支流、洮河の谷","上古音：「臨」bl i̯əm／l ǐəm／l jəm／l iəm／bl jəmh
上古音：「洮」- -／- -／d jɔɡ／r iaw／r agw
上古音：「洮」tʰ oɡ／- -／- -／tʰ aw／- -","アイヌ語：臨洮＝「リ・アム・テュ・アク(ri-am-tu-ak)」＝「高い・爪の（ように平べったく鋭い）・峰の・弟（のように小さいもの）」","jomon2_bnum16.html"
"涼州","隴西郡","西県","前漢","甘粛省隴南市礼県","西安、渭水盆地西方の山塊、長江支流、嘉陵江支流、西漢水の谷","上古音：「西」s iər／s iei／s ied／s er／s id","アイヌ語：西＝「シル・アッ(sir-at)」＝「山が・たくさんある（ところ）」","jomon2_bnum16.html"
"涼州","隴西郡","障県","後漢","甘粛省定西市漳県","西安、渭水盆地西北西方の山塊、黄河支流、洮河の谷。渭河最上流の谷","上古音：「障」ȶ i̯aŋ／ȶ ǐaŋ／ȶ jaŋ／t jaŋ／t jangh","アイヌ語：障＝「テュ・アゥ・ウン(tu-aw-un)」＝「峰の・角、枝分かれ・にある（ところ）」","jomon2_bnum16.html"
"涼州","隴西郡","河関県","後漢","甘粛省臨夏回族自治州積石山バオアン族ドンシャン族サラール族自治県","西安、渭水盆地西北方の山塊、黄河上流の谷","上古音：「河」ɡʰ ɑ／ɣ ai／ɣ ɑ／ɡ a／g ar
上古音：「關」k wan／k oan／k uan／k rwan／kw ran","アイヌ語：河関＝「キル・アゥ・ク・アゥ・ウン(kir-aw-ku-aw-un)」＝「山脚の・角、枝分かれの・矢の（ように鋭い）・角、枝分かれ・にある（ところ）」
※アイヌ語「ク＝弓」。中国大陸、朝鮮半島では「ク＝矢」の可能性。サハリン、シベリアのニヴフ（ギリヤーク）語も「ク＝矢」。
※第一回～第三十一回「日本書紀のエラーコラム」／第三十二回～第九十二回「日出ずる国のエラーコラム」／第九十三回～「日没する国のエラーコラム」／第百九十七回～「日没する国のエラーコラム／第二百三回～「騎馬民族北方系渡来人のエラーコラム」／第五百七回～「継体の不審死と磐井の乱」／第五百三十五回～「三国史記朝鮮地名と倭人」","jomon2_bnum16.html"
"涼州","漢陽郡、天水郡","略陽道県","前漢","甘粛省天水市秦安県","西安、渭水盆地西北西方の山塊、渭河北岸","上古音：「略」ɡl i̯ak／l ǐak／l jak／l iak／gl jak
上古音：「陽」d i̯aŋ／ʎ ǐaŋ／d jaŋ／r iaŋ／r ang
上古音：「道」dʰ -／d u／dʰ ôɡ／d əw／d əgwx","アイヌ語：略陽道＝「リ・アク・テュ・アゥ・ウン・タク(ri-ak-tu-aw-un-tak)」＝「高い・弟の（ように小さい）・峰の・角、枝分かれ・にある・石」","jomon2_bnum17.html"
"涼州","漢陽郡、天水郡","冀県","前漢","甘粛省天水市甘谷県東部","西安、渭水盆地西北西方の山塊、渭河沿岸","上古音：「冀」k i̯ær／k ǐəi／k jəd／k iər／k jiədh","アイヌ語：冀＝「キル・アッ(kir-at)」＝「山脚が・たくさんある（ところ）」","jomon2_bnum17.html"
"涼州","漢陽郡、天水郡","勇士県","前漢","甘粛省蘭州市楡中県","西安、渭水盆地西北方の山塊、黄河上流の谷","上古音：「勇」d i̯uŋ／ʎ ǐwɔŋ／d juŋ／r iewŋ／r ungx
上古音：「士」dʐʰ i̯əɡ／dʒ ǐə／dzʰ əɡ／dz iəɣ／dz rjəgx","アイヌ語：勇士＝「テュン・テュ・アク(tun-tu-ak)」＝「山間の・峰の・弟（のように小さいもの）」","jomon2_bnum17.html"
"涼州","漢陽郡、天水郡","清水県","前漢","甘粛省天水市清水県","西安、渭水盆地西方の山塊、渭河北岸","上古音：「清」tsʰ i̯ĕŋ／tsʰ ǐeŋ／tsʰ jeŋ／tsʰ jieŋ／tsh jing
上古音：「水」ɕ i̯wər／ɕ ǐwei／ç jued／stʰ jiwer／h rjidx","アイヌ語：清水＝「テュ・エ・エン・シル・アッ(tu-e-en-sir-at)」＝「峰が・そこで・突き出ている・山が・たくさんある（ところ）」","jomon2_bnum17.html"
"涼州","漢陽郡、天水郡","隴県","前漢","甘粛省天水市清水県","西安、渭水盆地西方の山塊、渭河北岸","上古音：「隴」- -／- -／l ǐwɔŋ／l juŋ／l iewŋ／l jungx","アイヌ語：隴＝「レル・ウン(rer-un)」＝「山向こう、山陰・にある（ところ）」","jomon2_bnum17.html"
"涼州","漢陽郡、天水郡","豲道県","前漢","甘粛省定西市隴西県","西安、渭水盆地西方の山塊、渭河最上流沿岸","上古音：「豲」ɡʰ wɑn／- -／ɣ uɑn／ɡ wan／gw an
上古音：「道」dʰ -／d u／dʰ ôɡ／d əw／d əgwx","アイヌ語：豲道＝「キル・アゥ・ウン・タク(kir-aw-un-tak)」＝「山脚の・角、枝分かれ・にある・石」","jomon2_bnum17.html"
"涼州","漢陽郡、天水郡","顕親県","後漢","甘粛省天水市秦安県","西安、渭水盆地西方の山塊、渭河北岸","上古音：「顯」x ian／h ian／x iæn／x ean／h ianx
上古音：「親」tsʰ i̯ĕn／tsʰ ǐen／tsʰ jen／tsʰ jien／tsh jin","アイヌ語：顕親＝「シル・アゥ・ウン・テュ・エ・エン(sir-aw-un-tu-e-en)」＝「山の・角、枝分かれ・にある・峰が・そこで・突き出ている（ところ）」","jomon2_bnum17.html"
"涼州","漢陽郡、天水郡","上邽県","","","","","隴西郡で既出","jomon2_bnum17.html"
"涼州","武都郡","武都県","前漢","甘粛省龍南市武都区","西安、渭水盆地西方、四川盆地北方の山塊、西龍江の谷","上古音：「武」m i̯wo／m ǐwa／m juaɡ／m jwaɣ／m jagx
上古音：「都」t o／t a／t ɑɡ／t aɣ／t ag","アイヌ語：武都＝「ムィ・アク・タク(muy-ak-tak)」＝「頂の・弟の（ように小さいものの）・石」","jomon2_bnum17.html"
"涼州","武都郡","上禄県","前漢","甘粛省隴南市礼県","西安、渭水盆地西方、四川盆地北方の山塊、西漢水の谷","上古音：「上」ȡ i̯aŋ／ʑ ǐaŋ／ʑ jaŋ／d jaŋ／d jangh
上古音：「祿」l uk／l ɔk／l ûk／l ewk／l uk","アイヌ語：上禄＝「テュ・アゥ・ウン・ル・ク(tu-aw-un-ru-ku)」＝「峰の・角、枝分かれ・にある・消えかかった・矢（のように鋭いもの）」
※アイヌ語「ク＝弓」。中国大陸、朝鮮半島では「ク＝矢」の可能性。サハリン、シベリアのニヴフ（ギリヤーク）語も「ク＝矢」。","jomon2_bnum17.html"
"涼州","武都郡","故道県","前漢","陝西省宝鶏市鳳県","西安、渭水盆地西方の山塊、西漢水支流の嘉陵江上流の谷","上古音：「故」k o／k a／k ɑɡ／k aɣ／k agh
上古音：「道」dʰ -／d u／dʰ ôɡ／d əw／d əgwx","アイヌ語：故道＝「ク・アク・タク(ku-ak-tak)」＝「矢の（ように鋭い）・弟の（ように小さい峰の）・石」
※アイヌ語「ク＝弓」。中国大陸、朝鮮半島では「ク＝矢」の可能性。サハリン、シベリアのニヴフ（ギリヤーク）語も「ク＝矢」。","jomon2_bnum17.html"
"涼州","武都郡","河池県","前漢","甘粛省隴南市徽県","西安、渭水盆地西方の山塊、西漢水支流の嘉陵江支流の谷。","上古音：「河」ɡʰ ɑ／ɣ ai／ɣ ɑ／ɡ a／g ar
上古音：「池」dʰ ia／d ǐai／dʰ ja／d ia／d rjar","アイヌ語：河池＝「キル・アゥ・テュ・アゥ(kir-aw-tu-aw)」＝「山脚の・角、枝分かれ・峰の・角、枝分かれ」","jomon2_bnum17.html"
"涼州","武都郡","沮県","前漢","陝西省漢中市勉県","漢中盆地西北の山塊、山裾。漢江の岸辺。","上古音：「沮」dzʰ i̯o／dz ǐa／dzʰ jaɡ／dz jaɣ／dz jagx
上古音：「沮」ts i̯o／ts ǐa／ts jaɡ／ts jaɣ／ts jagh","アイヌ語：沮＝「テュ・アク(tu-ak)」＝「峰の・弟（のように小さいもの）」","jomon2_bnum17.html"
"涼州","武都郡","嘉陵道県","前漢","甘粛省隴南市礼県雷壩鎮","漢中盆地西北の山塊、山裾","上古音：「嘉」k a／k eai／k a／k ra／k rar
上古音：「陵」l i̯əŋ／l ǐəŋ／l jəŋ／l iəŋ／l jəng
上古音：「道」dʰ -／d u／dʰ ôɡ／d əw／d əgwx","アイヌ語：嘉陵道＝「ク・アゥ・リ・アゥ・ウン・タク(ku-aw-ri-aw-un-tak)」＝「矢の（ように鋭い峰の）・角、枝分かれ・高い・角、枝分かれ・にある・石」
※アイヌ語「ク＝弓」。中国大陸、朝鮮半島では「ク＝矢」の可能性。サハリン、シベリアのニヴフ（ギリヤーク）語も「ク＝矢」。","jomon2_bnum17.html"
"涼州","武都郡","下辨道県","前漢","甘粛省隴南市成県","西安、渭水盆地西南西方、漢中盆地北西方の山塊、小さな盆地、西漢水の谷、長江支流、嘉陵江支流の青泥河上流沿岸","上古音：「下」ɡʰ ɔ／ɣ ea／ɣ ăɡ／ɡ raɣ／g ragx
上古音：「辨」bʰ i̯an／b ǐan／bʰ juan／b iwan／b jianx
上古音：「道」dʰ -／d u／dʰ ôɡ／d əw／d əgwx","アイヌ語：下辨道＝「キル・アク・ピル・アゥ・ウン・タク(kir-ak-pir-aw-un-tak)」＝「山脚の・弟の（ように小さい）・傷の（ように切り刻まれた）・角、枝分かれ・にある・石」","jomon2_bnum17.html"
"涼州","武都郡","羌道県","後漢","甘粛省甘南チベット族自治州舟曲県","四川盆地北部の山塊。白龍江西岸","上古音：「羌」kʰ i̯aŋ／kʰ ǐaŋ／kʰ jaŋ／kʰ jaŋ／kh jang
上古音：「道」dʰ -／d u／dʰ ôɡ／d əw／d əgwx","アイヌ語：羌道＝「キル・アゥ・ウン・タク(kir-aw-un-tak)」＝「山脚の・角、枝分かれ・にある・石」","jomon2_bnum17.html"
"涼州","金城郡","允吾県","前漢","青海省海東市民和回族トゥ族自治県","西安西北西、黄河上流の山塊","上古音：「允」z i̯wən／ʎ iwən／d juən／r iwən／r ənx
上古音：「吾」ŋ o／ŋ a／ŋ ăɡ／ŋ raɣ／ng rag","アイヌ語：允吾＝「テュ・アゥ・ウン・キル・アク(tu-aw-un-kir-ak)」＝「峰の・角、枝分かれ・にある・山脚の・弟（のように小さいもの）」","jomon2_bnum17.html"
"涼州","金城郡","浩亹県","前漢","甘粛省蘭州市永登県","西安西北西、黄河上流の山塊","上古音：「浩」ɡʰ -／ɣ u／ɣ ôɡ／ɡ əw／g əgwx
上古音：「亹」m wən／m uən／- -／m wən／- -
上古音：「亹」m i̯wər／m ǐwəi／- -／m jiwər／- -","アイヌ語：浩亹＝「キル・アク・ム・アゥ・ウン(kir-ak-mu-aw-un)」＝「山脚の・弟（のように小さいもの）が・ふさがった・角、枝分かれ・にある（ところ）」","jomon2_bnum17.html"
"涼州","金城郡","令居県","前漢","甘粛省蘭州市永登県","西安西北西、黄河上流の山塊","上古音：「令」l i̯ĕŋ／l ieŋ／l jeŋ／l ieŋ／l jingh
上古音：「居」k i̯o／k ǐa／k jaɡ／k jaɣ／k jag","アイヌ語：令居＝「リ・エン・キル・アク(ri-en-kir-ak)」＝「高く・突き出ている・山脚の・弟（のように小さいもの）」","jomon2_bnum17.html"
"涼州","金城郡","枝陽県","前漢","甘粛省蘭州市永登県","西安西北西、黄河上流の山塊","上古音：「枝」ȶ i̯ĕɡ／ȶ ǐe／c jeɡ／t jieɣ／k rjig
上古音：「陽」d i̯aŋ／ʎ ǐaŋ／d jaŋ／r iaŋ／r ang","アイヌ語：枝陽
＝「テュ・アク・テュ・アゥ・ウン(tu-ak-tu-aw-un)」＝「峰の・弟（のように小さいもの）・峰の・角、枝分かれ・にある（ところ）」
or「チゥ・アク・テュ・アゥ・ウン(ciw-ak-tu-aw-un)」＝「水流、水脈の・弟（のように小さいもの）・峰の・角、枝分かれ・にある（ところ）」","jomon2_bnum17.html"
"涼州","金城郡","允街県","前漢","甘粛省蘭州市紅古区","西安西北西、黄河上流、支流の湟水河の谷","上古音：「允」z i̯wən／ʎ iwən／d juən／r iwən／r ənx
上古音：「街」k ĕɡ／k e／k eɡ／k reɣ／k rig","アイヌ語：允街＝「テュ・エ・エン(tu-e-en)」＝「峰が・そこで・突き出ている（ところ）」","jomon2_bnum17.html"
"涼州","金城郡","金城県","前漢","甘粛省蘭州市西固区","西安西北西、黄河上流の谷、盆地","上古音：「金」k i̯əm／k ǐəm／k jəm／k iəm／k jəm
上古音：「城」ȡ i̯ĕŋ／ʑ ǐeŋ／ʑ jeŋ／d jieŋ／d jing","アイヌ語：金城＝「キル・アム・テュ・エ・エン(kir-am-tu-e-en)」＝「山脚の・爪（のように平べったく鋭い）・峰が・そこで・突き出ている（ところ）」","jomon2_bnum17.html"
"涼州","金城郡","楡中県","前漢","甘粛省蘭州市楡中県","西安西北西、黄河上流の谷、盆地","上古音：「榆」d i̯u／ʎ ǐwɔ／d juɡ／r iew／r ug
上古音：「中」t -／t ǐuŋ／t joŋ／t iəwŋ／t rjəngw","アイヌ語：楡中＝「テュク・テュ・エ・エン(tuk-tu-e-en)」＝「小山の・峰が・そこで・突き出ている（ところ）」","jomon2_bnum17.html"
"涼州","金城郡","枹罕県","前漢","甘粛省臨夏回族自治州臨夏県","西安西北西、黄河支流、夏川の谷、川口。","上古音：「枹」bʰ -／b ǐu／bʰ jŏɡ／b jəw／b jəgw
上古音：「罕」- -／- -／h an／x ɑn／x an／h anh","アイヌ語：枹罕＝「ピル・アク・ヘ・アゥ・ウン(pir-ak-he-aw-un)」＝「傷の（ように切り刻まれた）・弟の（ように小さい）・頭の・角、枝分かれ・にある（ところ）」","jomon2_bnum17.html"
"涼州","金城郡","白石県","前漢","甘粛省臨夏回族自治州臨夏県","西安西北方、黄河支流、夏川の谷、川口","上古音：「白」bʰ ăk／b eak／bʰ uăk／b rwak／b rak
上古音：「石」ȡ i̯ăk／ʑ iak／- -／d jiak／d jiak","アイヌ語：白石＝「プ・アク・テュ・アク(pu-ak-tu-ak)」＝「倉の（屋根のような三角山の）・弟（のように小さいもの）・峰の・弟」","jomon2_bnum17.html"
"涼州","安定郡","高平県","前漢","寧夏回族自治区固原市原州区","西安北西方の山塊、盆地、黄河支流の清水河の谷、盆地","上古音：「高」k oɡ／k au／k ɔ̂ɡ／k aw／k agw
上古音：「平」bʰ i̯ĕŋ／b ǐeŋ／bʰ jĕŋ／b ieŋ／b jing","アイヌ語：高平＝「ク・アク・ピ・エ・エン(ku-ak-pi-e-en)」＝「矢の（ように鋭い）・弟（のように小さい峰）のor射る・石が・そこで・突き出ている（ところ）」
※アイヌ語「ク＝弓」。中国大陸、朝鮮半島では「ク＝矢」の可能性。サハリン、シベリアのニヴフ（ギリヤーク）語も「ク＝矢」。","jomon2_bnum17.html"
"涼州","安定郡","朝那県","前漢","寧夏回族自治区固原市彭陽県","西安北西方の山塊、盆地。黄河支流の清水河の谷、盆地。","上古音：「朝」t i̯oɡ／t ǐau／t jɔɡ／t iaw／t rjagw
上古音：「朝」dʰ i̯oɡ／d ǐau／dʰ jɔɡ／d iaw／d rjagw
上古音：「那」n ɑr／n ai／n ɑ／n a／n ar","アイヌ語：朝那＝「テュ・アク・ニ・アゥ(tu-ak-ni-aw)」＝「峰の・弟の（ように小さい）・棒の（ような細い）・角、枝分かれ」","jomon2_bnum17.html"
"涼州","安定郡","臨涇県","前漢","甘粛省慶陽市鎮原県","西安北北西方の山塊","上古音：「臨」bl i̯əm／l ǐəm／l jəm／l iəm／bl jəmh
上古音：「涇」- -／- -／ɡʰ jeŋ／ɡ jieŋ／g jingx
上古音：「涇」k ieŋ／k ieŋ／k ieŋ／k eŋ／k ing","アイヌ語：臨涇＝「リ・アム・キル・エ・エン(ri-am-kir-e-en)」＝「高い・爪の（ように平べったく鋭い）・山脚が・そこで・突き出ている（ところ）」","jomon2_bnum17.html"
"涼州","安定郡","彭陽県","前漢","甘粛省慶陽市鎮原県","西安北北西方の山塊","上古音：「彭」bʰ ăŋ／b eaŋ／bʰ uăŋ／b rwaŋ／b rang
上古音：「陽」d i̯aŋ／ʎ ǐaŋ／d jaŋ／r iaŋ／r ang","アイヌ語：彭陽＝「プ・アゥ・ウン・テュ・アゥ・ウン(pu-aw-un-tu-aw-un)」＝「倉の（屋根の三角山の）・角、枝分かれ・にある（ところ）・峰の・角・枝分かれ・にある（ところ）」","jomon2_bnum17.html"
"涼州","安定郡","撫夷県","前漢","甘粛省慶陽市鎮原県","西安北北西方の山塊","上古音：「撫」pʰ i̯wo／pʰ ǐwa／pʰ juaɡ／pʰ jwaɣ／ph jagx
上古音：「夷」d i̯ər／ʎ ǐei／d jed／r ier／r id","アイヌ語：撫夷＝「ピル・アク・テュ・アッ(pir-ak-tu-at)」＝「傷の（ように切り刻まれた）・弟の（ように小さい）・峰が・たくさんある（ところ）」","jomon2_bnum17.html"
"涼州","安定郡","三水県","前漢","寧夏回族自治区呉忠市同心県北東部","西安北北西方の山塊","上古音：「三」s əm／s əm／s ə̂m／s əm／s əm
上古音：「水」ɕ i̯wər／ɕ ǐwei／ç jued／stʰ jiwer／h rjidx","アイヌ語：三水＝「シル・アム・シル・アッ(sir-am-sir-at)」＝「山の・爪（のような平べったく鋭いもの）・山が・たくさんある（ところ）」","jomon2_bnum17.html"
"涼州","安定郡","陰槃県","前漢","陝西省咸陽市長武県","西安北西方の山塊、渭河支流の谷","上古音：「陰」ʔ i̯əm／0 ǐəm／ʔ jəm／ʔ iəm／· jəm
上古音：「槃」bʰ wɑn／b uan／bʰ uɑn／b wan／b an","アイヌ語：陰槃＝「イ・アム・プ・アゥ・ウン(i-am-pu-aw-un)」＝「その・爪の（ような平べったく鋭い）・倉の（屋根のような三角山の）・角、枝分かれ・にある（ところ）」","jomon2_bnum17.html"
"涼州","安定郡","涇陽県","前漢","甘粛省平涼市崆峒区","西安北西方の山塊、渭河支流の谷","上古音：「涇」- -／- -／ɡʰ jeŋ／ɡ jieŋ／g jingx
上古音：「涇」k ieŋ／k ieŋ／k ieŋ／k eŋ／k ing
上古音：「陽」d i̯aŋ／ʎ ǐaŋ／d jaŋ／r iaŋ／r ang","アイヌ語：涇陽＝「キル・エ・エン・テュ・アゥ・ウン(kir-e-en-tu-aw-un)」＝「山脚が・そこで・つきでている・峰の・角、枝分かれ・にある（ところ）」","jomon2_bnum17.html"
"涼州","安定郡","鹵県","前漢","甘粛省平涼市崇信県","西安北西方の山塊、渭河支流の谷","上古音：「鹵」l o／l a／l ɑɡ／l aɣ／l agx","アイヌ語：鹵
＝「ラケ(rake)」＝「低いところ」
or「ル・アク(ru-ak)」＝「消えかかった・弟（のように小さい峰）」","jomon2_bnum17.html"
"涼州","安定郡","烏氏県 ※後漢では烏枝県","前漢","寧夏回族自治区固原市","西安北西方の山塊、黄河支流の清水河の谷、盆地","上古音：「烏」ʔ o／0 a／ʔ ɑɡ／ʔ aɣ／· ag
上古音：「氏」ȡ i̯ĕɡ／ȶ ǐe／j jeɡ／d jieɣ／g rjigx","アイヌ語：烏氏
＝「アク・テュ・アク(ak-tu-ak)」＝「弟（のように小さい）・峰の・弟」
or「アク・チゥ・アク(ak-ciw-ak)」＝「弟（のように小さい）・水流、水脈の・弟」","jomon2_bnum17.html"
"涼州","安定郡","陰密県","前漢","甘粛省平涼市霊台県","西安北西方の山塊、渭河支流の谷","上古音：「陰」ʔ i̯əm／0 ǐəm／ʔ jəm／ʔ iəm／· jəm
上古音：「密」m i̯ĕt／m ǐet／m juət／m iet, m iwət／m jit","アイヌ語：陰密＝「イ・アム・ムィ・アッ(i-am-muy-at)」＝「その・爪の（ように平べったく鋭い）・頂が・たくさんある（ところ）」","jomon2_bnum17.html"
"涼州","安定郡","安定県","前漢","甘粛省平涼市涇川県","西安北西方の山塊、渭河支流の谷","上古音：「安」ʔ ɑn／0 an／ʔ ɑn／ʔ an／· an
上古音：「定」dʰ ieŋ／d ieŋ／dʰ ieŋ／d eŋ／d ingh
上古音：「定」t ieŋ／- -／- -／t eŋ／- -","アイヌ語：安定＝「アゥ・ウン・テュ・エ・エン(aw-un-tu-e-en)」＝「（川の）角、枝分かれ・にある・峰が・そこで・突き出ている（ところ）」","jomon2_bnum17.html"
"涼州","安定郡","安武県","前漢","甘粛省平涼市霊台県北西部","西安北西方の山塊、渭河支流の谷","上古音：「安」ʔ ɑn／0 an／ʔ ɑn／ʔ an／· an
上古音：「武」m i̯wo／m ǐwa／m juaɡ／m jwaɣ／m jagx","アイヌ語：安武＝「アゥ・ウン・ムィ・アク(aw-un-muy-ak)」＝「（川の）角、枝分かれ・にある・頂の・弟（のように小さいもの）」","jomon2_bnum17.html"
"涼州","安定郡","参䜌県","前漢","甘粛省慶陽市慶城県","西安北北西方の山塊。渭河支流の谷。","上古音：「三」s əm／s əm／s ə̂m／s əm／s əm
上古音：「䜌」- -／- -／l uɑn／l wan／l uan
上古音：「䜌」- -／- -／l juæn／l iwan／l juanh","アイヌ語：参䜌＝「シル・アム・リ・アゥ・ウン(sir-am-ri-aw-un)」＝「山の・爪の（ように平べったく鋭い）・高い・角、枝分かれ・にある（ところ）」","jomon2_bnum17.html"
"涼州","安定郡","鶉觚県","後漢","","","","※北地郡参照","jomon2_bnum17.html"
"涼州","北地郡","霊武県","前漢","寧夏回族自治区銀川市霊武市","西安北北西方の乾燥地帯、黄河沿岸、内モンゴル自治区境界","上古音：「靈」l ieŋ／l ieŋ／l ieŋ／l eŋ／l ing
上古音：「武」m i̯wo／m ǐwa／m juaɡ／m jwaɣ／m jagx","アイヌ語：霊武＝「リ・エン・ムィ・アク(ri-en-muy-ak)」＝「高く・突き出ている・頂の・弟（のように小さいもの）」","jomon2_bnum17.html"
"涼州","北地郡","霊州県","前漢","寧夏回族自治区呉忠市利通区","西安北北西方の乾燥地帯の盆地、黄河沿岸、内モンゴル自治区境界","上古音：「靈」l ieŋ／l ieŋ／l ieŋ／l eŋ／l ing
上古音：「州」tɕ ／ȶ ǐ u／ȶ jŏ ɡ／t jəw／t jəgw","アイヌ語：霊州＝「リ・エン・テュ・アク(ri-en-tu-ak)」＝「高く・突き出ている・峰の・弟（のように小さいもの）」","jomon2_bnum17.html"
"涼州","北地郡","富平県","前漢","寧夏回族自治区呉忠市利通区","西安北北西方の乾燥地帯の盆地、黄河沿岸、内モンゴル自治区境界","上古音：「富」p i̯ŭɡ／p ǐwə／p juə̆ɡ／p jwəɣ／p jəgh
上古音：「平」bʰ i̯ĕŋ／b ǐeŋ／bʰ jĕŋ／b ieŋ／b jing","アイヌ語：富平＝「ピル・アク・ピ・エ・エン(pir-ak-pi-e-en)」＝「傷の（ように切り刻まれた）・弟の（ように小さい）・石が・そこで・突き出ている（ところ）」","jomon2_bnum17.html"
"涼州","北地郡","朐衍県","前漢","寧夏回族自治区呉忠市塩池県","西安北北西方の乾燥地帯の台地、草原。内モンゴル自治区境界。","上古音：「朐」k i̯u／k ǐwɔ／k juɡ／k jew／k ugh
上古音：「衍」ɡ i̯an／ʎ ǐan／ɡ jan／ɣr ian／g rjanh","アイヌ語：朐衍＝「キル・ク・キル・アゥ・ウン(kir-ku-kir-aw-un)」＝「山脚の・矢の（ように鋭い）・山脚の・角、枝分かれ・にある（ところ）」
※アイヌ語「ク＝弓」。中国大陸、朝鮮半島では「ク＝矢」の可能性。サハリン、シベリアのニヴフ（ギリヤーク）語も「ク＝矢」。","jomon2_bnum17.html"
"涼州","北地郡","鶉觚県","前漢","陝西省咸陽市長武県","西安北西方の山塊、渭河支流の谷","上古音：「鶉」ȡ i̯wən／ʑ ǐwən／ʑ juən／d jiwən／d jən
上古音：「觚」k wo／k a／k uɑɡ／k waɣ／kw ag","アイヌ語：鶉觚＝「テュ・アゥ・ウン・ク・アク(tu-aw-un-ku-ak)」＝「峰の・角、枝分かれ・にある・矢の（ように鋭い）・弟（のように小さいもの）or射る（ようなところ）」","jomon2_bnum17.html"
"涼州","北地郡","泥陽県","前漢","甘粛省慶陽市寧県","西安北北西方の山塊、渭河支流の谷","上古音：「泥」n iər／n iei／n ied／n er／n idh
上古音：「陽」d i̯aŋ／ʎ ǐaŋ／d jaŋ／r iaŋ／r ang","アイヌ語：泥陽＝「ニ・アッ・テュ・アゥ・ウン(ni-at-tu-aw-un)」＝「棒（のような細長い峰）が・たくさんある・峰の・角、枝分かれ・にある（ところ）」","jomon2_bnum17.html"
"涼州","北地郡","郁郅県","前漢","甘粛省慶陽市慶城県","西安北北西方の山塊、渭河支流の谷","上古音：「郁」ʔ i̯ŭk／0 ǐwək／ʔ juə̆k／ʔ jwək／·w jək
上古音：「郅」- -／ȶ ǐet／ȶ jet／t jiet／t jit","アイヌ語：郁郅＝「イ・ウ・アク・テュ・アッ(i-u-ak-tu-at)」＝「それが・互いに重なるような・弟の（ように小さい）・峰が・たくさんある（ところ）」","jomon2_bnum17.html"
"涼州","北地郡","弋居県","前漢","甘粛省慶陽市寧県","西安北北西方の山塊、渭河支流の谷","上古音：「弋」d i̯ək／ʎ ǐək／d jək／r iək／r ək
上古音：「居」k i̯o／k ǐa／k jaɡ／k jaɣ／k jag","アイヌ語：弋居＝「テュ・アク・キル・アク(tu-ak-kir-ak)」＝「峰の・弟（のように小さいもの）・山脚の・弟」","jomon2_bnum17.html"
"涼州","北地郡","廉県","前漢","寧夏回族自治区石嘴山市平羅県","西安北北西方の乾燥地帯の盆地、山裾。黄河沿岸、内モンゴル自治区境界","上古音：「廉」ɡʰ i̯am／l ǐam／l jɐm／l iam／gl jam","アイヌ語：廉＝「リ・アム(ri-am)」＝「高い・爪（のように平べったく鋭い峰）」","jomon2_bnum17.html"
"涼州","武威郡","姑臧県","前漢","甘粛省武威市涼州区","西安北西方、黄河西方の祁連山脈の山裾、内モンゴル自治区境界","上古音：「姑」k o／k a／k ɑɡ／k aɣ／k ag
上古音：「臧」ts ɑŋ／ts aŋ／ts ɑŋ／ts aŋ／ts ang","アイヌ語：姑臧＝「ク・アク・テュ・アゥ・ウン(ku-ak-tu-aw-un)」＝「矢の（ように鋭い）・弟（のように小さい）or射る・峰の・角、枝分かれ・にある（ところ）」
※アイヌ語「ク＝弓」。中国大陸、朝鮮半島では「ク＝矢」の可能性。サハリン、シベリアのニヴフ（ギリヤーク）語も「ク＝矢」。","jomon2_bnum17.html"
"涼州","武威郡","張掖県","前漢","甘粛省張掖市甘州区","西安北西方、黄河西方の祁連山脈の山裾、内モンゴル自治区境界、黒河の岸辺","上古音：「張」t i̯aŋ／t ǐaŋ／t jaŋ／t iaŋ／t rjang
上古音：「掖」z i̯ăk／ʎ iak／d jăk／r iak／r ak","アイヌ語：張掖
＝「テュ・アゥ・ウン・テュ・アク(tu-aw-un-tu-ak)」＝「峰の・角、枝分かれ・にある・峰の・弟（のように小さいもの）」
or「テュ・アゥ・ウン・リ・アク(tu-aw-un-ri-ak)」＝「峰の・角、枝分かれ・にある・高い・弟（のように小さいもの）」","jomon2_bnum17.html"
"涼州","武威郡","休屠県","前漢","甘粛省武威市凉州区","西安北西方、黄河西方の祁連山脈の山裾、内モンゴル自治区境界","上古音：「休」x  -／h ǐu／x jŏɡ／x jəw／h jəgw
上古音：「屠」dʰ o／d a／dʰ ɑɡ／d aɣ／d ag","アイヌ語：休屠＝「シル・アク・テュ・アク(sir-ak-tu-ak)」＝「山の・弟（のように小さいもの）・峰の・弟」","jomon2_bnum17.html"
"涼州","武威郡","揟次県","前漢","甘粛省武威市古浪県","西安北西方、黄河西方の祁連山脈の山裾、内モンゴル自治区境界","上古音：「揟」- -／- -／s jaɡ／s jaɣ／s jag
上古音：「次」tsʰ i̯ər／tsʰ ǐei／tsʰ jed／tsʰ jier／tsh jidh","アイヌ語：揟次＝「シル・アク・テュ・アッ(sir-ak-tu-at)」＝「山の・弟の（ように小さい）・峰が・たくさんある（ところ）」","jomon2_bnum17.html"
"涼州","武威郡","鸞鳥県","前漢","甘粛省武威市","西安北西方、黄河西方の祁連山脈の山裾、内モンゴル自治区境界","上古音：「鸞」bl wɑn／l uan／l uɑn／l wan／bl an
上古音：「鳥」t -／t iu／t ioɡ／t eəw／t iəgwx","アイヌ語：鸞鳥＝「ル・アゥ・ウン・テュ・アク(ru-aw-un-tu-ak)」＝「消えかかった・角、枝分かれ・にある・峰の・弟（のように小さいもの）」","jomon2_bnum17.html"
"涼州","武威郡","倉松県","前漢","甘粛省武威市古浪県","西安北西方、黄河西方の祁連山脈の山裾、内モンゴル自治区境界","上古音：「倉」tsʰ ɑŋ／tsʰ aŋ／tsʰ ɑŋ／tsʰ aŋ／tsh ang
上古音：「松」dz i̯uŋ／z ǐwɔŋ／z juŋ／r jewŋ／sg jung","アイヌ語：倉松＝「テュ・アゥ・ウン・チゥ・ウン(tu-aw-un-ciw-un)」＝「峰の・角、枝分かれ・にある・水流、水脈・にある（ところ）」","jomon2_bnum17.html"
"涼州","武威郡","宣威県","前漢","甘粛省武威市民勤県","西安北西方、黄河西方の乾燥地帯の山裾、内モンゴル自治区境界、かつての岩の丘陵地帯","上古音：「宣」s i̯wan／s ǐwan／s juæn／s jiwan／skw jan
上古音：「威」ʔ i̯wər／0 ǐwəi／ʔ juə̆d／ʔ jiwər／·w jəd","アイヌ語：宣威＝「シル・アゥ・ウン・イ・ウ・アッ(sir-aw-un-i-u-at)」＝「山の・角、枝分かれ・にある・それが・互いに重なるように・たくさんある（ところ）」","jomon2_bnum17.html"
"涼州","武威郡","鶉陰県","後漢","甘粛省白銀市平川区","西安北西方、黄河東岸の乾燥地帯の山塊、谷、黄河支流","上古音：「鶉」ȡ i̯wən／ʑ ǐwən／ʑ juən／d jiwən／d jən
上古音：「陰」ʔ i̯əm／0 ǐəm／ʔ jəm／ʔ iəm／· jəm","アイヌ語：鶉陰＝「テュ・アゥ・ウン・イ・アム(tu-aw-un-i-am)」＝「峰の・角、枝分かれ・にある・その・爪（のように平べったく鋭いもの）」","jomon2_bnum17.html"
"涼州","武威郡","祖厲県","後漢","甘粛省白銀市会寧県郭城駅鎮周辺","西安北西方、黄河支流の乾燥した谷、山塊。","上古音：「祖」ts o／ts a／ts ɑɡ／ts aɣ／ts agx
上古音：「厲」l i̯ad／l ǐat／l jæd／l iar／l jadh","アイヌ語：祖厲＝「テュ・アク・リ・アッ(tu-ak-ri-at)」＝「峰の・弟（のように小さいもの）が・高く・たくさんある（ところ）」","jomon2_bnum17.html"
"涼州","張掖郡","觻得県","前漢","甘粛省張掖市甘州区","西安北西方、黄河西方の祁連山脈の山裾、内モンゴル自治区境界","上古音：l i̯ĕk／l ǐek／l i̯ĕk／l iek／r jɪk
上古音：「得」t ək／t ək／t ə̂k／t ək／t ək","アイヌ語：觻得＝「リ・アク・タク(ri-ak-tak)」＝「高い・弟の（ように小さい）・石」","jomon2_bnum17.html"
"涼州","張掖郡","昭武県","前漢","甘粛省張掖市臨沢県","西安北西方、黄河西方の祁連山脈の山裾、内モンゴル自治区境界","上古音：「昭」ȶ i̯oɡ／ȶ ǐau／ȶ jɔɡ／t jiaw／t jagw
上古音：「武」m i̯wo／m ǐwa／m juaɡ／m jwaɣ／m jagx","アイヌ語：昭武＝「テュ・アク・ムィ・アク(tu-ak-muy-ak)」＝「峰の・弟の（ように小さいもの）・頂の・弟」","jomon2_bnum17.html"
"涼州","張掖郡","刪丹県","前漢","甘粛省張掖市山丹県","西安北西方、黄河西方の祁連山脈の山裾、 内モンゴル自治区境界","上古音：「刪」- -／ʃ ean／s an／s ran／s ran
上古音：「丹」t ɑn／t an／t ɑn／t an／t an","アイヌ語：刪丹＝「サン・タ・アン(san-ta-an)」＝「平山、出崎の・方・にある（ところ）」","jomon2_bnum17.html"
"涼州","張掖郡","屋蘭県","前漢","甘粛省張掖市甘州区","西安北西方、黄河西方の祁連山脈の山裾、内モンゴル自治区境界","上古音：「屋」ʔ uk／0 ɔk／ʔ ûk／ʔ ewk／· uk
上古音：「蘭」ɡl ɑn／l an／l ɑn／l an／gl an","アイヌ語：屋蘭＝「アク・ル・アゥ・ウン(ak-ru-aw-un)」＝「弟の（ように小さい峰の）・消えかかった・角、枝分かれ・にある（ところ）」","jomon2_bnum17.html"
"涼州","張掖郡","氐池県","前漢","甘粛省張掖市民楽県","西安北西方、黄河西方の祁連山脈の山裾。内モンゴル自治区境界","上古音：「氐」- -／t ǐei／t jed／t ier／t rjid
上古音：「氐」t iər／t iei／t ied／t er／t id
上古音：「池」dʰ ia／d ǐai／dʰ ja／d ia／d rjar","アイヌ語：氐池＝「テュ・アッ・テュ・アゥ(tu-at-tu-aw)」＝「峰が・たくさんある・峰の・角、枝分かれ」","jomon2_bnum17.html"
"涼州","張掖郡","驪靬県","前漢","甘粛省張掖市永昌県","西安北西方、黄河西方の祁連山脈の山裾、内モンゴル自治区境界","上古音：「驪」l ieɡ／l ie／l ieɡ／l eɣ／l ig
上古音：「靬」- -／- -／k jăn／k jan／k jan
上古音：「靬」- -／- -／ kʰ ɑn／kʰ an／kh anh","アイヌ語：驪靬＝「リ・アク・ク・アゥ・ウン(ri-ak-ku-aw-un)」＝「高い・弟（のように小さい）・矢の（ように鋭い）・角、枝分かれ・にある（ところ）」
※アイヌ語「ク＝弓」。中国大陸、朝鮮半島では「ク＝矢」の可能性。サハリン、シベリアのニヴフ（ギリヤーク）語も「ク＝矢」。","jomon2_bnum17.html"
"涼州","張掖郡","居延県","前漢","内モンゴル自治区アルシャー盟エジン旗","西安北西方、祁連山脈北方の平原、内モンゴル自治区","上古音：「居」k i̯o／k ǐa／k jaɡ／k jaɣ／k jag
上古音：「延」d i̯an／ʎ ǐan／d jæn／r ian／r anh
第百七十八回　中国漢代の県名（上古音）が示す！東夷、南蛮の言語はアイヌ語だった！～涼州酒泉郡／敦煌郡～","アイヌ語：居延＝「キル・アク・テュ・アゥ・ウン(kir-ak-tu-aw-un)」＝「山脚の・弟（のように小さい）・峰の・角、枝分かれ・にある（ところ）」","jomon2_bnum17.html"
"涼州","酒泉郡","禄福県","前漢","甘粛省酒泉市粛州区","西安北西方、黄河西方の祁連山脈の山裾、内モンゴル自治区境界、古代は湧水で刻まれた台地の崖","上古音：「祿」l uk／l ɔk／l ûk／l ewk／l uk
上古音：「福」p i̯ŭk／p ǐwək／p juə̆k／p jwək／p jək","アイヌ語：禄福＝「ル・ク・ピル・アク(ru-ku-pir-ak)」＝「消えかかった・矢の（ように鋭い）・傷の（ように切り刻まれた）・弟（のように小さいもの）」
※アイヌ語「ク＝弓」。中国大陸、朝鮮半島では「ク＝矢」の可能性。サハリン、シベリアのニヴフ（ギリヤーク）語も「ク＝矢」。","jomon2_bnum17.html"
"涼州","酒泉郡","表氏県","前漢","甘粛省張掖市高台県","西安北西方、黄河西方の祁連山脈の山裾、内モンゴル自治区境界、オアシス","上古音：「表」p i̯oɡ／p ǐau／p jɔ̆ɡ／p iaw／p jagwx
上古音：「氏」ȡ i̯ĕɡ／ȶ ǐe／j jeɡ／d jieɣ／g rjigx","アイヌ語：表氏
＝「ピ・アク・テュ・アク(pi-ak-tu-ak)」＝「石の・弟（のように小さいもの）・峰の・弟」
or「ピ・アク・チゥ・アク(pi-ak-ciw-ak)」＝「石の・弟（のように小さいもの）・水流、水脈の・弟」","jomon2_bnum17.html"
"涼州","酒泉郡","楽涫県","前漢","甘粛省張掖市高台県","西安北西方、黄河西方の祁連山脈の山裾、内モンゴル自治区境界","上古音：「樂」ŋl ŏk／ŋ eauk／ŋ ɔk／ŋ rawk／ng rakw
上古音：「樂」ɡl ɔk／l auk／l ɔ̂k2／l awk／ngl akw
上古音：「涫」k wɑn／- -／k uɑn／k wan／kw anh","アイヌ語：楽涫
＝「キル・アク・ク・アゥ・ウン(kir-ak-ku-aw-un)」＝「山脚の・弟の（ように小さい）・矢の（ように鋭い）・角、枝分かれ・にある（ところ）」
or「ル・アク・ク・アゥ・ウン(ru-ak-ku-aw-un)」＝「消えかかった・弟の（ように小さい）・矢の（ように鋭い）・角、枝分かれ・にある（ところ）」
※アイヌ語「ク＝弓」。中国大陸、朝鮮半島では「ク＝矢」の可能性。サハリン、シベリアのニヴフ（ギリヤーク）語も「ク＝矢」。","jomon2_bnum17.html"
"涼州","酒泉郡","天䧇県","前漢","甘粛省酒泉市玉門市","西安北西方、黄河西方の祁連山脈の山裾、内モンゴル自治区境界","上古音：「天」tʰ ien／tʰ ien／tʰ ien／tʰ en／th in
上古音：「䧇」- -／- -／ʔ jə̆d／ʔ jər／· jəd","アイヌ語：天䧇＝「テュ・エ・エン・イ・アッ(tu-e-en-i-at)」＝「峰が・そこで・突き出ている・それが・たくさんある（ところ）」","jomon2_bnum17.html"
"涼州","酒泉郡","玉門県","前漢","甘粛省酒泉市玉門市","西安北西方、黄河西方の祁連山脈の山裾。内モンゴル自治区境界。","上古音：「玉」ŋ i̯uk／ŋ ǐwɔk／ŋ juk／ŋ jewk／ng juk
上古音：「門」m wən／m uən／m uə̂n／m wən／m ən","アイヌ語：玉門＝「キル・ク・ム・アゥ・ウン(kir-ku-mu-aw-un)」＝「山脚の・矢の（ように鋭い）・ふさがった・角、枝分かれ・にある（ところ）」
※アイヌ語「ク＝弓」。中国大陸、朝鮮半島では「ク＝矢」の可能性。サハリン、シベリアのニヴフ（ギリヤーク）語も「ク＝矢」。","jomon2_bnum17.html"
"涼州","敦煌郡","敦煌県","前漢","甘粛省酒泉市敦煌市","西安北西方、祁連山脈北西の山裾、新疆ウィグル自治区境界、オアシス都市","上古音：「敦」t wən／t uən／t uə̂n／t wən／t ənh
上古音：「敦」dʰ wɑn／d uən／- -／d wan／- -
上古音：「煌」ɡʰ wɑŋ／ɣ uaŋ／- -／ɡ waŋ／- -","アイヌ語：敦煌＝「テュ・アゥ・ウン・キル・アゥ・ウン(tu-aw-un-kir-aw-un)」＝「峰の・角、枝分かれ・にある（ところ）・山脚の・角、枝分かれ・にある（ところ）」","jomon2_bnum17.html"
"涼州","敦煌郡","冥安県","前漢","甘粛省酒泉市瓜州県","西安北西方、祁連山脈北西の山裾、新疆ウィグル自治区境界","上古音：「冥」m ieŋ／m ieŋ／m ieŋ／m eŋ／m ik, ing
上古音：「安」ʔ ɑn／0 an／ʔ ɑn／ʔ an／· an","アイヌ語：冥安＝「ムィ・エ・エン・アゥ・ウン(muy-e-en-aw-un)」＝「頂が・そこで・突き出ている・角、枝分かれ・にある（ところ）」","jomon2_bnum17.html"
"涼州","敦煌郡","淵泉県","前漢","甘粛省酒泉市瓜州県淵泉鎮","西安北西方、祁連山脈北西の山裾、新疆ウィグル自治区境界","上古音：「淵」ʔ iwen／0 iwen／ʔ iuen／ʔ wen／·w in
上古音：「泉」dzʰ i̯wan／d ǐwan／dzʰ juæn／dz jiwan／dz juan","アイヌ語：淵泉＝「イ・ウ・エン・テュ・アゥ・ウン(i-u-en-tu-aw-un)」＝「それが・互いに重なるように・突き出ている・峰の・角、枝分かれ・にある（ところ）」","jomon2_bnum17.html"
"涼州","敦煌郡","效穀県","前漢","甘粛省酒泉市瓜州県西部","西安北西方、祁連山脈北西の山裾、新疆ウィグル自治区境界","上古音：「效」ɡʰ ŏɡ／ɣ eau／ɣ ɔɡ／ɡ raw／g ragwh
上古音：「穀」k uk／k ɔk／k ûk／k ewk／k uk","アイヌ語：效穀＝「キル・アク・ク・ク(kir-ak-ku-ku)」＝「山脚の・弟の（ように小さい）・矢（のように鋭い峰）・矢」※山脚のたくさんの小さな鋭い峰。
※アイヌ語「ク＝弓」。中国大陸、朝鮮半島では「ク＝矢」の可能性。サハリン、シベリアのニヴフ（ギリヤーク）語も「ク＝矢」。","jomon2_bnum17.html"
"涼州","敦煌郡","龍勒県","前漢","甘粛省酒泉市敦煌市西南","西安北西方、祁連山脈北西の山裾、新疆ウィグル自治区境界、オアシス","上古音：「龍」l i̯uŋ／l ǐwɔŋ／l juŋ／l iewŋ／l jung
上古音：「勒」l ək／l ək／l ə̂k／l ək／l ək","アイヌ語：龍勒＝「レル・ウン・ラケ(rer-un-rake)」＝「山向こう、山陰の・低いところ」
※第一回～第三十一回「日本書紀のエラーコラム」／第三十二回～第九十二回「日出ずる国のエラーコラム」／第九十三回～「日没する国のエラーコラム」／第百九十七回～「日没する国のエラーコラム／第二百三回～「騎馬民族北方系渡来人のエラーコラム」／第五百七回～「継体の不審死と磐井の乱」／第五百三十五回～「三国史記朝鮮地名と倭人」","jomon2_bnum17.html"
